timestamp,it_load_kW,hvac_kW,ups_kW,total_consumption_kW,pue,temperature_C
2025-01-01 00:00:00,246.47848947759684,82.79288333016771,28.80176709362127,358.07313990138584,1.4527561437929544,20.86573093226547
2025-01-01 01:00:00,232.14132300992344,93.92951825286886,36.4314805609292,362.50232182372156,1.5615587829152913,18.459580231058872
2025-01-01 02:00:00,201.86245457733446,87.51057540550687,42.97531458897848,332.3483445718198,1.646409904544659,18.658901150038666
2025-01-01 03:00:00,209.82332919966728,75.51252838341621,34.27581561675791,319.61167319984145,1.5232418359719184,17.185598187021988
2025-01-01 04:00:00,213.07635840632756,79.43199131733788,37.43533617898128,329.94368590264673,1.5484762756901362,15.249972311164447
2025-01-01 05:00:00,223.09140749468816,88.4046144673122,41.67352993989093,353.1695519018913,1.5830710643138521,17.982101225476494
2025-01-01 06:00:00,275.6496253618227,98.04395051046248,38.86134024640349,412.55491611868865,1.4966641640711884,14.77243492310383
2025-01-01 07:00:00,249.89076146795287,88.59255377486303,36.35855583742089,374.84187108023684,1.5000229255306354,12.534330147383754
2025-01-01 08:00:00,271.453139358529,95.02176534996772,40.793603038396704,407.2685077468934,1.500327123529718,13.935566507819692
2025-01-01 09:00:00,291.7544379196755,90.145023881771,36.21606511432782,418.11552691577435,1.433107684315287,14.308130954413196
2025-01-01 10:00:00,341.9418660836498,128.0690858930738,48.64269561860626,518.6536475953299,1.5167889604616323,11.894852355595576
2025-01-01 11:00:00,337.5686063131866,128.96572159303145,49.96154499085602,516.495872897074,1.530047117052952,12.992280926189778
2025-01-01 12:00:00,362.05131538840385,133.76932257459194,41.268586558387824,537.0892245213836,1.483461602522287,16.455783007805508
2025-01-01 13:00:00,393.7924977291884,144.36694855231775,49.877086827291315,588.0365331087976,1.4932649466399712,18.27785131679416
2025-01-01 14:00:00,400.638615482475,140.79883076341363,45.499274484676064,586.9367207305647,1.4650028680429055,17.765082229505374
2025-01-01 15:00:00,372.45837506788484,135.92507477440304,52.55736262053759,560.9408124628254,1.5060496689343807,20.019382343815543
2025-01-01 16:00:00,419.60224109185054,148.98069937919584,33.11699566092129,601.6999361319677,1.4339769362677357,20.164831297068265
2025-01-01 17:00:00,382.93669713207834,152.6602670518307,47.650034546100414,583.2469987300094,1.5230898555769448,22.273125191700792
2025-01-01 18:00:00,380.7545831908563,143.5740245043335,56.886244131141865,581.2148518263317,1.5264815644648277,23.067640884150286
2025-01-01 19:00:00,350.95789431812904,129.207524316482,48.91141359437273,529.0768322289837,1.5075222435355653,21.605725790682417
2025-01-01 20:00:00,354.17773923959845,129.327583790481,39.78836777715202,523.2936908072315,1.4774889351620923,21.4482474784232
2025-01-01 21:00:00,293.7446922147735,106.21270471731371,31.442163521007622,431.39956045309486,1.4686207849422994,22.73000776295103
2025-01-01 22:00:00,265.50793387193454,85.96729473288721,48.556743274045104,400.03197187886684,1.5066667351334926,19.752637127521474
2025-01-01 23:00:00,262.436657609471,115.1663193901416,35.40336475609654,413.0063417557092,1.5737372420368925,22.716182642984734
2025-01-02 00:00:00,261.3968852841279,82.1083506641277,31.837713429563923,375.34294937781954,1.4359120957766458,21.260041757412125
2025-01-02 01:00:00,221.90111972373563,96.37096822304835,53.9400480582222,372.2121360050062,1.6773783587410738,19.418123208242477
2025-01-02 02:00:00,229.48064958450954,89.18233131178559,27.65828229821891,346.3212631945141,1.509152356948407,18.802317662539014
2025-01-02 03:00:00,238.31771050590734,87.71811291560253,50.649022370765735,376.6848457922756,1.580599465279516,19.68084568976891
2025-01-02 04:00:00,187.79691079013747,64.70442424950623,36.345237561207476,288.8465726008512,1.538079467790801,17.283487791393735
2025-01-02 05:00:00,247.19065816315378,81.0211820289964,43.03493222220077,371.24677241435097,1.50186408812147,15.278161782151976
2025-01-02 06:00:00,257.2034924999354,105.55247325324507,41.29866790997618,404.05463366315666,1.570953138061522,12.918170253248222
2025-01-02 07:00:00,246.5001053944877,83.01468759406454,36.74351025506318,366.25830324361544,1.485834266307806,15.857744945519443
2025-01-02 08:00:00,276.0696621718499,97.28121391453035,36.770092790087006,410.12096887646726,1.4855705826204548,13.1642688477399
2025-01-02 09:00:00,291.8671909587245,93.8962066034573,38.905449020421905,424.6688465826037,1.4550071393350266,14.716805941231826
2025-01-02 10:00:00,338.54258396519316,122.73720805947276,40.88622975973885,502.1660217844048,1.4833171529051552,13.104579269095867
2025-01-02 11:00:00,334.17488482874484,115.89536746168882,38.087103161206784,488.15735545164046,1.4607840912455383,14.375905269125575
2025-01-02 12:00:00,375.6680482063156,126.7043177386241,52.0637723591104,554.4361383040501,1.4758671677064101,14.796249898712917
2025-01-02 13:00:00,403.4198905622262,151.81367825314106,49.9125741387771,605.1461429541445,1.5000404221784465,14.376769242985674
2025-01-02 14:00:00,355.7445089726907,110.05154728885387,44.17917651403573,509.97523277558025,1.43354351202292,17.136966780382316
2025-01-02 15:00:00,398.20528740007103,165.6926129449117,30.584915454973412,594.4828157999561,1.4929053797386873,20.287291198976856
2025-01-02 16:00:00,386.028367911108,151.60864127625146,40.63951137189851,578.276520559258,1.498015608771062,19.984940234606512
2025-01-02 17:00:00,369.4500396469182,126.76638701416769,26.71906982322019,522.935496484306,1.4154430650056857,20.9044161348323
2025-01-02 18:00:00,372.0693190117724,150.18097798038255,38.468784124109895,560.7190811162649,1.507028535987735,22.587295428907897
2025-01-02 19:00:00,343.10727882527755,140.81880296573343,29.545254156958602,513.4713359479696,1.496532914445827,21.956101617901872
2025-01-02 20:00:00,295.7307836034793,144.77951412229396,48.433258469449484,488.94355619522275,1.6533400758536057,24.03649766219921
2025-01-02 21:00:00,289.49344043511394,110.05982483617386,44.181989799333515,443.7352550706213,1.5327989967706317,19.9114401570127
2025-01-02 22:00:00,276.6120927208618,104.95126107564238,43.89883402812845,425.4621878246327,1.5381185386351863,23.502075672120593
2025-01-02 23:00:00,241.77578784053105,93.45876366150247,39.54316954056296,374.77772104259645,1.5501044351462934,19.671674532036878
2025-01-03 00:00:00,212.39816874118796,65.81698770184143,42.492759520024784,320.7079159630542,1.5099372930745185,19.520749999231363
2025-01-03 01:00:00,266.8952242841401,100.9913165284065,47.839738820149414,415.72627963269605,1.5576385105718806,20.845982599986257
2025-01-03 02:00:00,239.46735148793218,99.89174171915658,33.11136444014748,372.4704576472363,1.5554122736685745,19.25604638355824
2025-01-03 03:00:00,233.71950154508673,82.52240744306766,40.197591630494536,356.4395006186489,1.525073852469638,21.061058471884277
2025-01-03 04:00:00,215.30177380577553,101.00051131181465,38.522423501049836,354.82470861864,1.6480343024889734,17.713347401742688
2025-01-03 05:00:00,184.90177685073746,63.0478094813218,39.828552749274635,287.7781390813339,1.5563838486724966,15.897976402644556
2025-01-03 06:00:00,231.40952819125857,91.08247766501778,33.223314103860616,355.715319960137,1.5371679927809214,16.048780260922886
2025-01-03 07:00:00,264.85701903157417,70.89564912322598,38.87788274957771,374.63055090437786,1.4144633669675084,15.975977179379818
2025-01-03 08:00:00,268.7165198576124,105.28712475271091,33.7882091268943,407.7918537372176,1.5175540899134095,14.83141549845056
2025-01-03 09:00:00,289.5418820328138,105.7017309234527,47.739247338407104,442.9828602946736,1.5299439831798507,14.095091110953405
2025-01-03 10:00:00,329.7279401102015,107.67967159586765,53.058670923317614,490.46628262938674,1.4874877830051751,13.50612123260924
2025-01-03 11:00:00,383.6851377734047,123.66110732554631,41.88743202626547,549.2336771252164,1.4314697731387782,14.955047813686651
2025-01-03 12:00:00,369.66530688473705,143.87317159878134,37.25554786132135,550.7940263448397,1.4899803040391324,16.78108209249561
2025-01-03 13:00:00,380.82996610516307,129.59046114794435,46.27810709528285,556.6985343483902,1.461803387065036,13.553951333772728
2025-01-03 14:00:00,374.57420113558635,132.8284457183692,44.162638572211364,551.565285426167,1.472512745816454,16.704721760313085
2025-01-03 15:00:00,418.4553915962223,139.86537511482047,46.01910931327838,604.3398760243211,1.4442157710503662,17.323829996497725
2025-01-03 16:00:00,394.3548403018242,151.5410284949177,42.25757614909096,588.1534449458328,1.4914320425119736,20.318730790455202
2025-01-03 17:00:00,378.7918036203585,165.10941630697354,51.87763831582476,595.7788582431568,1.5728398886906014,21.118927946403144
2025-01-03 18:00:00,359.9888863858066,148.30181170960194,48.35059054082757,556.6412886362361,1.5462735370104554,20.41628868509437
2025-01-03 19:00:00,336.6147264598726,113.99216751181547,45.59022971563984,496.1971236873279,1.474080260557106,21.183722222181387
2025-01-03 20:00:00,329.8969092168025,155.47572464827735,46.86545502479403,532.2380888898739,1.6133466971650112,23.093736407215932
2025-01-03 21:00:00,339.84943966958787,134.25257429963844,40.943307918497815,515.0453218877241,1.515510287109689,17.56969463187391
2025-01-03 22:00:00,280.8552220097051,107.33530423402979,37.218070222132326,425.4085964658672,1.5146900008544866,21.952191764809093
2025-01-03 23:00:00,267.8845533751082,117.29154258084267,33.30122152948388,418.4773174854348,1.5621554591819165,22.842440857354475
2025-01-04 00:00:00,183.30922246404413,65.08122840981629,24.252832959413304,272.6432838332737,1.4873407904326927,17.68897571090032
2025-01-04 01:00:00,191.0234088317479,77.81737688166959,36.11981502058164,304.9606007339992,1.5964566992027995,21.63297803602837
2025-01-04 02:00:00,152.21823317267769,50.825289746956294,37.09190369342821,240.13542661306218,1.5775733406434331,18.17539771793441
2025-01-04 03:00:00,201.7596779818864,54.01373343364149,36.822865392752725,292.5962768082806,1.4502217674760036,18.49874433144278
2025-01-04 04:00:00,168.76388310330813,72.08368796621583,24.988192118529184,265.83576318805314,1.5751934495683704,16.846995579580234
2025-01-04 05:00:00,194.8947854276165,69.89460154853693,32.383906565683255,297.1732935418367,1.5247883256076453,14.05661990923964
2025-01-04 06:00:00,199.9848971800744,80.75147518702212,39.392936423944455,320.12930879104096,1.600767424465977,14.645314462335335
2025-01-04 07:00:00,238.81480368872118,63.887645617097874,36.15487437401831,338.8573236798374,1.418912556700274,12.983306708038494
2025-01-04 08:00:00,241.51864713207706,91.16659641328214,39.31469510085769,371.9999386462169,1.5402534879337277,14.425872393490486
2025-01-04 09:00:00,261.4060115737796,104.56257432223322,37.91229739638967,403.8808832924025,1.5450328814584684,13.694398669234435
2025-01-04 10:00:00,240.0223757533715,92.06695973572094,41.69108834158239,373.7804238306748,1.5572732444526036,15.008514156002043
2025-01-04 11:00:00,266.80984066809776,94.38098548323224,42.116275634184966,403.30710178551493,1.5115900552079526,15.894120857052544
2025-01-04 12:00:00,281.48087230452825,109.65585222444734,36.81117028703514,427.9478948160107,1.5203444955685048,17.217186403317477
2025-01-04 13:00:00,294.23069123447124,100.34789938211775,30.792373094935932,425.37096371152495,1.44570561937928,15.51211423805832
2025-01-04 14:00:00,303.49328165064696,97.20153339837233,20.291364075979963,420.9861791249993,1.3871350852820497,16.464983758374434
2025-01-04 15:00:00,337.49873464858547,116.65088587754028,31.583524653761607,485.7331451798874,1.4392147149400378,16.095667150944777
2025-01-04 16:00:00,317.4636003133227,103.93460362717425,41.659541616628644,463.0577455571256,1.458616814967473,18.417638745201863
2025-01-04 17:00:00,311.2469229896429,106.64348463955325,40.849967152997465,458.7403747821936,1.4738792286709892,20.980320793660947
2025-01-04 18:00:00,282.49983461683337,99.03527619387825,33.634482448134115,415.16959325884574,1.4696277391523362,21.70230162136075
2025-01-04 19:00:00,266.86911576855255,96.33966287656958,44.64299383430442,407.8517724794266,1.5282838979132527,22.03753694244788
2025-01-04 20:00:00,241.3891984991518,97.96956994473575,23.428743345815622,362.7875117897032,1.5029152673166442,20.510334041722235
2025-01-04 21:00:00,265.9268348968478,105.26350130082382,33.22943738025509,404.4197735779267,1.5207933931707187,21.435306606019388
2025-01-04 22:00:00,229.45801028235667,77.32805864969669,33.16499937891006,339.9510683109634,1.4815393365114642,18.71475519072806
2025-01-04 23:00:00,222.52150652819375,108.78022624263922,41.6708985478718,372.97263131870477,1.6761194777883128,21.938559318300417
2025-01-05 00:00:00,198.4521057725763,68.71611926394377,34.32917790151939,301.4974029380395,1.5192451688245217,21.686732068244645
2025-01-05 01:00:00,165.96658821365534,80.38656594103573,41.493031465677916,287.846185620369,1.734362251574475,20.91516954169347
2025-01-05 02:00:00,173.74627188219708,61.9096706361614,46.26204399109168,281.91798650945015,1.6225843781016225,18.937513570885795
2025-01-05 03:00:00,133.69346333497012,53.17511573565612,33.335494886535415,220.20407395716165,1.6470818278186006,20.32386195609367
2025-01-05 04:00:00,187.69478382205867,75.41490537580327,32.28191854470733,295.39160774256925,1.573786983993178,17.204703996295404
2025-01-05 05:00:00,182.81956457634502,64.05557901005334,28.83252133485254,275.70766492125085,1.5080862136399849,16.474875539915192
2025-01-05 06:00:00,197.96834132987047,73.04012207886481,29.263147596052576,300.27161100478787,1.5167658070360432,16.559123980446856
2025-01-05 07:00:00,211.14688762330888,77.63356725994097,40.07016173538336,328.8506166186332,1.5574495097711816,15.213741251592356
2025-01-05 08:00:00,238.01433537998102,90.29944169660877,34.919559405388846,363.2333364819786,1.5260985683996307,16.854799417771858
2025-01-05 09:00:00,241.84728168622118,96.89555966300566,36.37388595358469,375.11672730281157,1.5510479368939014,14.734624507253312
2025-01-05 10:00:00,265.71867511214793,93.35557967964836,42.86858820452737,401.9428429963237,1.5126631307591822,12.569688022212842
2025-01-05 11:00:00,270.57530593006067,98.93954277272063,37.76027185585711,407.27512055863843,1.5052191077034667,13.422364081411292
2025-01-05 12:00:00,293.74996110792745,109.85417286157221,44.288910889707566,447.89304485920724,1.5247424822454552,16.62165679709014
2025-01-05 13:00:00,315.7277967495471,104.51645189250702,38.738291874616415,458.98254051667055,1.4537286398028524,16.240960867938117
2025-01-05 14:00:00,333.7179122509351,124.63337452186435,43.523440221380305,501.8747269941798,1.5038890888685688,14.298417976501026
2025-01-05 15:00:00,313.0382310240845,112.19597174239247,41.5766666236612,466.8108693901382,1.4912263842758002,16.44737554898476
2025-01-05 16:00:00,291.89416349653317,108.04216688295632,38.96284624788022,438.89917662736974,1.5036243663453126,17.20108098395711
2025-01-05 17:00:00,276.07508060946464,108.64780325301007,33.72440987308098,418.44729373555566,1.5157010651297809,20.793814462709236
2025-01-05 18:00:00,293.31147472826547,128.48157640493588,38.13310879734959,459.92615993055097,1.5680469383499007,21.172850353921135
2025-01-05 19:00:00,269.4782965362678,102.43104981000221,34.65932448484515,406.5686708311152,1.508725103494177,22.892111887972973
2025-01-05 20:00:00,275.64895043003025,108.7951325168655,36.06734844065248,420.5114313875482,1.5255324960661851,20.53382764462532
2025-01-05 21:00:00,275.3523287269821,113.41444394598496,43.50134769877747,432.2681203717445,1.5698727603656764,20.517494559870954
2025-01-05 22:00:00,212.6379341252173,82.0174738833602,32.38404567409755,327.03945368267506,1.5380108682305458,22.022502170167243
2025-01-05 23:00:00,232.80703320787322,106.65046606395622,34.15177958536689,373.60927885719633,1.6048023709129136,22.707783611785366
2025-01-06 00:00:00,258.42907259867445,88.37753987337078,47.01491936582899,393.8215318378742,1.5239056808807905,19.24553372698548
2025-01-06 01:00:00,204.6302117847785,73.9968091475605,40.975009641719716,319.60203057405874,1.5618516336688484,19.432942763147473
2025-01-06 02:00:00,204.98434980668472,60.607867413761085,39.11597129218107,304.7081885126269,1.4864948899756938,18.10155508328438
2025-01-06 03:00:00,223.16082802861436,92.53250776291945,43.568973747014745,359.26230953854855,1.609880697756162,15.305751248862528
2025-01-06 04:00:00,198.49604289446052,64.34154704210265,37.814788510870365,300.65237844743353,1.514651748535305,16.068624619570123
2025-01-06 05:00:00,203.95297950031875,60.9802737092699,29.581148462304842,294.5144016718935,1.4440308859103146,15.626270605589879
2025-01-06 06:00:00,250.6912083198408,99.63075688666994,44.335617044511295,394.65758225102206,1.5742777135905932,13.00977830946627
2025-01-06 07:00:00,244.5103182469948,98.95072623133998,33.59145275296701,377.0524972313018,1.542071925367248,16.186803050643114
2025-01-06 08:00:00,265.2860373491408,98.49244736393699,44.263696348200014,408.04218106127786,1.538121588073845,15.529659713944078
2025-01-06 09:00:00,312.24747027553144,125.6842967011847,33.28864356325894,471.2204105399751,1.5091248301360576,12.806075863305969
2025-01-06 10:00:00,325.91370833490026,94.70444776466427,52.93460848773453,473.55276458729907,1.4530004491271316,15.16609444244915
2025-01-06 11:00:00,350.19235053307295,115.90565485958446,47.73854821522033,513.8365536078777,1.4672980515585243,15.538640814919951
2025-01-06 12:00:00,390.8881267438983,142.66762450207017,45.7286763870086,579.284427632977,1.4819698732177455,15.050026473463948
2025-01-06 13:00:00,402.97698036880263,146.37807042139022,46.45332350124761,595.8083742914405,1.4785171444437335,16.20471275703342
2025-01-06 14:00:00,357.56579319851403,137.91863932930914,34.82330102485304,530.3077335526762,1.483105329536539,18.142882258513833
2025-01-06 15:00:00,408.67303462008806,143.57704499444807,48.008848927026136,600.2589285415623,1.4687999395398743,20.494503197448147
2025-01-06 16:00:00,389.0422808080933,138.22990144991473,42.47872837018881,569.750910628197,1.4644961196627457,18.284964133101234
2025-01-06 17:00:00,385.8964846744455,159.3597689901021,43.121041542496144,588.3772952070437,1.5247023970778524,21.636276208475465
2025-01-06 18:00:00,380.68518242813445,148.23951299038325,47.53882373035377,576.4635191488715,1.514278847083038,22.576699704725737
2025-01-06 19:00:00,379.9876871755726,120.46427477779584,48.26727614132762,548.719238094696,1.444044785170003,21.144145092847232
2025-01-06 20:00:00,340.0579004128819,121.25918386780232,60.42047050140645,521.7375547820907,1.5342609424707443,20.37995914903449
2025-01-06 21:00:00,300.1482634424725,122.38582997481915,43.81919124427098,466.35328466156267,1.5537430712170208,22.94832397161003
2025-01-06 22:00:00,286.8355724655308,114.30854100617438,41.876217015521156,443.0203304872263,1.5445097226930051,21.343749797622767
2025-01-06 23:00:00,229.6227637485955,78.82412122166535,33.49486226788245,341.9417472381433,1.489145682492182,20.166537345125825
2025-01-07 00:00:00,248.2013430947334,79.76437048111026,41.284728977630216,369.2504425534739,1.4877052555373904,20.3531040618448
2025-01-07 01:00:00,228.0650461480688,85.71749303458877,38.097103087821154,351.8796422704787,1.5428915926118052,18.441974795696428
2025-01-07 02:00:00,193.48053117682278,80.93508925439377,35.40355278056481,309.8191732117814,1.6012937907878502,20.874814373390276
2025-01-07 03:00:00,186.3331399901934,57.86921464707444,41.986020639844135,286.18837527711196,1.535896273159857,14.984368096079763
2025-01-07 04:00:00,190.6717251642847,78.21563499338151,21.003542390628542,289.8909025482947,1.5203664953391582,14.482587345046579
2025-01-07 05:00:00,208.60381630054437,71.68000468278396,24.826610230317492,305.1104312136458,1.4626311091742459,16.32602048593826
2025-01-07 06:00:00,247.79482847197207,89.82798427681624,44.242022911466115,381.8648356602544,1.5410524828747463,15.658969948740571
2025-01-07 07:00:00,253.13786104845389,93.49631890205731,40.114537572614395,386.7487175231256,1.5278185409376468,12.249116555414384
2025-01-07 08:00:00,265.5353822664378,88.29397428330293,24.013877328579518,377.84323387832023,1.4229487259034763,12.318000280163435
2025-01-07 09:00:00,296.13401384230207,104.79773599882714,37.30410545717904,438.23585529830825,1.4798565339126446,13.693803949490754
2025-01-07 10:00:00,346.92524856970726,116.20868161482902,29.754366852040015,492.88829703657626,1.4207334262024485,15.1754354090761
2025-01-07 11:00:00,340.61555339645685,115.5180897284226,36.85639797842974,492.9900411033092,1.4473503519949285,13.58239382037212
2025-01-07 12:00:00,349.94742771213674,122.83703216982278,31.70592564288696,504.49038552484643,1.4416176418928708,15.32572888695115
2025-01-07 13:00:00,418.1791262068069,147.27932612283882,48.757686661475546,614.2161389911213,1.4687871787444644,13.49258394294981
2025-01-07 14:00:00,372.79008823937835,115.17888739586778,34.78545069009424,522.7544263253403,1.4022755508179334,14.594944755478654
2025-01-07 15:00:00,399.5481790603503,140.99608364614605,49.52045772201123,590.0647204285076,1.4768299578193809,18.484311407028915
2025-01-07 16:00:00,403.69424783269153,142.76197650590126,41.164988914302825,587.6212132528957,1.4556095768211974,21.72971710798749
2025-01-07 17:00:00,381.54578501885595,160.83621671363022,44.57203943214782,586.954041164634,1.538358079714147,23.4147727509068
2025-01-07 18:00:00,360.47891492232037,117.23067717722122,39.726187446746565,517.4357795462881,1.4354120535948418,19.041491630862236
2025-01-07 19:00:00,368.72210083894356,142.80344360120804,37.97031726012915,549.4958617002808,1.4902710210481755,21.62658265852418
2025-01-07 20:00:00,326.4512060416925,120.30585738912089,33.98679566302026,480.74385909383363,1.4726361863476642,21.877415387597647
2025-01-07 21:00:00,312.3107298741019,104.38168853226065,39.261083356475396,455.95350176283796,1.4599354365655033,21.920671456811622
2025-01-07 22:00:00,276.78857687842213,103.26386353652448,34.649026824212505,414.7014672391591,1.4982607733169366,22.54317327135301
2025-01-07 23:00:00,285.51203392369325,119.64343264400114,42.02937346011239,447.18484002780673,1.5662556631407087,21.418035064381737
2025-01-08 00:00:00,221.2272408364061,71.27555932212084,45.92681830291635,338.4296184614433,1.5297827572315401,21.216464430748776
2025-01-08 01:00:00,200.80183981954582,59.972965562767854,30.229262054481225,291.0040674367949,1.4492101650976452,18.022292578718876
2025-01-08 02:00:00,198.6878148581094,58.139545844395236,45.901962195629324,302.72932289813394,1.5236431238338626,16.057339311974495
2025-01-08 03:00:00,208.71579675149968,56.91106624690049,38.645569263785234,304.27243226218536,1.4578313524800277,17.34436249163182
2025-01-08 04:00:00,209.45934360926825,74.6460373044056,36.68282284848904,320.7882037621629,1.5315058198624494,18.337841758580463
2025-01-08 05:00:00,225.24964891424762,88.00025856232186,33.61287985595412,346.8627873325236,1.539903786773821,16.527621145093182
2025-01-08 06:00:00,225.6806907081712,83.25677531993318,41.37125980731978,350.3087258354242,1.552231716130336,12.551580732090114
2025-01-08 07:00:00,264.3913588715577,111.21593059701983,33.56795517201429,409.17524464059187,1.5476120187398814,13.452464878524
2025-01-08 08:00:00,252.69948530381643,98.47278217844168,31.67959326972329,382.8518607519814,1.5150480432980895,9.203127430550845
2025-01-08 09:00:00,278.7377372412586,92.67294772393845,36.595934223675414,408.0066191888725,1.4637652699165256,16.58587044623839
2025-01-08 10:00:00,319.33848759009805,102.83003018276558,48.2766859115919,470.4452036844556,1.4731866717184359,12.320596794673694
2025-01-08 11:00:00,333.2298252175618,122.71470015372748,47.51796451794344,503.4624898892327,1.5108566274358184,12.470471193071308
2025-01-08 12:00:00,349.9201663838973,126.85025485402757,33.76404804562801,510.5344692835529,1.4590027049868446,17.067665267217333
2025-01-08 13:00:00,368.2287326259029,124.60141395667608,47.87435176510249,540.7044983476815,1.468393013472425,12.501844899497092
2025-01-08 14:00:00,374.75264500356576,118.97295987054989,49.20886170810201,542.9344665822177,1.4487808793905956,16.401341053444682
2025-01-08 15:00:00,395.4783399772592,143.755669584478,42.612501313419266,581.8465108751565,1.4712474794665462,17.255606988499384
2025-01-08 16:00:00,400.22060405100603,135.24643636346138,42.57286102407561,578.039901438543,1.444303205751183,18.432738802732985
2025-01-08 17:00:00,400.7294506064982,142.431102922544,50.94876176649438,594.1093152955366,1.4825696349403839,20.373652562818975
2025-01-08 18:00:00,367.0716737084431,126.01366584918901,47.01831218400707,540.1036517416392,1.471384719733595,18.190086662020178
2025-01-08 19:00:00,333.3124020009812,108.83626624060857,39.192102599845214,481.34077084143496,1.4441129941514088,20.250298645500273
2025-01-08 20:00:00,304.8028498099991,119.11972298992798,33.081064341202826,457.0036371411299,1.4993417463977328,23.417392456336117
2025-01-08 21:00:00,281.4902764521266,101.31957494887516,38.196713805879284,421.0065652068811,1.4956344869641784,22.316572538389877
2025-01-08 22:00:00,249.33390738461924,88.7827960402281,31.704734213256916,369.82143763810427,1.483237645121498,21.291537502804292
2025-01-08 23:00:00,266.2038247321468,96.11839040440228,46.70296808407667,409.02518322062576,1.5365112940514105,17.7208281181953
2025-01-09 00:00:00,267.4721646238549,88.73277328204952,46.74399915318512,402.9489370590896,1.5065079299962116,19.841156999014643
2025-01-09 01:00:00,220.96258872283252,73.84244199687855,40.03258502483406,334.83761574454513,1.5153588563562375,17.20294910560228
2025-01-09 02:00:00,218.10030477468607,77.33766666140974,35.77234556960037,331.2103170056962,1.5186146454396807,18.415899805060587
2025-01-09 03:00:00,171.40158359563992,57.65230286192264,41.08456055569998,270.1384470132625,1.5760557244941011,20.882786425667103
2025-01-09 04:00:00,212.48564813471276,82.01028188429626,33.501707781303686,327.99763780031276,1.543622549003249,16.547300488100774
2025-01-09 05:00:00,211.35753836116646,66.55656638693192,25.915006321784816,303.8291110698832,1.4375125364618029,12.361411522877487
2025-01-09 06:00:00,238.05254377629404,87.97858504874098,31.946909605849253,357.9780384308843,1.5037774129701729,13.482638713217082
2025-01-09 07:00:00,241.20656894454643,74.41608815741314,38.81884597172283,354.44150307368244,1.4694521157720577,13.60505597390393
2025-01-09 08:00:00,264.1886390360301,95.81564903388603,43.44716861621106,403.4514566861272,1.5271340136284377,16.41655031775004
2025-01-09 09:00:00,285.26870504784756,86.73064859110306,39.18638899469869,411.18574263364934,1.441398006012198,10.848910052657077
2025-01-09 10:00:00,312.4412126079918,102.10762006147542,39.10489447606838,453.65372714553564,1.4519650700329276,12.00503483035843
2025-01-09 11:00:00,381.52764584955224,128.71390861214425,46.835281672450655,557.0768361341471,1.4601218081947833,15.409351914037138
2025-01-09 12:00:00,376.2726149907117,119.96754986784802,41.19281046074936,537.4329753193091,1.428307439627451,12.068541941605371
2025-01-09 13:00:00,352.827326896897,110.87187502703655,41.84239479378074,505.54159671771424,1.4328300507898113,10.180498344437709
2025-01-09 14:00:00,383.45509776782325,149.6670274432032,47.23171875671203,580.3538439677385,1.513485796240828,16.897789123814686
2025-01-09 15:00:00,384.12710117718177,131.5487981124784,45.83327087439414,561.5091701640542,1.4617796256584705,16.76874603089666
2025-01-09 16:00:00,424.01455010235395,148.08059064558236,42.10396996848418,614.1991107164205,1.4485331000272452,18.521462552552126
2025-01-09 17:00:00,346.5645626172016,134.73282416688568,49.49723607292309,530.7946228570104,1.5315894355976043,19.539582036583763
2025-01-09 18:00:00,375.498283194902,140.30811143191548,43.99501350312663,559.8014081299441,1.4908228164637967,20.59688034040546
2025-01-09 19:00:00,360.2597316037899,143.00783146954316,42.145783573640955,545.413346646974,1.5139447981569427,20.45521945053331
2025-01-09 20:00:00,361.974163084938,135.12223174898637,52.851276866664634,549.947671700589,1.5193008998588184,22.216098483766622
2025-01-09 21:00:00,330.9330256682468,129.74286766185784,42.987719211480425,503.66361254158505,1.5219502844255168,20.740729715895636
2025-01-09 22:00:00,274.46706720279684,113.733595702923,36.437578625285795,424.63824153100563,1.5471373154479444,23.138022126759473
2025-01-09 23:00:00,227.178157483444,89.10440853974963,39.323746425296015,355.60631244848963,1.565319115128421,20.31111630852251
2025-01-10 00:00:00,219.14311874768174,77.04528621190622,33.654685115157044,329.843090074745,1.5051492009407863,19.311885044082587
2025-01-10 01:00:00,210.62918829525006,80.9350763698701,29.466311506675147,321.0305761717953,1.5241504692207701,20.075215029407822
2025-01-10 02:00:00,210.01708893960512,77.04856955881043,42.053970540381314,329.11962903879686,1.5671088038623477,18.99190103961184
2025-01-10 03:00:00,198.5758318601274,69.47327074393897,30.88442544512659,298.93352804919294,1.5053872631376177,17.3595920165445
2025-01-10 04:00:00,189.72403317252443,90.50231482424695,41.24217262652848,321.46852062329987,1.6944006262557911,16.753927725381452
2025-01-10 05:00:00,233.79337543284777,98.31284062157143,43.237069578635946,375.34328563305513,1.605448764055612,14.4771307750399
2025-01-10 06:00:00,239.35013598170275,76.04891294555938,34.065824848075366,349.4648737753375,1.4600571348831508,13.4416413201659
2025-01-10 07:00:00,248.54681840203608,87.92274637067894,41.5031245895234,377.9726893622384,1.520730346871107,12.209905451340314
2025-01-10 08:00:00,268.6196799025122,102.32075474017162,33.25167726580064,404.1921119084845,1.5047002961777574,12.57299338762588
2025-01-10 09:00:00,289.2380082326759,88.42431744801586,38.076967485194295,415.73929316588607,1.4373605174028405,13.34250837580716
2025-01-10 10:00:00,305.5329720819752,108.63606515843095,34.05977936585527,448.2288166062614,1.4670391007292025,13.639013954149808
2025-01-10 11:00:00,390.6612697883272,132.113172216256,63.38101087536373,586.1554528799469,1.5004186445140688,15.253797721921273
2025-01-10 12:00:00,358.17699731486226,129.080620537787,42.569272458373035,529.8268903110223,1.4792320396981495,15.075225905660249
2025-01-10 13:00:00,367.78905134295997,128.42074033398845,32.20741096196972,528.4172026389181,1.436739893994761,15.361570326310336
2025-01-10 14:00:00,414.5339325045467,144.7723265317457,40.409585448599394,599.7158444848918,1.446723168985241,17.69574021208404
2025-01-10 15:00:00,384.1948446415855,105.9894058324847,38.56902181233585,528.7532722864061,1.3762633196696816,17.622926414509568
2025-01-10 16:00:00,393.0972686336319,144.07045929130956,42.67103139938771,579.8387593243292,1.475051610864132,18.71668590811789
2025-01-10 17:00:00,360.5546413847111,132.4135920348452,38.22184524559459,531.190078665151,1.473258190839297,17.554226737827086
2025-01-10 18:00:00,357.0879008894692,127.84568105857186,46.21182660760444,531.1454085556455,1.487436026907148,19.27524707501556
2025-01-10 19:00:00,313.02998082706546,90.00520690243377,39.90087234624078,442.93606007574,1.414995646440785,19.504553587723358
2025-01-10 20:00:00,332.55868692146925,132.42851473453499,40.28833323266771,505.2755348886719,1.519357499171231,21.86803002449554
2025-01-10 21:00:00,337.639953797139,123.16872707075134,43.48123163585297,504.2899125037433,1.4935729816108523,21.742638092648885
2025-01-10 22:00:00,282.1632869749763,92.8517286235904,41.778694175997416,416.79370977456415,1.4771365695478575,21.64261202593129
2025-01-10 23:00:00,262.3409461473198,97.78166990412379,49.719983284100316,409.8425993355439,1.562251739022826,21.967987336194735
2025-01-11 00:00:00,215.8466099554486,104.43472058341693,37.61679221646096,357.8981227553265,1.6581132445360052,21.25329427537418
2025-01-11 01:00:00,203.92726973272147,60.519185349411856,41.809809173877724,306.25626425601104,1.501791617459537,19.55398904866821
2025-01-11 02:00:00,159.88655011967157,68.02610230908786,36.78077442367361,264.69342685243305,1.6555077750712355,17.396582930251228
2025-01-11 03:00:00,159.54317641214578,51.74801342086108,27.04168068958145,238.3328705225883,1.4938455901548942,18.40489961143376
2025-01-11 04:00:00,169.6665910933389,58.31784259230633,30.640763104764353,258.6251967904096,1.5243142160387473,15.176023003570426
2025-01-11 05:00:00,205.72545833259744,80.24250925395091,27.233680215520394,313.20164780206875,1.5224253251909834,14.15310293798226
2025-01-11 06:00:00,173.60605950078462,45.72460107822643,40.82188199519298,260.15254257420406,1.4985222481420832,14.028977720332325
2025-01-11 07:00:00,199.91018367135194,84.69790672089549,39.0111490850093,323.61923947725677,1.6188231811605949,13.57488823949403
2025-01-11 08:00:00,223.5102418946541,101.82224243922059,48.68120192230701,374.0136862561817,1.6733626302121027,12.888474653464518
2025-01-11 09:00:00,247.31531337370512,87.53806294201347,32.46877685697623,367.3221531726948,1.4852382093204786,12.78632893081244
2025-01-11 10:00:00,269.80742447967936,88.862115714154,33.39220027201182,392.0617404658452,1.4531169452506059,13.639852439191884
2025-01-11 11:00:00,277.04812533195604,88.91435022054843,42.43477224973885,408.3972478022433,1.4741021882494465,11.445846007900299
2025-01-11 12:00:00,320.99297028629974,121.42772755007003,47.568072280861585,489.98877011723135,1.5264781957069062,14.749393420493037
2025-01-11 13:00:00,297.35090135439685,94.61263849515502,51.40344818633157,443.3669880358834,1.4910564791174374,14.380017101613179
2025-01-11 14:00:00,355.09722603679074,127.66875228228416,32.68752807827355,515.4535063973485,1.4515841538676049,15.370626137676103
2025-01-11 15:00:00,324.25845974747733,115.54249215372349,48.51883293739628,488.3197848385971,1.5059585036544174,16.383274790298668
2025-01-11 16:00:00,330.3793237680949,119.91672081644336,39.91938349724219,490.2154280817804,1.4837957245347477,16.76203755747811
2025-01-11 17:00:00,288.448162758935,115.25639212207477,41.35250496316364,445.0570598441734,1.5429360186846512,17.65397581752399
2025-01-11 18:00:00,304.8762705364362,100.9756466694189,30.271630680243096,436.1235478860982,1.43049358062118,19.7481270357819
2025-01-11 19:00:00,261.3968602029889,100.64767859049495,37.186652237347886,399.2311910308317,1.5272991065034485,18.479543487850503
2025-01-11 20:00:00,239.42620397189688,96.87636857595207,35.41221845348301,371.71479100133195,1.5525234282416418,20.537525944205434
2025-01-11 21:00:00,260.6807287758696,78.89940842684639,39.7307142147468,379.3108514174628,1.4550782223092142,18.705921568101612
2025-01-11 22:00:00,227.32159147648107,112.33379362558428,37.33052809137594,376.98591319344126,1.6583814618966568,21.276760464010408
2025-01-11 23:00:00,188.79397686578787,82.65108201965315,31.40707752529945,302.85213641074046,1.6041408811788294,17.500993125134006
2025-01-12 00:00:00,157.63996719552296,59.36298475508567,31.254857594112508,248.25780954472114,1.5748405303637476,16.937803793092144
2025-01-12 01:00:00,195.4911094221477,84.21325912756716,40.64520257888761,320.34957112860246,1.6386912534054565,20.25808520676456
2025-01-12 02:00:00,175.30322713968178,63.395682453877356,38.25732923085871,276.9562388244178,1.579869597059607,18.58696633165059
2025-01-12 03:00:00,186.8089977349552,66.44541159735631,32.92496197832084,286.17937131063235,1.531935692501621,14.426254388959052
2025-01-12 04:00:00,192.09615421777866,66.47231654180405,42.67816725947911,301.24663801906183,1.5682075429659028,14.780144117954702
2025-01-12 05:00:00,202.92207716754496,78.14551345862898,30.90989442120086,311.9774850473748,1.5374250520301296,16.680034214147568
2025-01-12 06:00:00,153.32759816924795,42.80910432163209,42.2721316326661,238.40883412354617,1.5548983807884527,12.84288980360878
2025-01-12 07:00:00,150.82290019417556,68.18130758221699,31.95204771535264,250.9562554917452,1.6639134718179658,12.62365612285312
2025-01-12 08:00:00,238.7780746692808,90.61447064545808,29.007532693123203,358.4000780078621,1.500975659110509,11.271484427569977
2025-01-12 09:00:00,211.80135644307555,82.16003440150436,37.35292009723352,331.31431094181346,1.5642690703487474,10.982648562064641
2025-01-12 10:00:00,285.0360317070696,101.92010071830057,43.289688016442014,430.24582044181216,1.5094436231976949,13.035650667582559
2025-01-12 11:00:00,289.8751116806015,89.8538752948052,37.42560412019669,417.1545910956034,1.4390838477890597,13.5784746186751
2025-01-12 12:00:00,297.6089676403971,101.00496520035753,35.40497515440611,434.0189079951607,1.458352923422619,15.426709158032414
2025-01-12 13:00:00,308.2279115459219,125.71404073180264,41.70156900033008,475.64352127805466,1.543155254475356,13.052056467437707
2025-01-12 14:00:00,288.0488238076373,98.28229403440739,43.226933357400114,429.55805119944483,1.4912682007211016,14.049620054429724
2025-01-12 15:00:00,317.59468217034333,111.76845465624832,37.46329032231993,466.8264271489116,1.4698811200450994,15.115794791189336
2025-01-12 16:00:00,313.44300804329464,82.60158981198938,38.768335997032665,434.81293385231663,1.3872152917581038,17.783522946153003
2025-01-12 17:00:00,316.1885454464348,109.27697180530286,44.170434753811286,469.6359520055489,1.485303496185979,20.210302457114448
2025-01-12 18:00:00,333.26503309451664,131.0575831182648,48.8953424094697,513.2179586222511,1.5399694167035471,18.107920073610885
2025-01-12 19:00:00,272.7405999067604,117.64689324049202,42.78076022429745,433.1682533715499,1.5882059859061453,21.85565690844153
2025-01-12 20:00:00,276.77068221494886,121.07888409332956,37.84688498502847,435.6964512933069,1.5742146090275966,20.175533147654527
2025-01-12 21:00:00,277.8042370639296,88.00921795257243,45.464997809497056,411.27845282599907,1.4804614111459855,19.12750713911416
2025-01-12 22:00:00,213.25065914110573,91.31586075464442,30.13690797194458,334.70342786769476,1.5695305665912385,21.199354696618457
2025-01-12 23:00:00,192.82842400431676,82.9700054807805,42.228152440465195,318.0265819255624,1.6492723184754283,18.493300446094008
2025-01-13 00:00:00,221.5628822861644,81.75436092522891,44.27151104613524,347.58875425752854,1.5688040824843243,18.12260367842546
2025-01-13 01:00:00,200.25441449210123,84.61272794650694,27.3311203699503,312.1982628085585,1.5590081427187352,18.14555703963728
2025-01-13 02:00:00,182.06188711463176,60.20019653496182,38.81585232906969,281.0779359786633,1.5438592911084568,17.881596985873752
2025-01-13 03:00:00,220.4565895235993,89.17636091782087,42.92769574868943,352.5606461901096,1.5992293401253443,16.6276621249665
2025-01-13 04:00:00,239.56694207508656,85.09996901072904,40.288077504334616,364.95498859015026,1.5233946112471721,14.82699307416947
2025-01-13 05:00:00,231.98081645338033,89.31379422298971,39.09296447035366,360.3875751467237,1.5535231777199492,11.275005775402871
2025-01-13 06:00:00,225.73772318196265,72.91849638847233,37.31435510213855,335.97057467257355,1.488322686774662,12.15113010601553
2025-01-13 07:00:00,243.39009768656993,86.10515264614492,38.639006768789436,368.13425710150426,1.5125276689587261,12.928979181188751
2025-01-13 08:00:00,280.7577249452285,94.98916765902709,37.66949380416492,413.4163864084205,1.4725022668176686,12.922653165366
2025-01-13 09:00:00,286.05576333864246,90.22603152290661,43.61274150745122,419.8945363690003,1.4678765128459061,12.092458733143653
2025-01-13 10:00:00,319.8950842849651,98.64694537863095,30.09838858078217,448.6404182443782,1.4024611201737809,13.798069300823897
2025-01-13 11:00:00,335.00140414578385,123.28201643140977,37.325024852767044,495.6084454299607,1.4794219943456859,13.580328436183125
2025-01-13 12:00:00,379.69897882521104,138.89839386795748,38.509914795428635,557.1072874885971,1.4672340947881595,13.973843927223841
2025-01-13 13:00:00,389.06247116601946,132.27642531897,43.102850209574946,564.4417466945645,1.4507740749266658,15.885955260000197
2025-01-13 14:00:00,389.448842145745,137.19699768727642,43.659415017359386,570.3052548503808,1.4643906801935058,14.801021675722685
2025-01-13 15:00:00,369.5892227088944,137.83969889949168,40.5596345200778,547.9885561284639,1.4826962542684452,17.031247683471364
2025-01-13 16:00:00,377.7099304080435,133.71916097330438,47.67579037816899,559.1048817595168,1.4802493573719673,17.591385691885556
2025-01-13 17:00:00,391.33409299068677,139.95045011470503,43.15399970934171,574.4385428147335,1.467898026529481,14.054364995800169
2025-01-13 18:00:00,396.0849623367277,148.31699383664576,36.94508616659266,581.3470423399662,1.4677331825734392,19.776708337436105
2025-01-13 19:00:00,335.738115487986,123.92005631101965,41.77468342972046,501.43285522872617,1.4935237677733058,20.15346096315337
2025-01-13 20:00:00,370.45679797168424,119.24601809908131,39.924739059025725,529.6275551297913,1.4296607810400423,21.00707684713224
2025-01-13 21:00:00,292.93818676025865,110.3268397708303,43.73645358836957,447.0014801194585,1.5259242404107787,18.607045555161488
2025-01-13 22:00:00,269.70297903738134,110.16936468510059,29.30170449437791,409.17404821685983,1.5171283968656035,17.30606895643231
2025-01-13 23:00:00,261.3216806177491,98.24099067305345,33.19208034931278,392.75475164011533,1.502955096231075,20.083560249648226
2025-01-14 00:00:00,224.62299301669697,73.5501202471897,28.00938338928641,326.1824966531731,1.4521331599785372,16.797719104253968
2025-01-14 01:00:00,222.81383174992365,82.17538426869045,40.73917438027782,345.7283903988919,1.5516468959024146,17.097643484648163
2025-01-14 02:00:00,215.4368719854121,85.03317553457764,43.14537477630858,343.61542229629833,1.5949703462068723,16.497448741541024
2025-01-14 03:00:00,202.14938412081293,74.5481686159412,30.13743744639871,306.83499018315285,1.5178626020437214,13.650340978726053
2025-01-14 04:00:00,208.34738219711724,73.40303434262455,39.73123148003103,321.4816480197728,1.5430078584602487,14.84452818221096
2025-01-14 05:00:00,232.42897873487402,87.45711620037767,32.87059807376995,352.7566930090216,1.5176966956921598,12.03702914881584
2025-01-14 06:00:00,259.17402897098174,76.61115034146599,35.23117650810673,371.01635582055445,1.4315336968508332,15.298230517269147
2025-01-14 07:00:00,295.9486663978686,112.3491152964405,32.03875810713401,440.3365398014431,1.487881480126225,13.937303019560238
2025-01-14 08:00:00,280.3829676422986,91.10637955666033,31.929864508564986,403.4192117075239,1.4388149718929792,11.161396159016844
2025-01-14 09:00:00,274.17952449793984,101.0228931104179,40.704760458098605,415.90717806645637,1.5169155276202306,14.042818670511476
2025-01-14 10:00:00,315.43732976092235,113.56593025155836,43.045386119098076,472.0486461315788,1.4964894817279741,13.098687475582235
2025-01-14 11:00:00,316.08266472029226,125.02056851588256,27.95762964152324,469.060862877698,1.4839816137742927,16.615595818638678
2025-01-14 12:00:00,365.4871799176605,122.4521828277262,38.94988587432668,526.8892486197134,1.4416080168349945,14.49609092720383
2025-01-14 13:00:00,365.76411104652544,134.66139871552718,38.91514143159067,539.3406511936433,1.4745586975454759,16.07967522862007
2025-01-14 14:00:00,393.20757144420253,144.24072327706833,44.12635081337123,581.5746455346421,1.4790525100994132,15.844345249916584
2025-01-14 15:00:00,385.54145898907734,132.442356774377,48.542542582519694,566.526358345974,1.4694304468096753,15.99868770336216
2025-01-14 16:00:00,387.1841133652594,116.1579225891559,42.889897879928064,546.2319338343434,1.4107808532914738,18.166957935167197
2025-01-14 17:00:00,370.9254363004837,135.55569542862733,46.142045497545816,552.6231772266568,1.4898497734164051,17.665535935927643
2025-01-14 18:00:00,391.863737132127,150.7624143170657,44.61024207852316,587.2363935277159,1.4985729422820104,18.69318113265234
2025-01-14 19:00:00,311.81788769767064,143.58593630334406,34.9065175168608,490.3103415178755,1.5724253189517652,23.779726212462773
2025-01-14 20:00:00,343.4811176974729,120.69989106103777,46.99417317100086,511.1751819295115,1.4882191642911158,20.784096343827468
2025-01-14 21:00:00,321.18468446659705,129.68298183239582,46.069984399797775,496.9376506987906,1.5472022008897244,22.404069569254787
2025-01-14 22:00:00,287.982107735607,95.25188056687107,47.74383074936016,430.9778190518382,1.4965437347500559,19.080727041469988
2025-01-14 23:00:00,260.13434225460185,72.66887101968334,30.819885182354938,363.62309845664015,1.3978281195212223,17.438891392313423
2025-01-15 00:00:00,244.3383461203474,101.98384841856947,35.84082188946517,382.16301642838204,1.5640730261804665,20.645972390747094
2025-01-15 01:00:00,214.81054408101912,68.74091248130037,30.14502232408245,313.6964788864019,1.4603402278432218,17.874740483468415
2025-01-15 02:00:00,194.12366291674564,75.07780078504692,38.46385073333857,307.66531443513117,1.584893411820075,17.076048000526377
2025-01-15 03:00:00,225.05159182977198,85.89092963457716,42.96626061351273,353.90878207786193,1.5725673353404093,16.08613713032226
2025-01-15 04:00:00,227.02475415234258,84.37223314337088,34.809028036956086,346.20601533266955,1.524970334734298,12.32729142457314
2025-01-15 05:00:00,239.20099691839692,71.68392131815092,40.67392141725636,351.55883965380417,1.4697214651397876,13.957904644404232
2025-01-15 06:00:00,234.44415911524095,86.85967352331323,35.87857828366099,357.1824109222152,1.5235287254336853,16.688984125996935
2025-01-15 07:00:00,274.7661213315941,85.66594900715353,27.47217230604917,387.9042426447968,1.4117615401960892,11.933965330167108
2025-01-15 08:00:00,288.80000282623934,100.08606309913549,28.8949301770716,417.78099610244647,1.4466100831509008,9.130586157754667
2025-01-15 09:00:00,334.6298997600516,106.15900329560431,42.7234647742143,483.5123678298702,1.4449168116076168,10.302137256287942
2025-01-15 10:00:00,324.0000302553068,103.85638394450272,28.87097008878978,456.7273842885993,1.4096522890096814,13.930685436700628
2025-01-15 11:00:00,306.9990825981682,112.24835203822009,46.296536983064684,465.543971619453,1.5164344065119066,12.539062066879998
2025-01-15 12:00:00,344.90420565142836,102.15385167978448,45.40793229637293,492.4659896275857,1.4278341103363876,15.649815903971692
2025-01-15 13:00:00,385.45416072162124,143.86998044439244,46.259673587328315,575.5838147533419,1.4932613872315526,15.45797942776766
2025-01-15 14:00:00,361.893006911048,126.39287878006877,51.58905444775794,539.8749401388748,1.491808158292415,15.105534625770215
2025-01-15 15:00:00,403.0042253540909,146.28708822801164,40.56105897266334,589.8523725547659,1.4636381840326982,16.246212512261025
2025-01-15 16:00:00,373.8712969164068,130.90899927058834,44.24942093104256,549.0297171180376,1.4684992446499423,16.62294374298995
2025-01-15 17:00:00,380.47430779629235,145.57542899060456,40.977200758011634,567.0269375449086,1.4903159712126932,19.529153205122054
2025-01-15 18:00:00,369.06675138215815,136.49596857311113,37.439804640229625,543.0025245954989,1.4712854045018953,19.6254764870259
2025-01-15 19:00:00,329.36393978303033,132.07784727981908,41.43938512161189,502.8811721844613,1.5268252271810208,21.657539419111846
2025-01-15 20:00:00,330.5173934715866,107.4398374460349,31.681079221749044,469.63831013937056,1.4209185943484808,18.068890654405603
2025-01-15 21:00:00,321.1077639688814,114.03666202561502,39.415991924895856,474.56041791939225,1.477885218513066,21.681431147301275
2025-01-15 22:00:00,266.71192916111045,101.77109011918782,37.36500388750665,405.8480231678049,1.5216718068978747,18.57689042903266
2025-01-15 23:00:00,248.91327737288748,92.91928739420696,50.13808032599681,391.9706450930912,1.5747277494799723,20.722751277140997
2025-01-16 00:00:00,225.0315239420724,74.04812294187117,42.05940437587812,341.13905125982166,1.5159611652793927,17.5565537323533
2025-01-16 01:00:00,233.2875223770473,101.07449476723028,38.25299549486434,372.6150126391419,1.5972350721651916,21.80680212082196
2025-01-16 02:00:00,230.67106734282348,96.74031810188137,42.52137891331706,369.93276435802187,1.603724162806372,19.618827267495483
2025-01-16 03:00:00,197.6497848842789,63.819315960318534,38.95306347308732,300.4221643176847,1.5199721289531256,17.842095015211203
2025-01-16 04:00:00,205.02642025662612,64.3179754174638,31.99144073075452,301.33583640484443,1.4697414900366028,14.482321557794913
2025-01-16 05:00:00,236.44269886658748,81.86970409804275,39.335942083133105,357.6483450477633,1.5126216489753654,15.472447921826884
2025-01-16 06:00:00,236.74599087368333,81.07066696355103,34.1403869128323,351.95704475006664,1.4866441600603686,17.385571747094083
2025-01-16 07:00:00,285.311764029269,108.3861426449392,37.25163228965805,430.94953896386625,1.5104513493515004,12.835292218354024
2025-01-16 08:00:00,274.8828545937174,98.46762567551819,26.947559978221523,400.29804024745715,1.4562495752567253,14.897865340516596
2025-01-16 09:00:00,287.22943587440847,77.35875269534573,38.00644700628811,402.5946355760423,1.4016482480301131,12.598698364473359
2025-01-16 10:00:00,299.94683850021914,97.73473240348127,37.82606668088968,435.50763758459004,1.451949417977519,12.606524426052012
2025-01-16 11:00:00,331.9080230757467,134.03771911684456,33.020072795145296,498.9658149877366,1.5033255609909275,14.916616985606613
2025-01-16 12:00:00,330.6448553344778,120.76952196101941,30.47990772434002,481.89428501983724,1.4574377228169983,15.029842789190125
2025-01-16 13:00:00,381.5306926006018,143.49492418922733,27.28443214472489,552.3100489345541,1.4476162983635221,15.09841254702945
2025-01-16 14:00:00,416.5221230846619,162.0596434522459,51.27900486550292,629.8607714024107,1.5121904371796975,13.684458352624448
2025-01-16 15:00:00,360.0933204615,124.9214103495602,41.17827333901698,526.1930041500772,1.4612684386250259,14.951230083827792
2025-01-16 16:00:00,360.11156620387516,122.1286378070204,35.58294626864457,517.8231502795402,1.4379520095346716,17.810470436561943
2025-01-16 17:00:00,355.52190839134727,116.66699739571446,43.46614826457103,515.6550540516328,1.450417096332685,17.13974910506174
2025-01-16 18:00:00,358.8417916917756,123.01806677015944,40.95081129823428,522.8106697601693,1.4569391912111327,19.875030909352304
2025-01-16 19:00:00,326.29368218315983,111.46714636547688,27.360682911936163,465.1215114605729,1.4254689467125026,20.214231388084055
2025-01-16 20:00:00,337.09258072292135,109.82281048385984,27.768418232390964,474.68380943917214,1.4081704451079156,17.73868486843638
2025-01-16 21:00:00,317.6402155422109,111.61703426559986,40.72028728693025,469.977537094741,1.4795907888819768,19.82321000825574
2025-01-16 22:00:00,263.1458783141977,99.90351943558642,34.696072592321684,397.7454703421058,1.511501806109216,22.403564716795138
2025-01-16 23:00:00,249.4924463923558,95.27231941955075,36.513624324137844,381.2783901360444,1.5282161670595826,19.390860302471015
2025-01-17 00:00:00,221.76908087348096,98.151130693679,37.40588699205833,357.3260985592183,1.611253007641189,19.534764922347613
2025-01-17 01:00:00,233.00593080867847,86.24724798930244,43.134776205900856,362.38795500388176,1.5552735234942971,16.698096918711233
2025-01-17 02:00:00,245.05872110043467,89.07802107107801,39.69551620446171,373.83225837597433,1.5254803285403715,13.482003947610444
2025-01-17 03:00:00,190.78374151225898,76.56382173121385,34.43300889821747,301.7805721416903,1.5817939712766305,17.070816959434843
2025-01-17 04:00:00,203.76013407227575,50.0275089630058,41.23908589650867,295.0267289317902,1.4479119297553136,13.367790772328586
2025-01-17 05:00:00,201.15091601892783,52.36705010866129,29.507476033356348,283.0254421609455,1.407030342006066,16.6311814603502
2025-01-17 06:00:00,244.33284940453245,96.34362230090515,40.955338861595806,381.6318105670334,1.5619341054512912,12.931543626489502
2025-01-17 07:00:00,262.7132275022381,83.67519610440172,39.722992840922004,386.11141644756185,1.4697067982398127,12.3982758911393
2025-01-17 08:00:00,261.7476286983243,107.81836188923805,35.38425107890672,404.95024166646914,1.547101854103871,11.301447399641022
2025-01-17 09:00:00,295.14949615694366,95.63249031289861,37.48361579412164,428.2656022639639,1.451012479574882,13.921096832657518
2025-01-17 10:00:00,363.60109040901614,132.19582028991292,44.87935805059493,540.6762687495241,1.4870039804922353,13.102205929138758
2025-01-17 11:00:00,382.51799915948436,143.02217581363288,44.6658986883416,570.2060736614588,1.490664687451011,11.7365488105159
2025-01-17 12:00:00,347.4406203576841,121.61205760389039,39.249089298975825,508.3017672605503,1.462988889259012,14.242032749527517
2025-01-17 13:00:00,378.11734514347796,113.7074153217913,41.16602727769583,532.990787742965,1.4095909499753834,15.598363229906935
2025-01-17 14:00:00,379.9087763868301,99.9095392823003,34.660066468679304,514.4783821378096,1.3542155751989216,14.469384178090992
2025-01-17 15:00:00,398.1920734104025,145.68890466970458,41.28272752439366,585.1637056045007,1.4695513664868793,16.80635244974306
2025-01-17 16:00:00,366.70811979714955,122.49950305746829,49.209662760164605,538.4172856147825,1.4682447880145566,17.281899098820684
2025-01-17 17:00:00,388.47319320993546,124.07876281586294,41.0389650812026,553.590921107001,1.4250427848900091,16.090469303230144
2025-01-17 18:00:00,382.813160467866,126.23036760603455,51.75227896813998,560.7958070420406,1.4649334582871916,19.00615185832348
2025-01-17 19:00:00,368.29869101558995,120.63233285842892,43.50281343904344,532.4338373130623,1.4456576965963872,17.605658468089146
2025-01-17 20:00:00,297.04673621469266,98.07274364592006,34.76376974104828,429.883249601661,1.447190617475628,19.27797666554227
2025-01-17 21:00:00,334.48319334672556,132.25074265601938,37.38528080065173,504.1192168033967,1.5071585862337373,19.92834622940952
2025-01-17 22:00:00,260.52978916583226,91.79221782355786,40.43209686612533,392.75410385551544,1.5075209062005568,19.44536791268989
2025-01-17 23:00:00,230.16674763190434,94.21371810664063,37.32480986446675,361.7052756030117,1.5714923173067172,20.662829101000863
2025-01-18 00:00:00,215.91426128675073,89.49713429549448,38.335843247364686,343.74723882960984,1.5920543496341222,19.311064236052705
2025-01-18 01:00:00,199.59574677677617,78.48553219209379,33.997175761684765,312.0784547305547,1.5635526296037607,18.494205323154652
2025-01-18 02:00:00,175.1520300061936,40.0,33.84213699013021,248.9941669963238,1.42158881622736,16.10188316339515
2025-01-18 03:00:00,190.168812112093,61.61875934877942,33.52970408818798,285.3172755490604,1.5003368448285996,15.092580663035038
2025-01-18 04:00:00,188.78159267356457,42.40147069644648,34.97478105120557,266.1578444212166,1.4098718029222728,15.936456736058467
2025-01-18 05:00:00,189.74486239585661,75.8315455571705,32.587654337692406,298.1640622907195,1.5713946534619343,15.332038823789826
2025-01-18 06:00:00,175.5889424367792,50.66119144759241,34.19483011091363,260.44496399528526,1.4832651782105155,9.831067231015341
2025-01-18 07:00:00,204.1733016271033,73.09698041066378,25.46354708298405,302.7338291207511,1.4827297531469426,12.73759841787601
2025-01-18 08:00:00,228.30882557825188,70.75731145726017,33.11333654712938,332.17947358264144,1.4549567794469178,12.89999160303647
2025-01-18 09:00:00,269.23936057025867,99.31516166306041,37.71175329274632,406.2662755260654,1.5089408720388384,11.674771010366962
2025-01-18 10:00:00,294.9966220458005,95.61113219077833,34.3862937196521,424.99404795623093,1.440674286399955,14.514796018991905
2025-01-18 11:00:00,281.78672110523,111.7642761443679,38.693407716995175,432.2444049665931,1.53394171049379,11.331335289871047
2025-01-18 12:00:00,288.71292210481823,107.03012988811747,43.41971709749125,439.16276909042693,1.5211053453679062,12.240222663872862
2025-01-18 13:00:00,296.91231180791937,101.56064110607889,33.84813984005855,432.3210927540568,1.456056470415875,15.034418435885351
2025-01-18 14:00:00,335.24735174782944,103.69437448099448,30.07851073494308,469.02023696376705,1.3990274181690199,15.027774680884782
2025-01-18 15:00:00,309.42153172817274,105.60574645946129,49.7257738785154,464.7530520661494,1.5020061773672415,15.552272863013682
2025-01-18 16:00:00,357.59273912026555,120.80339380521545,38.48419908313958,516.8803320086206,1.4454441476642608,17.318700905306432
2025-01-18 17:00:00,314.9594645841788,112.8575024806207,46.691178446183315,474.50814551098284,1.506568936219923,18.092847202024473
2025-01-18 18:00:00,302.4053994841219,132.1668348053502,36.27488875536447,470.8471230448366,1.557006336024628,20.203905371723042
2025-01-18 19:00:00,296.8494442837831,119.30302589297617,44.343473172334775,460.49594334909403,1.5512777679612821,19.683888380417105
2025-01-18 20:00:00,266.47794448989794,113.0619329705842,39.15866450176384,418.69854196224594,1.5712315057207995,20.285949180683943
2025-01-18 21:00:00,231.39890270518222,69.48671095996264,41.98445068607569,342.87006435122055,1.4817272698482071,19.696988721075886
2025-01-18 22:00:00,230.44075274208436,89.82741835272236,32.75799917397274,353.0261702687794,1.5319606713136198,16.872363530551272
2025-01-18 23:00:00,218.19438677498806,95.34603975775761,23.140428254347853,336.6808547870935,1.5430316964766562,21.794706448980946
2025-01-19 00:00:00,186.4201132120152,82.34643193702456,38.48272142742494,307.2492665764647,1.6481551334915818,19.428373482560975
2025-01-19 01:00:00,179.85113634939887,70.08806030080181,37.57653260519908,287.5157292553998,1.5986317078188468,17.857996628006703
2025-01-19 02:00:00,175.75094153803437,59.16558055272471,36.91549871156674,271.8320208023258,1.5466888451547696,15.90337749592302
2025-01-19 03:00:00,140.29259435304292,46.710798096326094,23.26014222126168,210.2635346706307,1.498750063324851,13.67692983458785
2025-01-19 04:00:00,162.35472487008943,54.148771353233634,39.35243654613369,255.85593276945673,1.575906909849305,14.724725262604434
2025-01-19 05:00:00,181.35335618491374,69.10729886556064,27.016130903307953,277.4767859537823,1.5300339171603643,13.020941804261984
2025-01-19 06:00:00,175.00860809500512,59.95998828184077,23.902894891599065,258.87149126844497,1.4791929042022554,12.165559402425098
2025-01-19 07:00:00,219.89285779172408,95.52589716764372,34.89731945922334,350.31607441859114,1.593121659050882,10.105285422280225
2025-01-19 08:00:00,238.51761285236594,77.57702051427913,36.909902269297525,353.0045356359426,1.4799935795703274,15.339595610566962
2025-01-19 09:00:00,207.74385569990827,71.08791931609562,47.68026250630529,326.5120375223092,1.5717049075760143,10.719638934901418
2025-01-19 10:00:00,256.4409476290426,83.73216527019711,34.493065131671926,374.6661780309117,1.4610232160461714,15.23893876057128
2025-01-19 11:00:00,292.7622145747682,110.372586628148,49.59410289330975,452.72890409622596,1.5464048349060566,14.525510097595957
2025-01-19 12:00:00,294.24296187494673,106.52738533709038,46.24934626694271,447.01969347897983,1.519219663337141,16.08700192575838
2025-01-19 13:00:00,321.0831185101706,135.79125853573547,34.53590156417851,491.41027861008456,1.5304768462765466,14.351535688097687
2025-01-19 14:00:00,330.35359346593293,130.00412762758782,33.92398491029424,494.281706003815,1.4962201585822519,14.100296594914855
2025-01-19 15:00:00,294.01499803345797,110.22864804271427,40.962170264647,445.20581634081924,1.514228251343002,16.909174330994542
2025-01-19 16:00:00,323.6780622997467,121.8908799761081,38.9767958357545,484.54573811160935,1.4969990078069881,17.033167905312727
2025-01-19 17:00:00,295.54286135411746,101.70904447651948,44.10977476575365,441.36168059639056,1.4933931361906725,17.20241078035144
2025-01-19 18:00:00,257.985897777706,103.3331139400291,38.13461062134016,399.4536223390752,1.548354486737353,19.99444162641062
2025-01-19 19:00:00,293.9425846260815,112.4039391718924,40.57950763885491,446.9260314368288,1.5204534994660759,20.784655393801685
2025-01-19 20:00:00,252.89379395937718,93.66314165672479,33.90819993358077,380.4651355496827,1.5044463116038251,19.62663219407598
2025-01-19 21:00:00,245.5813600522892,83.16311806358291,46.90833430646628,375.65281242233834,1.5296470886159859,19.171211846111838
2025-01-19 22:00:00,241.17590902610942,100.10882941074141,27.982962957335108,369.26770139418596,1.5311135464786803,22.536900272428024
2025-01-19 23:00:00,229.14164406153324,72.48091761986481,33.38480095929351,335.00736264069155,1.4620099459124476,21.652729582794628
2025-01-20 00:00:00,233.4896137496913,77.44366839428552,49.87634059026295,360.8096227342398,1.5452919594146908,18.8131965842859
2025-01-20 01:00:00,207.1543173637153,73.72192168670553,36.47504586019275,317.3512849106136,1.5319559300008108,15.494015737123341
2025-01-20 02:00:00,203.30532010589135,85.79895785704088,40.779087225686595,329.88336518861877,1.6226007515041878,19.309724113303098
2025-01-20 03:00:00,231.5192889840432,74.5719790844637,25.510376538320575,331.6016446068275,1.432285171840184,16.060071263390327
2025-01-20 04:00:00,208.88741041962822,73.4535732270336,30.379122019488783,312.7201056661506,1.4970749316004046,15.46992953058791
2025-01-20 05:00:00,256.3410174008587,83.9029311064227,35.15772901945325,375.40167752673466,1.4644619941555914,13.771072739845238
2025-01-20 06:00:00,266.5882947637034,82.35914286819045,45.44644426786056,394.39388189975443,1.4794118483309044,15.016923191211372
2025-01-20 07:00:00,244.95976831415066,81.84468756650493,20.298423086520728,347.10287896717637,1.416979128270694,12.687643928298458
2025-01-20 08:00:00,311.5989094299583,117.96861624722162,41.7283653382563,471.29589101543627,1.5125081531178302,11.43482517063746
2025-01-20 09:00:00,291.55994354942754,94.87363548395876,39.33264273602719,425.7662217694135,1.4603042399657835,10.972877225923291
2025-01-20 10:00:00,323.2019876950081,112.12703504867365,37.348019301751066,472.6770420454328,1.4624818535815378,11.173774257692855
2025-01-20 11:00:00,346.050391654842,120.83059542575481,34.36769549749932,501.2486825780961,1.4484846561828262,12.316310161189868
2025-01-20 12:00:00,346.90505681667906,115.20601673162582,46.57290221926149,508.6839757675664,1.4663492669591696,14.724178456343846
2025-01-20 13:00:00,381.77187198450895,146.73383743861868,42.769385354553094,571.2750947776808,1.496378169004712,12.59373696722778
2025-01-20 14:00:00,400.32760991001794,131.16174989874196,39.21081977524616,570.700179584006,1.4255828612777492,14.932339589057824
2025-01-20 15:00:00,433.7611905210821,149.71589120391715,37.711796086636696,621.188877811636,1.4320987939594019,16.330072175643842
2025-01-20 16:00:00,413.55838518996325,133.38465186515157,51.22025589650613,598.163292951621,1.4463817307847877,18.95694899976332
2025-01-20 17:00:00,369.9105193665916,123.52717842399203,47.36075815998298,540.7984559505666,1.4619710109260784,18.826966016842633
2025-01-20 18:00:00,371.3136851789822,137.67022819274,38.12368896277376,547.1076023344959,1.4734377540401635,19.19932901985538
2025-01-20 19:00:00,367.7060190129051,151.14730910904964,51.72777948553896,570.5811076074937,1.5517317588088446,23.07136492398061
2025-01-20 20:00:00,323.10820413217795,112.91740370787495,44.89175505560653,480.91736289565944,1.4884096310316048,19.27630544264984
2025-01-20 21:00:00,287.16208398995286,103.75975355686748,47.84011539069171,438.7619529375121,1.5279243932247801,19.346141851798702
2025-01-20 22:00:00,276.43089107027936,111.56291232878566,47.241610720268774,435.2354141193338,1.5744818259428186,17.267167926933443
2025-01-20 23:00:00,236.1697704076606,76.23223233183394,42.338564244984056,354.7405669844786,1.5020574664240431,21.919049356683573
2025-01-21 00:00:00,239.3788889964099,73.61021623693956,37.88633086182346,350.8754360951729,1.4657743528103482,17.81722447672154
2025-01-21 01:00:00,214.11971720047666,76.5222206317895,33.69205318029357,324.3339910125597,1.5147320165236875,15.254202569207742
2025-01-21 02:00:00,235.90187402320097,85.7753534650783,53.770431518697606,375.4476590069769,1.5915416550275119,13.400204905204259
2025-01-21 03:00:00,207.15879520595894,74.869585684553,20.665995035817268,302.6943759263292,1.4611707681799753,16.880766604033372
2025-01-21 04:00:00,191.94800713939188,78.10013331491872,29.63235532877278,299.6804957830834,1.5612586983800079,13.11545060558088
2025-01-21 05:00:00,236.21461084803624,88.90864745374368,42.89865566656605,368.021913968346,1.5579980960835027,13.405579696381833
2025-01-21 06:00:00,232.80585816331012,83.03561111997894,36.698076487568215,352.5395457708572,1.5143070219631483,12.741905437407295
2025-01-21 07:00:00,239.45192925645807,71.8464021469063,48.395335783755534,359.6936671871199,1.5021539743030443,14.275950218286317
2025-01-21 08:00:00,282.9414833769951,95.35768431235728,38.065047981594724,416.3642156709471,1.4715559228060513,10.519868031955289
2025-01-21 09:00:00,286.3485076037307,101.5148139118912,49.5313804340482,437.3947019496701,1.527490768539181,14.0917893378662
2025-01-21 10:00:00,292.6045673134065,95.13721056027612,31.17793723221629,418.9197151058989,1.4316923312314438,10.865256917543553
2025-01-21 11:00:00,323.836307738318,97.20014476974555,51.75114575190075,472.78759825996434,1.4599585869846603,11.55110164568894
2025-01-21 12:00:00,383.7038013308894,119.24647643775893,40.21169544193015,543.1619732105785,1.415576210938237,11.067414595432446
2025-01-21 13:00:00,404.46353453849275,127.26489059484184,38.53503744250999,570.2634625758445,1.409925528209942,16.076205941069123
2025-01-21 14:00:00,378.71406183479087,131.41093185456916,41.17385013333258,551.2988438226927,1.4557126322475706,15.232439270480036
2025-01-21 15:00:00,396.1229034064802,146.08439620198317,39.29050068091944,581.4978002893828,1.4679731853138538,17.156376830847353
2025-01-21 16:00:00,354.7049790872701,124.26154778453837,38.73410739595987,517.7006342677684,1.4595245761700895,14.406032750693582
2025-01-21 17:00:00,392.69122556289807,137.6668646234909,46.959660089865416,577.3177502762544,1.4701569902630391,19.60926075269507
2025-01-21 18:00:00,360.0038315046248,129.72795564307108,33.002928237458306,522.7347153851542,1.4520254220639839,16.131885858162384
2025-01-21 19:00:00,354.55829860270825,125.57889853568896,37.139905113052194,517.2771022514494,1.4589338461122068,16.81367495412597
2025-01-21 20:00:00,316.9503291150142,109.92341660687431,48.92133050804829,475.7950762299368,1.501166058285686,18.8926393642649
2025-01-21 21:00:00,298.2793369741852,96.97520904264012,40.97231070626485,436.2268567230902,1.4624776263360266,20.53054109954393
2025-01-21 22:00:00,245.42874390972267,81.03031158808253,51.25702137348142,377.71607687128665,1.5390050523594088,21.622141614540862
2025-01-21 23:00:00,261.40704597655235,91.80228030420585,45.429012449818586,398.6383387305768,1.524971667237821,16.10344287607507
2025-01-22 00:00:00,225.10340970897562,72.2563154811339,31.90270232544746,329.262427515557,1.4627163042143303,17.409324273981543
2025-01-22 01:00:00,225.84505503237773,74.152994088778,48.84301280413586,348.8410619252916,1.5446034976292966,18.93334947775484
2025-01-22 02:00:00,241.25801921075958,88.81099879989475,49.36075774738622,379.42977575804053,1.5727136324806517,19.033489116981837
2025-01-22 03:00:00,163.2120393117092,61.66117243594811,33.67904407663695,258.55225582429426,1.5841494102680767,14.10009914192674
2025-01-22 04:00:00,230.12223969854793,62.29280910108659,31.719248783364332,324.13429758299884,1.4085309529735301,14.421058326086424
2025-01-22 05:00:00,226.91415519545382,59.99541866281018,32.62244862740454,319.53202248566856,1.408162581177176,15.299161911574485
2025-01-22 06:00:00,240.1978470580821,64.82675448990558,35.46062427541274,340.4852258234004,1.4175198903471766,10.970336368940073
2025-01-22 07:00:00,268.81867713220913,94.13532713514759,51.388438146347355,414.3424424137041,1.5413454408524008,9.916148897752542
2025-01-22 08:00:00,266.7018230030262,86.86318533229664,36.45994799139325,390.02495632671616,1.462400788772601,11.656979595816452
2025-01-22 09:00:00,263.6350794207933,81.76183523325196,33.22178288344751,378.61869753749284,1.436146882916032,13.023336854404503
2025-01-22 10:00:00,309.7262079661136,110.13524769610721,45.96584027856138,465.82729594078216,1.503997026921749,8.570085440331319
2025-01-22 11:00:00,335.55282482632435,93.63901252140911,27.247953535052474,456.4397908827859,1.360262102156435,11.653470494116672
2025-01-22 12:00:00,317.95974281095323,116.40402855229115,30.50733499818182,464.8711063614262,1.4620439123886853,13.516018147480105
2025-01-22 13:00:00,384.43196879048605,141.8742428227879,43.81881187571714,570.1250234889911,1.483032291208089,13.510731173708171
2025-01-22 14:00:00,392.7227934294661,123.29940427006483,49.93704724336893,565.9592449428999,1.4411163660775586,16.316490461301747
2025-01-22 15:00:00,365.1831760362266,139.88002757152506,42.174258999364994,547.2374626071166,1.4985286796257833,16.350575731648632
2025-01-22 16:00:00,384.3569742496018,134.6824091642262,54.90686195417221,573.9462453680002,1.493263512359942,12.16089973705194
2025-01-22 17:00:00,375.2873866897493,128.2562427366379,35.38990514663027,538.9335345730175,1.4360555501924042,19.48155506901842
2025-01-22 18:00:00,360.2467711319542,117.45969196821913,47.556921864060776,525.2633849642341,1.458065490257611,18.560268529141794
2025-01-22 19:00:00,340.71412257858145,116.70514441271682,40.76467901780968,498.18394600910796,1.462175803687762,16.309723645076318
2025-01-22 20:00:00,338.3983623432722,125.85347884375197,34.85856838260595,499.1104095696301,1.474919695572673,19.490926650761875
2025-01-22 21:00:00,300.1213009545168,112.38202494509198,40.219221880867714,452.72254778047653,1.508465231693389,18.840713046676985
2025-01-22 22:00:00,310.13732898823946,105.917532409438,50.422558624391044,466.4774200220685,1.5040995598429157,19.934283429175338
2025-01-22 23:00:00,255.49604441439874,101.99382969862091,32.554301264206224,390.0441753772259,1.5266153191185943,19.25514680143662
2025-01-23 00:00:00,256.6477226989677,101.0522815496496,32.18425467819222,389.8842589268095,1.5191417045384041,18.649779497456127
2025-01-23 01:00:00,244.15041621071563,81.35068425455846,30.47507007276838,355.9761705380425,1.4580199209278222,18.36452770835398
2025-01-23 02:00:00,181.98087438250468,40.0,28.826699740645488,250.80757412315018,1.3782084242324224,15.414887250100458
2025-01-23 03:00:00,211.6945791035037,71.91574666946283,34.47804270526106,318.0883684782276,1.5025815484991933,16.729839800782344
2025-01-23 04:00:00,218.63531507443162,75.70885300880363,42.92058330469195,337.26475138792716,1.542590460617534,13.96771811475321
2025-01-23 05:00:00,230.0916876685972,103.00964528400614,36.61021093365764,369.711543886261,1.6068009567505948,13.358396078714339
2025-01-23 06:00:00,242.26867227798584,83.54501626965684,39.008690247104504,364.8223787947472,1.5058586624693258,10.711445860189198
2025-01-23 07:00:00,275.12755410823064,98.29383852476411,40.92606738724406,414.3474600202388,1.5060194947149546,10.842550687490638
2025-01-23 08:00:00,290.54215451961255,112.29338052302104,39.44701322676426,442.28254826939786,1.5222663609715277,8.646420153722122
2025-01-23 09:00:00,293.2062111745328,117.64180488329248,38.0243953667574,448.8724114245827,1.530910309254631,11.068539852331527
2025-01-23 10:00:00,343.0431936629214,116.67173123542946,36.28156149934759,495.9964863976985,1.4458718189438002,13.457897842952773
2025-01-23 11:00:00,339.48557863488634,126.27755626392718,43.1110522643385,508.874187163152,1.49895671329957,12.004886639934842
2025-01-23 12:00:00,368.6567615949611,107.07236485020412,44.21395931169524,519.9430857568605,1.4103717601906238,14.517449917352138
2025-01-23 13:00:00,365.9230954741392,131.24568287282167,32.993789951968594,530.1625682989294,1.4488360392010224,8.910009579488772
2025-01-23 14:00:00,360.68504276072485,130.07599094457507,41.305215218526214,532.0662489238262,1.4751547356977428,13.834534351093266
2025-01-23 15:00:00,367.5129792734966,122.7597997909475,44.861476784365514,535.1342558488096,1.4560962089193923,11.425687433659789
2025-01-23 16:00:00,412.0001229318527,128.22982691168758,40.01027828505296,580.2402281285932,1.4083496480523345,15.32827293222591
2025-01-23 17:00:00,389.98837174420873,134.11773602702206,42.780632841261,566.8867406124917,1.453599085729432,20.554487633866742
2025-01-23 18:00:00,349.90030030313125,134.9496969441812,47.85581466257943,532.7058119098918,1.5224502849765764,19.356219571774968
2025-01-23 19:00:00,356.1656348056395,123.37055653379406,32.20398462612899,511.74017596556257,1.436803907948111,17.495991500699994
2025-01-23 20:00:00,303.8910563551935,126.42088664777177,39.25555668894111,469.56749969190633,1.5451836764260254,19.720772208255504
2025-01-23 21:00:00,283.24291847596857,97.16020928169301,36.676883293662286,417.0800110513239,1.4725169945836107,18.842363019414357
2025-01-23 22:00:00,242.54582194408067,96.79164714620448,39.81575184119545,379.1532209314806,1.563223055719735,21.361204683955975
2025-01-23 23:00:00,245.5065875477638,90.62930229860282,36.69081209658634,372.8267019429529,1.5186016215162403,18.223760722159472
2025-01-24 00:00:00,244.3879253308702,85.51726439369826,36.12454931361062,366.02973903817906,1.4977406864214806,17.676058416984915
2025-01-24 01:00:00,264.6644148747505,92.87896205630197,39.889713500277345,397.43309043132984,1.5016491379070007,17.5312009694229
2025-01-24 02:00:00,205.15182703717764,67.62156821836932,44.08233607740114,316.8557313329481,1.544493831271254,16.24464677783937
2025-01-24 03:00:00,212.59204356025487,67.28289295765978,48.711449642557895,328.58638616047256,1.545619396933552,13.781672192239881
2025-01-24 04:00:00,218.0718976295854,68.58500592726473,42.32158883392579,328.9784923907759,1.5085781155973397,17.32711052826127
2025-01-24 05:00:00,236.24238007042015,74.61722254158782,46.10092010297689,356.96052271498485,1.5109927465536899,12.608086634006783
2025-01-24 06:00:00,221.75194631337962,84.20620105920199,35.11477728297638,341.072924655558,1.5380831164095132,13.891548490577613
2025-01-24 07:00:00,232.23896078027863,79.2146064212425,34.98651457501726,346.4400817765384,1.491739717627765,11.107207220820866
2025-01-24 08:00:00,290.590327786294,110.78536818852554,36.55395889707798,437.92965487189747,1.507034519035884,10.904091717476765
2025-01-24 09:00:00,275.0425384474897,104.04604621545316,44.206853921867456,423.29543858481026,1.5390180768914936,10.841735512899504
2025-01-24 10:00:00,330.7606754816207,100.72151617335028,41.198930955772965,472.68112261074396,1.429072914796999,9.972252994311791
2025-01-24 11:00:00,333.72376055157514,106.70635500053065,30.580096868297993,471.0102124204038,1.4113775166680462,11.997983976742061
2025-01-24 12:00:00,362.3398255944604,122.27906018544925,46.064422192477906,530.6833079723875,1.4646011022987608,11.511009716509149
2025-01-24 13:00:00,384.79276786471587,136.43078607722515,43.814686167861694,565.0382401098027,1.468422193185442,13.19375714980747
2025-01-24 14:00:00,352.8423071692754,124.01386314661517,44.06310939398138,520.919279709872,1.476351529069789,12.441855391988906
2025-01-24 15:00:00,427.7605539413395,136.38306899133926,37.24303300678849,601.3866559394671,1.40589554225689,16.73643276942016
2025-01-24 16:00:00,360.0759445325956,126.24049139885936,33.24985243621414,519.5662883676691,1.4429352925591945,16.83680672240203
2025-01-24 17:00:00,355.26051332516283,112.96787536296024,49.05830312958292,517.286691817706,1.4560770826344098,15.552183375596774
2025-01-24 18:00:00,371.8319348727297,124.38259326179079,45.674209401352,541.8887375358725,1.4573485672266147,16.00455929472009
2025-01-24 19:00:00,286.1597365379089,83.60134740369818,28.06674711056128,397.82783105216834,1.3902299319438542,18.169666197063922
2025-01-24 20:00:00,305.43638608139287,108.6561002693806,40.17839830953842,454.2708846603119,1.4872847681587533,16.54279987704137
2025-01-24 21:00:00,302.55593940821876,115.55940605563592,29.465946672310324,447.581292136165,1.4793340134442812,23.001045821793888
2025-01-24 22:00:00,268.07850275697473,83.86105846459746,38.325643126196745,390.26520434776893,1.4557870188553013,19.005550687131212
2025-01-24 23:00:00,250.76575529848188,90.50023834221638,36.13245627850296,377.3984499192012,1.5049840017828222,18.03409777722783
2025-01-25 00:00:00,185.084652287031,69.39020394300448,35.03683637066523,289.5116926007007,1.564212315950019,16.330309599090782
2025-01-25 01:00:00,174.0879882077045,73.16091371977694,33.97720670153231,281.22610862901377,1.615425116484675,17.904296082416884
2025-01-25 02:00:00,164.79884430292162,62.95055417894399,22.693509130014355,250.44290761187997,1.5196884946082114,18.297035841577767
2025-01-25 03:00:00,204.86512385699984,81.20271884972236,35.614102750874274,321.6819454575965,1.5702133159675205,13.159996492553807
2025-01-25 04:00:00,182.96259799147958,58.54164199943415,35.548705883689564,277.0529458746033,1.5142600122430785,13.37904339693889
2025-01-25 05:00:00,159.49922936925827,72.0395738058983,42.43539332382481,273.97419649898137,1.7177148603313999,12.602823762318685
2025-01-25 06:00:00,184.92768158282718,40.0,31.98287592840036,256.9105575112275,1.3892487880250635,14.052775548408256
2025-01-25 07:00:00,221.8197030070258,75.10201971338579,40.77957718352248,337.70129990393406,1.5224134525743094,11.669409565576647
2025-01-25 08:00:00,248.48266409954104,92.4523757587842,39.93362858690017,380.8686684452254,1.5327776278696494,12.925001677387096
2025-01-25 09:00:00,217.87248764591226,80.34702582134315,44.65194949362543,342.8714629608808,1.5737253779289364,11.405271650699792
2025-01-25 10:00:00,259.6974834470343,98.06749845621232,38.835991063686805,396.60097296693345,1.5271652528270296,9.639723816551147
2025-01-25 11:00:00,235.2741720562181,80.27466379173893,42.97407613981016,358.5229119877672,1.5238515509560444,12.39708105417909
2025-01-25 12:00:00,282.67140853555014,111.80269532257711,39.042832229997394,433.5169360881246,1.5336426783807653,13.81820698865622
2025-01-25 13:00:00,336.84526823181665,104.9766163687975,37.0995219857333,478.9214065863474,1.4217845751561933,9.93146617845024
2025-01-25 14:00:00,325.63474018885813,115.69673893200465,31.413884650876124,472.74536377173894,1.4517657529339811,15.364763528576503
2025-01-25 15:00:00,309.28343457618575,110.62169817599548,43.47582301183467,463.3809557640159,1.4982404615332585,14.458162223406028
2025-01-25 16:00:00,291.78005382970287,116.41576191938326,36.15442856138756,444.3502443104737,1.5228945175595119,16.146046077426078
2025-01-25 17:00:00,304.13452740703553,105.15465205771802,33.23477110381693,442.52395056857046,1.4550270051263294,16.889141507308235
2025-01-25 18:00:00,294.069177746296,97.46577768082736,26.945152964230793,418.4801083913541,1.4230668837806315,19.96476944129386
2025-01-25 19:00:00,282.4488839987742,88.65380003010597,42.67998505950643,413.78266908838657,1.4649824889737655,14.312774451362893
2025-01-25 20:00:00,273.41206730272734,103.9320207261342,35.086988182164625,412.43107621102615,1.5084596677818691,19.776994012188293
2025-01-25 21:00:00,243.46257794218369,84.32265770352883,43.611528267865495,371.396763913578,1.5254778251866516,18.823623450479452
2025-01-25 22:00:00,188.6975791814731,71.56018717728763,43.17054906566493,303.42831542442565,1.6080138215902304,19.816727683293703
2025-01-25 23:00:00,191.27613502594312,72.07361042812656,40.81837822099361,304.16812367506327,1.5902042543561872,20.787476877928462
2025-01-26 00:00:00,180.55842534174934,60.1838134846661,36.12921206286418,276.87145088927963,1.5334175094030378,18.0766859682338
2025-01-26 01:00:00,155.8454326578541,46.32989868277022,35.253084448631434,237.42841578925575,1.5234865195601235,15.74426643763055
2025-01-26 02:00:00,194.61228379446894,58.82299384755721,25.678083598928815,279.11336124095493,1.434202177780967,17.333952105558915
2025-01-26 03:00:00,146.4895431271951,51.3894982847716,34.943361720715835,232.82240313268255,1.5893448649131607,15.644447334289667
2025-01-26 04:00:00,178.65686786188618,57.15834311624015,39.18714880067282,275.0023597787992,1.539276732375016,12.906480048513156
2025-01-26 05:00:00,183.41401831179203,53.87864857049273,33.554366816324205,270.847033698609,1.4766975621142897,13.509198965129242
2025-01-26 06:00:00,192.40010009011894,69.14813456580987,37.820972725358395,299.3692073812872,1.5559722018910833,11.736044818765805
2025-01-26 07:00:00,204.16312846692557,67.46954715254624,37.606227176345676,309.23890279581747,1.5146657729919837,11.662491412189796
2025-01-26 08:00:00,206.5642658647826,86.55787048797959,39.48274812254577,332.604884475308,1.6101762958992714,12.07573020860782
2025-01-26 09:00:00,243.89663830737214,84.29667834072379,32.536043728775624,360.7293603768715,1.4790255531208276,9.184759259733436
2025-01-26 10:00:00,277.38341203518735,97.67101034489147,28.898752909463568,403.95317528954234,1.4562989629614154,12.370126058499807
2025-01-26 11:00:00,259.7401720272352,98.92151158315887,33.73348191678171,392.3951655271758,1.5107218974430763,11.903847290522128
2025-01-26 12:00:00,319.5571370837059,115.7088107021472,55.09351877390068,490.35946655975386,1.53449699491865,10.847087760059294
2025-01-26 13:00:00,294.2042206532717,105.83310132974371,48.51850960661292,448.5558315896284,1.5246410489748363,13.744608060787058
2025-01-26 14:00:00,330.68994369571965,113.63098562990797,41.55995703236238,485.88088635799,1.4692944119433744,12.159410664586726
2025-01-26 15:00:00,311.32434941946684,110.0125704317477,34.903254596160224,456.2401744473748,1.4654818208024383,13.877066609912019
2025-01-26 16:00:00,344.4865920043032,113.95108549237258,46.1088627716495,504.54654026832526,1.464633318042238,16.34923978038147
2025-01-26 17:00:00,336.4829834536622,138.00475617825415,47.574782857447204,522.0625224893636,1.5515272633727641,15.138252147105018
2025-01-26 18:00:00,325.9296881238241,113.3849997147369,44.43318084336556,483.7478686819266,1.4842092828872517,18.129071543888767
2025-01-26 19:00:00,319.036847444861,106.03183288318499,39.88153004247935,464.9502103705253,1.45735583238824,18.81130767613293
2025-01-26 20:00:00,257.3420824023621,108.24635314331373,43.35764279103094,408.9460783367068,1.5891146699330243,20.585926107166497
2025-01-26 21:00:00,184.00945729218697,73.32377843526979,52.53664324379076,309.86987897124754,1.6839888749805285,20.46385475163133
2025-01-26 22:00:00,194.6884029471602,76.16029595909129,43.72230568176515,314.5710045880166,1.6157665265423815,19.124490761694144
2025-01-26 23:00:00,183.01056199137784,75.8951646316819,37.91325751832332,296.8189841413831,1.621868054562704,17.039293066589092
2025-01-27 00:00:00,249.80011117211225,81.41300152696532,44.33047324917332,375.5435859482509,1.5033763763599826,17.887778389289714
2025-01-27 01:00:00,235.70764263529927,85.02989585340245,39.44926900759888,360.1868074963006,1.5281083102324469,14.658143459605292
2025-01-27 02:00:00,189.79384011347162,59.98707882274273,43.583017982879504,293.3639369190938,1.545697883259546,14.281776286778092
2025-01-27 03:00:00,218.1602574295678,84.01245338268903,31.659003274302208,333.83171408655903,1.5302132387441618,14.84622531071463
2025-01-27 04:00:00,199.16877651632475,69.71803729324289,30.658701748798315,299.54551555836593,1.5039782881520782,14.500572612273656
2025-01-27 05:00:00,206.64149033541486,72.58779056800212,40.39738174262386,319.6266626460408,1.5467690545941741,13.658386308685412
2025-01-27 06:00:00,235.43423979872844,69.9338635573704,51.039582205308,356.4076855614069,1.5138311482055373,12.669799654093154
2025-01-27 07:00:00,224.109636772819,83.53994235072597,25.600773038138083,333.25035216168305,1.486996975946646,11.539509161204439
2025-01-27 08:00:00,286.5817033721227,98.38002334831955,44.776678051814564,429.7384047722568,1.4995318951477057,10.446351256496008
2025-01-27 09:00:00,306.24839709336356,113.5289346687882,41.82073683164498,461.59806859379677,1.5072668884959843,10.017442962401088
2025-01-27 10:00:00,351.51644704608515,128.25031610245097,38.980969468005654,518.7477326165418,1.4757424210894234,12.648533506823464
2025-01-27 11:00:00,358.28596798168866,118.38272026708712,48.56327573210178,525.2319639808776,1.4659573941442252,9.925838219955066
2025-01-27 12:00:00,367.104545354283,154.23197391664115,39.38569204423255,560.7222113151566,1.5274183292228602,10.58686743523189
2025-01-27 13:00:00,396.7111562609008,143.95394016761225,39.13717435377632,579.8022707822894,1.4615224745557118,12.337988269357657
2025-01-27 14:00:00,381.74703515106074,127.34236928082548,50.85097606095779,559.940380492844,1.466783835717992,15.100053258847138
2025-01-27 15:00:00,390.2849663771362,139.24762497177298,40.10649058846982,569.6390819373789,1.4595465647194084,15.888503006315942
2025-01-27 16:00:00,362.07223663827597,135.2629160005014,43.47152497511959,540.8066776138969,1.4936430438166501,15.062933037361306
2025-01-27 17:00:00,362.5376926441785,126.762121626147,43.47757960867914,532.7773938790046,1.4695779354504583,15.692451662782114
2025-01-27 18:00:00,360.8232710472639,129.94612198752478,40.64047340833558,531.4098664431242,1.4727704920493205,16.770282522337702
2025-01-27 19:00:00,361.7348059803149,128.48946168826242,34.06874771940923,524.2930153879865,1.449385037657996,17.842566032516494
2025-01-27 20:00:00,350.9489989239097,101.44020614349176,34.11478047625474,486.5039855436562,1.386252666442672,19.51085313233541
2025-01-27 21:00:00,328.3651088273516,103.92995454565839,42.96910411088332,475.26416748389335,1.4473650053172324,15.972750583634124
2025-01-27 22:00:00,267.06550445443,91.95470582317179,32.57949949485178,391.5997097724536,1.466305843476214,19.31624745582169
2025-01-27 23:00:00,252.30799120964573,111.64606236734014,42.483385123647935,406.43743870063383,1.6108781840481623,16.996750736642824
2025-01-28 00:00:00,218.0628890416475,66.64541551146797,24.939167804376602,309.64747235749206,1.419991607551127,18.030460297507254
2025-01-28 01:00:00,190.3847171683735,70.98182576766703,31.072311732524398,292.43885466856494,1.5360416477649108,15.620043546443503
2025-01-28 02:00:00,228.62502357596017,72.74438953888261,37.696231801116255,339.06564491595907,1.4830644503063561,13.485977024798517
2025-01-28 03:00:00,181.8777576899336,66.85512223737211,37.00574189732569,285.7386218246314,1.5710476391058248,15.403380566178182
2025-01-28 04:00:00,224.2111924247805,96.44286748334342,25.39538888961216,346.0494487977361,1.5434084492183882,12.512250423253796
2025-01-28 05:00:00,209.77411374426566,65.5803965128135,37.94719921091799,313.3017094679971,1.4935194046389408,12.237031519157293
2025-01-28 06:00:00,230.71294642099994,89.66219800193718,34.855189355124914,355.23033377806206,1.539706979121343,12.723852678431994
2025-01-28 07:00:00,272.9775475986753,97.91573093639815,29.8756729682775,400.768951503351,1.4681388818561423,12.712257227953822
2025-01-28 08:00:00,258.99569084600506,123.9426286338789,27.712081484785063,410.650400964669,1.5855491634756023,12.809750302901245
2025-01-28 09:00:00,309.0168131062088,116.86250770247443,37.45291009410501,463.33223090278824,1.4993754748986468,13.518662297989943
2025-01-28 10:00:00,304.84672978625457,123.45611646217603,48.05818153975012,476.3610277881807,1.5626246938000108,11.033039100762652
2025-01-28 11:00:00,342.1333525386714,120.50298130948443,32.96524945078253,495.60158329893835,1.4485626134415541,11.545540154333313
2025-01-28 12:00:00,359.2553009885354,127.76002791175965,43.46573445704221,530.4810633573372,1.4766130434196878,11.899970492367784
2025-01-28 13:00:00,378.71954504571005,119.07548417804676,52.290736967168066,550.0857661909249,1.4524884532287121,12.23667460840738
2025-01-28 14:00:00,361.3327337361773,139.15122084766233,47.28260303910551,547.7665576229451,1.515961623401909,12.684044808071382
2025-01-28 15:00:00,382.88311311159225,134.95943900324156,43.03808085431936,560.8806329691531,1.464887360560305,14.388433649776799
2025-01-28 16:00:00,391.7090428679972,135.95530083777254,42.8692558130064,570.5335995187761,1.4565239427240932,15.414859726924153
2025-01-28 17:00:00,361.6338264252524,130.4519366824713,40.425471938428785,532.5112350461525,1.4725150031179937,17.365714468588994
2025-01-28 18:00:00,372.2027999509532,139.71604820708015,46.944867537732385,558.8637156957658,1.5015032551324432,19.06374432917377
2025-01-28 19:00:00,352.1604248746952,120.74542283142773,37.15614960945788,510.0619973155808,1.4483796624707894,15.538269916258676
2025-01-28 20:00:00,319.4049903574948,105.33916835714774,50.30745381828953,475.05161253293204,1.4873017857398827,18.96685406310524
2025-01-28 21:00:00,289.38751729780034,104.94784374985845,35.79136221429168,430.1267232619505,1.4863347502971922,20.76216166666205
2025-01-28 22:00:00,277.8753902065691,97.3630756529838,47.89507257925296,423.13353843880583,1.5227456383390183,15.384155983318928
2025-01-28 23:00:00,238.8136720994207,63.52451613514128,30.019676944945694,332.35786517950766,1.3917036753287035,18.320111892986382
2025-01-29 00:00:00,241.90912692409276,106.65146521327718,34.21635674133142,382.7769488787014,1.5823171028962901,18.252628679979537
2025-01-29 01:00:00,221.17302924183386,93.86305173254284,30.483463781960033,345.51954475633676,1.5622137379984997,17.97015920323302
2025-01-29 02:00:00,235.06115535056577,64.87408936652963,46.96299406092275,346.8982387780182,1.475778668154084,12.560560059146471
2025-01-29 03:00:00,205.55827889185701,72.21143019163088,33.490719770273266,311.26042885376114,1.5142198627646293,15.46180650209391
2025-01-29 04:00:00,191.59628958589963,64.85278198022176,34.84887987068682,291.2979514368082,1.5203736568510564,14.033907489820718
2025-01-29 05:00:00,225.57275494915254,75.25025334449184,43.88389199523925,344.7069002888836,1.5281406673717564,12.476544475047424
2025-01-29 06:00:00,226.9011700478509,89.87581417690014,36.56441081211181,353.3413950368629,1.5572480078544644,10.538789749017148
2025-01-29 07:00:00,279.6802771134707,101.474082181994,32.929843110458556,414.08420240592324,1.4805627578734224,12.12309197271635
2025-01-29 08:00:00,255.5927907640595,96.3600105473862,34.86133765543695,386.81413896688264,1.513400036873321,9.392327026267136
2025-01-29 09:00:00,284.76196099587975,88.78911977692383,40.41158021140933,413.9626609842129,1.453714743136646,14.325827729747374
2025-01-29 10:00:00,315.30858165720304,98.39065672549478,31.89312109850589,445.5923594812037,1.413194519284104,10.403108870831193
2025-01-29 11:00:00,336.83007927522283,123.48447563418587,30.27968280811663,490.5942377175253,1.4565036435379104,14.470713846811694
2025-01-29 12:00:00,362.998020390566,129.13543493567627,50.05115346412954,542.1846087903718,1.493629657283009,12.247360618740638
2025-01-29 13:00:00,420.7437326640098,158.1832307591701,43.26816074867815,622.1951241718581,1.4787983179982855,14.229111609995456
2025-01-29 14:00:00,381.3633856890277,139.13032989633015,39.62612591082688,560.1198414961848,1.4687299895982124,13.422130754980616
2025-01-29 15:00:00,412.820414497785,151.88545771917788,47.253223533682686,611.9590957506456,1.4823857402864196,13.597361881982252
2025-01-29 16:00:00,373.2788161460046,123.01303243625279,38.55632480186471,534.8481733841221,1.4328382706157134,18.215593547514978
2025-01-29 17:00:00,364.61853928653153,139.3383742849217,43.00734090819518,546.9642544796484,1.5000999552845624,16.930356281751433
2025-01-29 18:00:00,359.6500349180469,121.72764615323536,40.99788711338625,522.3755681846685,1.4524552133123014,16.615013289129294
2025-01-29 19:00:00,372.3479047175771,144.8880045397511,48.632692421925476,565.8686016792537,1.5197308606005466,19.163046974121613
2025-01-29 20:00:00,326.14917406998336,120.02530083297995,49.68975906610034,495.86423396906366,1.5203602320411327,16.672337041305973
2025-01-29 21:00:00,305.7760477949165,128.77201832488882,32.36510241384764,466.91316853365294,1.5269775768925198,23.689755772829336
2025-01-29 22:00:00,264.3493100621351,96.10933585608915,39.93782552001076,400.39647143823504,1.5146492016344668,16.733267036418518
2025-01-29 23:00:00,250.52551517920833,105.84003959745058,39.026623095940096,395.39217787259895,1.578251131784973,18.166953531158374
2025-01-30 00:00:00,277.63170658131395,113.33971077397663,42.84433881429885,433.8157561695894,1.5625584034024285,17.494608899697624
2025-01-30 01:00:00,197.5926068682085,85.5496777036775,36.044170428184,319.18645500006994,1.615376506535808,19.28329627877551
2025-01-30 02:00:00,171.52868126119415,51.290902093258694,39.35276884048703,262.1723521949399,1.5284461482900267,16.357024443364672
2025-01-30 03:00:00,203.40998602434126,76.8345573398739,31.901201971986524,312.1457453362017,1.534564509034716,14.769153196297014
2025-01-30 04:00:00,190.75182233406775,60.306755640653904,37.36740961703321,288.42598759175485,1.5120483991320839,11.990163112780946
2025-01-30 05:00:00,193.23422795484478,41.905164426819674,28.99266625515412,264.13205863681856,1.3669009959174585,11.154793492339632
2025-01-30 06:00:00,193.29187023005375,51.61910059913701,43.761476307447765,288.67244713663854,1.4934536397886984,12.258310040485423
2025-01-30 07:00:00,258.8009068458216,102.93921201220563,35.64624133944308,397.3863601974703,1.5354906017937944,9.450177491479627
2025-01-30 08:00:00,272.5650519383704,92.56918359004236,31.843084779013886,396.9773203074267,1.456449818068338,11.732531415373213
2025-01-30 09:00:00,290.58884867729006,106.55813134998392,37.81623741209701,434.96321743937096,1.4968338235250525,10.474191021668537
2025-01-30 10:00:00,335.6834525727635,107.88599470861354,47.22459078603578,490.7940380674128,1.4620739697052159,11.538722359706991
2025-01-30 11:00:00,361.3633473777536,128.79117538213399,44.03170937450448,534.1862321343921,1.478252390594492,9.58302690088498
2025-01-30 12:00:00,363.0843715223996,122.55865528689414,52.87666093191778,538.5196877412114,1.4831805772394386,9.12359578376347
2025-01-30 13:00:00,391.19781349888797,127.50229947230258,50.67616726754914,569.3762802387396,1.4554689739858633,11.576122880911909
2025-01-30 14:00:00,356.89561947306663,122.89836938077067,31.267444724728936,511.0614335785662,1.431963312783484,11.409588297738612
2025-01-30 15:00:00,393.84333921744945,131.86934753493787,52.809307454862235,578.5219942072496,1.4689139985374617,12.445306612327165
2025-01-30 16:00:00,364.35632374630484,128.94739957771847,40.104156198351305,533.4078795223746,1.4639731624193726,14.423333388049933
2025-01-30 17:00:00,372.53058528751876,134.15552942745538,40.99441025503281,547.6805249700069,1.4701625761742692,16.63345249247234
2025-01-30 18:00:00,387.7641407023957,127.60483646094825,50.049146174009216,565.4181233373532,1.4581495914324496,14.192677996217036
2025-01-30 19:00:00,340.5120297505229,130.23647710646785,31.789758239896454,502.5382650968872,1.4758311636304693,16.16510072673417
2025-01-30 20:00:00,355.7395821608241,117.41308882606732,34.109960724614425,507.2626317115059,1.4259381220113443,17.71201191449448
2025-01-30 21:00:00,320.1685852573138,114.52802012520559,37.6614175495231,472.35802293204245,1.4753415690437484,18.609126620921437
2025-01-30 22:00:00,288.7065306501187,93.36546231797675,31.620321258880015,413.69231422697544,1.4329163711517359,16.929902499474775
2025-01-30 23:00:00,229.82179547765338,78.84418381106649,49.17257860486089,357.83855789358074,1.557026204367875,18.128052533435586
2025-01-31 00:00:00,234.5612619675494,93.3941903428102,32.37283938027438,360.328291690634,1.5361798818275627,17.305926705715354
2025-01-31 01:00:00,227.6646140252891,91.3066011137321,38.264055960720825,357.235271099742,1.5691295400876841,14.134771424614236
2025-01-31 02:00:00,227.0464596742429,92.65105215303076,42.69499578315067,362.39250761042433,1.5961160906466918,15.121737827137068
2025-01-31 03:00:00,206.91759435889898,84.27893543280219,24.04047466023044,315.23700445193157,1.5234905732818078,13.1417941963677
2025-01-31 04:00:00,182.78693948913048,66.20729452125023,30.01924697247655,279.01348098285723,1.5264410124851886,12.983869462694797
2025-01-31 05:00:00,235.73002169688505,78.43453208180188,35.50705069793696,349.6716044766239,1.4833562647622853,12.080656436086194
2025-01-31 06:00:00,203.96927573863138,85.06194800944704,32.08809159302303,321.11931534110147,1.5743514025739225,10.581390991835521
2025-01-31 07:00:00,237.45751854365827,87.15077811829715,38.99707040244707,363.6053670644025,1.5312438590886355,12.909533027483342
2025-01-31 08:00:00,235.33695014135287,74.88694192741406,36.60405385014494,346.8279459189119,1.4737504914149395,10.477753684948443
2025-01-31 09:00:00,297.1892227650881,104.13620923735718,45.28299568917756,446.6084276916228,1.5027746414769638,8.744234851047029
2025-01-31 10:00:00,335.4230998639062,123.03957136814779,38.15683619638449,496.6195074284385,1.4805763456062977,12.158216245206983
2025-01-31 11:00:00,359.6247113721729,112.35813363583166,32.45529981746445,504.438144825469,1.4026793178387282,10.837651762520878
2025-01-31 12:00:00,341.1041681298083,115.66915555994139,41.545291044760376,498.31861473451,1.4608986382859832,9.70466225604756
2025-01-31 13:00:00,384.28083698481544,123.71815062720098,41.74983691960216,549.7488245316185,1.4305913062048978,14.102087433900733
2025-01-31 14:00:00,388.6495239874604,146.51310632219798,45.303817080800485,580.4664473904589,1.4935473004958253,12.072642388170088
2025-01-31 15:00:00,397.18722819965114,142.17578924760224,48.996328618757786,588.3593460660111,1.481314866877504,11.36832088321923
2025-01-31 16:00:00,401.1677794055917,145.63578735472714,39.86967964643313,586.673246406752,1.4624136745877818,16.415547273596584
2025-01-31 17:00:00,382.82159209117754,132.02307281969496,40.2082244779622,555.0528893888347,1.4498996421723163,17.237272339045226
2025-01-31 18:00:00,393.9267371696928,139.29565913834702,36.19340295977781,569.4157992678176,1.4454865474707015,16.40922795263847
2025-01-31 19:00:00,322.181540960666,135.6416092995356,39.73253729704783,497.5556875572494,1.544333316159768,22.956510621067686
2025-01-31 20:00:00,330.41220875778436,129.6026767078377,37.72517611378248,497.74006157940454,1.506421519503486,18.29686534909858
2025-01-31 21:00:00,303.36796988221,106.19932659962339,43.59498678441753,453.16228326625094,1.4937710248125478,20.83272109008612
2025-01-31 22:00:00,252.22702205000616,81.41145471220129,28.530376469000856,362.16885323120835,1.435884427796976,19.898747991840395
2025-01-31 23:00:00,257.3942252816944,90.7692059452779,32.29300974576937,380.4564409727417,1.4781079123137553,17.418127309076574
2025-02-01 00:00:00,188.96015682200397,67.91997924089578,35.94015911967016,292.8202951825699,1.5496404115413587,17.243475888302804
2025-02-01 01:00:00,162.622895110302,64.69473101289672,34.84892633753458,262.1665524607333,1.6121134252524159,17.147622334887703
2025-02-01 02:00:00,183.5743788180898,66.26512467242091,36.79351452792912,286.6330180184398,1.5613999070233782,13.756043160325993
2025-02-01 03:00:00,168.1761310253345,63.91597953574432,33.293465652585645,265.3855762136645,1.5780216526308724,18.677619172499938
2025-02-01 04:00:00,191.8909547418925,60.917204354317775,28.457687233124673,281.2658463293349,1.465758751931055,12.732216743327037
2025-02-01 05:00:00,174.3880321764458,60.07296209565733,36.77833446255052,271.2393287346536,1.5553781148250683,12.95613353519781
2025-02-01 06:00:00,219.0449801318437,97.9798977104274,41.17917734500264,358.2040551872737,1.6352990831913603,11.536804112738688
2025-02-01 07:00:00,216.5806629249149,78.85767529854381,31.87276011462299,327.3110983380817,1.5112664903586306,10.695390863831793
2025-02-01 08:00:00,232.84937910840006,85.24381597389329,30.248371386504992,348.3415664687983,1.4959952558285858,12.341966553863953
2025-02-01 09:00:00,264.6571627770006,93.23278041947226,40.65283003408737,398.5427732305602,1.5058831926131213,10.74276142569077
2025-02-01 10:00:00,303.63653126835527,114.89925091229317,40.204714835769316,458.74049701641775,1.510821162065578,8.874143959128968
2025-02-01 11:00:00,282.31446367461666,114.68754074079038,37.85004309916187,434.85204751456894,1.540310906690776,8.624873003880502
2025-02-01 12:00:00,301.5959766453323,109.65027248531858,37.256446303954334,448.50269543460524,1.487097740571091,12.62531176996259
2025-02-01 13:00:00,309.3969196397085,99.45215548208242,40.400480778724486,449.2495559005155,1.4520168992750955,11.959720701818554
2025-02-01 14:00:00,323.000173471146,98.38790985163561,40.77429373873818,462.1623770615198,1.4308425041846156,10.68353041395783
2025-02-01 15:00:00,285.5133188711989,99.78856837111586,47.112521102663656,432.4144083449784,1.5145157152547748,14.373080160487836
2025-02-01 16:00:00,346.2866362359787,132.54407471212934,35.96127033958249,514.7919812876905,1.486606549081158,14.55903684144137
2025-02-01 17:00:00,341.9015183660231,122.87315373038182,45.72256334170016,510.49723543810506,1.4931119284810885,15.437590283984056
2025-02-01 18:00:00,325.57943777202195,125.41542971847659,34.391942246070634,485.3868097365692,1.4908398793797537,19.42871260185909
2025-02-01 19:00:00,284.3374983173967,109.31300269401247,40.13124592683762,433.7817469382468,1.5255875482664278,17.692383893759256
2025-02-01 20:00:00,235.26531777530823,76.76022542743185,43.52342977643469,355.5489729791748,1.5112681135548602,19.014094478540194
2025-02-01 21:00:00,226.8377050643003,89.47068771075456,35.64883008715911,351.957222862214,1.5515816595060632,19.357735392921242
2025-02-01 22:00:00,229.0198279436991,70.00180880480355,38.19793526853456,337.2195720170372,1.4724470586011325,11.744592835469902
2025-02-01 23:00:00,200.47652651664458,75.35360455128425,40.61529339847927,316.4454244664081,1.5784662172912058,17.646099059097295
2025-02-02 00:00:00,164.58083285432923,49.98936458655129,40.062845198523064,254.63304263940358,1.5471609799470374,16.199910846278758
2025-02-02 01:00:00,170.852930261988,47.26483585933974,37.74612368274704,255.8638898040748,1.4975680511404161,16.10082930858726
2025-02-02 02:00:00,143.7656501672912,40.0,42.16501389003268,225.9306640573239,1.571520483470303,13.209994348558581
2025-02-02 03:00:00,145.98415302923658,44.58713071461418,32.60482573762065,223.1761094814714,1.5287694236015836,14.849294718703858
2025-02-02 04:00:00,177.7754981672394,63.861455002067075,33.16992981142508,274.80688298073153,1.5458085383746833,12.227855500510604
2025-02-02 05:00:00,165.54332809789616,54.4321347948289,37.30725871468098,257.282721607406,1.5541714943368699,9.751562062198039
2025-02-02 06:00:00,168.79099572569996,45.39414382413753,37.23806706117863,251.42320661101613,1.4895534298500182,11.316874836290168
2025-02-02 07:00:00,191.4124021289799,67.40447360559645,41.56307639699165,300.37995213156796,1.5692815553778077,9.503776389461818
2025-02-02 08:00:00,212.37494621589474,79.6056585502708,28.591118631968566,320.5717233981341,1.5094611163420821,10.382738038844758
2025-02-02 09:00:00,253.38866933359398,93.32640619206371,32.28881250636202,379.00388803201974,1.4957412619466794,7.459032687672657
2025-02-02 10:00:00,280.2273854892598,107.45841173878692,19.822582834199046,407.5083800622458,1.4542061238974242,9.297531297477398
2025-02-02 11:00:00,295.33414873165884,97.91383459287378,57.10377445080012,450.35175777533277,1.5248888748876894,10.234658347942258
2025-02-02 12:00:00,287.980227729688,99.59283656308266,36.34051632034186,423.9135806131125,1.4720232147709045,11.16938130030201
2025-02-02 13:00:00,299.6328175647487,92.33958744092291,42.04617253843834,434.0185775441099,1.448501472807869,10.965562395689908
2025-02-02 14:00:00,349.550223527815,125.62392219151187,44.65603841678894,519.8301841361158,1.487140185149248,14.510487319709068
2025-02-02 15:00:00,320.992708139226,121.36144715373528,37.87854185642161,480.23269714938294,1.49608600124676,9.784897593998245
2025-02-02 16:00:00,306.2900759266126,104.47842787728845,41.513727559288746,452.28223136318974,1.4766467049084444,13.66937509688968
2025-02-02 17:00:00,325.34326678830104,116.71869202391584,34.057885494765216,476.1198443069821,1.4634384445914796,14.92148074921444
2025-02-02 18:00:00,277.4963118812865,88.08900988756031,33.79861235042073,399.38393411926756,1.4392405124653507,16.327565049986983
2025-02-02 19:00:00,310.31578801015587,115.7427308692113,48.10357681571325,474.16209569508044,1.527998619520971,19.817356529561845
2025-02-02 20:00:00,296.8635275620258,97.55377653081801,37.236483904664325,431.6537879975082,1.4540478971682356,17.014107110378266
2025-02-02 21:00:00,259.20505851801386,96.13177940898692,40.67703561919406,396.0138735461948,1.5278014858597877,15.894539125430562
2025-02-02 22:00:00,170.25092555302365,57.91971898885733,29.594268500518574,257.76491304239954,1.5140294374618255,16.91345662342026
2025-02-02 23:00:00,213.98592602930472,86.9960591261746,32.9357312295029,333.9177163849822,1.5604657866109064,15.22112686144532
2025-02-03 00:00:00,248.77163258164504,95.87515588698065,41.081346214290036,385.7281346829157,1.5505310259051444,15.803454162137106
2025-02-03 01:00:00,227.72411101987544,78.45305330940613,38.56674240698281,344.7439067362644,1.5138665167790497,12.115658100379122
2025-02-03 02:00:00,260.3002600763588,73.13692941514421,33.22332067187363,366.66051016337667,1.4086060077535734,15.719390037695495
2025-02-03 03:00:00,196.35181758642585,65.8928653815429,36.681893551533264,298.926576519502,1.522402900028807,13.01190718574487
2025-02-03 04:00:00,203.54476630236053,72.9373620735572,37.87586299808691,314.35799137400465,1.5444169706974136,13.669134247399812
2025-02-03 05:00:00,242.36985137317433,86.46288826087685,33.36192313841841,362.1946627724696,1.4943882694997501,9.657088318626638
2025-02-03 06:00:00,237.64710711609504,93.81428292319481,42.724510184210686,374.18590022350054,1.574544309688162,11.945493049730313
2025-02-03 07:00:00,275.89030743894705,101.09642244555211,48.85368216444597,425.8404120489451,1.543513492742695,9.176000730703427
2025-02-03 08:00:00,277.7589061209239,88.88179128544246,38.44286230177464,405.083559708141,1.4583998956699002,9.403725768084517
2025-02-03 09:00:00,289.5070094376674,107.67842166112821,40.79821875064029,437.9836498494359,1.5128602609662767,7.207222940462451
2025-02-03 10:00:00,304.10663566860234,116.03290163114048,31.18836151045059,451.3278988101934,1.4841106568355984,11.946557258439364
2025-02-03 11:00:00,342.1682437197113,129.93202335724953,49.636819697720114,521.737086774681,1.5247969276835178,9.088061062034697
2025-02-03 12:00:00,356.03836890874817,129.5914152584282,32.537203622861995,518.1669877900383,1.455368390149106,11.681058805181348
2025-02-03 13:00:00,394.2157328694217,139.97485775247452,45.78477378186301,579.9753644037593,1.4712131354632358,11.12448082072684
2025-02-03 14:00:00,394.9244100001447,137.2681214517782,46.062606672628206,578.2551381245511,1.4642172615370603,12.116870446940574
2025-02-03 15:00:00,356.7100969659398,137.4346920564173,45.20508977150618,539.3498787938632,1.5120118084164091,13.134609772338287
2025-02-03 16:00:00,406.0940957386923,143.12413264761773,40.21474126054843,589.4329696468585,1.4514689473006732,16.28340304927314
2025-02-03 17:00:00,370.90650642670875,127.55205104417495,37.05441317078099,535.5129706416647,1.4437950301836568,15.499204349221271
2025-02-03 18:00:00,341.6143431571672,109.3551678097918,39.409039109459634,490.3785500764186,1.4354741242548155,15.877271558608985
2025-02-03 19:00:00,383.63875085366953,133.16382375380516,36.906667367208634,553.7092419746834,1.4433089481773531,16.037075010603626
2025-02-03 20:00:00,321.81545780656415,115.34208330604206,35.98026295098839,473.1378040635946,1.4702146605648347,16.27412028063944
2025-02-03 21:00:00,302.9547378519525,122.7959023023759,44.129058091405476,469.87969824573383,1.5509897669114983,20.92264857068519
2025-02-03 22:00:00,288.0178797104183,107.97727074794358,42.59956942435909,438.59471988272094,1.5228037937217545,16.80918248061586
2025-02-03 23:00:00,233.90794883289013,72.03209563264834,42.15389060591784,348.09393507145626,1.4881663355534085,16.312835087725894
2025-02-04 00:00:00,239.54419325275055,93.54114383497216,39.929469998017304,373.01480708573996,1.5571857619281149,17.2461615730429
2025-02-04 01:00:00,227.61551310541594,61.499544417717985,35.36362913561263,324.4786866587466,1.42555611536227,15.557464281063103
2025-02-04 02:00:00,203.07010911336295,63.64561211260908,18.4906517192754,285.2063729452474,1.4044724464398266,15.674790982955901
2025-02-04 03:00:00,216.9423106251707,83.29342276723872,33.65554317497487,333.8912765673843,1.5390786407925563,14.780173992446992
2025-02-04 04:00:00,227.8908909411433,65.32301216499667,38.76108332171868,331.97498642785865,1.456727757116,12.436872345222431
2025-02-04 05:00:00,228.1411456078834,76.14701287475073,39.126644721444386,343.4148032040785,1.5052734231216722,12.875037189637496
2025-02-04 06:00:00,199.49563636057871,56.06297152726147,40.6636443374512,296.2222522252914,1.4848557974966632,10.225021701158928
2025-02-04 07:00:00,249.446365166672,86.12283061578171,35.27651219265448,370.84570797510816,1.4866751324571157,10.17297214103884
2025-02-04 08:00:00,284.0415451285858,113.95935824279516,38.18217038487312,436.18307375625415,1.5356312526704279,10.34227946676967
2025-02-04 09:00:00,330.0866069472794,126.87013361768487,38.63850096704161,495.59524153200584,1.501409724300511,10.331791139941238
2025-02-04 10:00:00,337.5717028830481,133.45908683337828,32.82410085601353,503.8548905724399,1.4925862750616887,8.232948640844109
2025-02-04 11:00:00,354.32578565086305,134.33238019331316,41.9011421249648,530.5593079691411,1.4973770734595384,9.185244383084985
2025-02-04 12:00:00,343.49050114120456,135.26693829672655,56.918440339393044,535.6758797773241,1.5595071129990712,9.558640843437724
2025-02-04 13:00:00,391.05795542232653,156.84406503829467,44.74753417949213,592.6495546401134,1.5155031279189197,12.414229859819942
2025-02-04 14:00:00,433.36265018577654,154.1280062233668,41.92568717701308,629.4163435861565,1.4524009932935715,15.879159057496807
2025-02-04 15:00:00,391.9399415583734,154.8667545851427,46.93869526504295,593.745391408559,1.5148887073049937,11.885862964532208
2025-02-04 16:00:00,380.8764632715779,138.67708892694975,39.777973528256254,559.3315257267839,1.4685379110127932,12.200816312041258
2025-02-04 17:00:00,381.6677576793122,146.5566749374994,43.76662616682217,571.9910587836338,1.4986622455655174,15.925944512454222
2025-02-04 18:00:00,376.6638137827203,120.44855111544008,46.18458885776613,543.2969537559266,1.4423922178766264,17.560462468833563
2025-02-04 19:00:00,338.2004433641188,104.99751315778722,50.45355735251081,493.6515138744169,1.4596418294547704,14.770417501183822
2025-02-04 20:00:00,326.60163137930095,106.0772133093859,39.15175611045946,471.83060079914634,1.4446670055091757,17.709825686893208
2025-02-04 21:00:00,281.47448307745185,101.21719358956146,34.27840294595901,416.9700796129723,1.4813779034394279,18.813886159541568
2025-02-04 22:00:00,272.44650912730657,97.0459404995754,37.132629316171915,406.6250789430539,1.4924950965440686,15.763708378423823
2025-02-04 23:00:00,255.6747627945144,75.43955411752783,34.433091266418316,365.54740817846056,1.4297359824764977,16.508158754618144
2025-02-05 00:00:00,227.9697779036175,84.1058732316269,40.194602969740295,352.2702541049847,1.5452498017255591,14.398535579781091
2025-02-05 01:00:00,204.1385042060894,69.24872789733571,30.672414880029088,304.0596469834542,1.489477196700181,15.661668339864157
2025-02-05 02:00:00,245.98830923359247,95.67539277573893,35.83583964924006,377.4995416585715,1.5346239129604118,13.422940094400353
2025-02-05 03:00:00,212.15506247950586,79.46758811396708,42.579173608853026,334.20182420232595,1.5752715032883544,11.175090099964025
2025-02-05 04:00:00,228.72968326268816,89.66318061640757,28.52708654397219,346.9199504230679,1.516724657134432,13.693707969110402
2025-02-05 05:00:00,195.66736760614376,69.53288571793053,38.334734694324425,303.53498801839874,1.5512805826129388,10.515876531881514
2025-02-05 06:00:00,233.85362282189456,94.54496368887999,44.85371365627397,373.2523001670485,1.5960937259087127,8.032229691919865
2025-02-05 07:00:00,249.67197098048547,92.93708630677145,37.6600609669417,380.2691182541986,1.5230749241128099,8.851983447410934
2025-02-05 08:00:00,315.19315069684814,111.70480413678031,39.01785477766693,465.91580961129534,1.47819141558508,8.312521100268402
2025-02-05 09:00:00,316.3364629069578,103.87674440276272,38.082278336910555,458.2954856466311,1.4487595942470497,10.199133577707808
2025-02-05 10:00:00,321.93743079325304,95.2309428863633,51.87829458341323,469.0466682630296,1.45694977781024,11.429747084453055
2025-02-05 11:00:00,356.872824551804,162.40753030824382,45.780871883390965,565.0612267434389,1.5833686060380145,10.188096775009674
2025-02-05 12:00:00,367.18538487267955,121.02637745113465,26.180140893695448,514.3919032175096,1.4009051678238051,9.912884815287976
2025-02-05 13:00:00,387.3289300793096,141.31571559553132,47.6892859693031,576.3339316441441,1.4879702673542452,12.511302215179212
2025-02-05 14:00:00,357.6837502430535,103.77947624152199,39.6496653947873,501.1128918793628,1.4009942904558739,14.085472464529008
2025-02-05 15:00:00,348.53594638195534,129.42773806019085,41.65197130841523,519.6156557505615,1.490852410331078,14.198611684078944
2025-02-05 16:00:00,385.80953231569845,136.58683558352587,41.028344356644595,563.4247122558688,1.4603701180582347,15.870326687790882
2025-02-05 17:00:00,378.7111313226632,130.11545442266572,51.85795625610258,560.6845420014315,1.4805071613375058,15.137373401603845
2025-02-05 18:00:00,364.7918496068105,134.472584356944,49.10441869440517,548.3688526581597,1.5032376771828013,16.725753317665028
2025-02-05 19:00:00,372.1794994078565,140.2197434543859,48.059924508622906,560.4591673708653,1.5058840378434728,19.41169731196167
2025-02-05 20:00:00,319.9495114731927,118.01046146519876,49.34239779226253,487.302370730654,1.5230602118655936,14.469960555809063
2025-02-05 21:00:00,301.76500428121267,106.25580335876143,33.04276330650715,441.06357094648126,1.4616127274170507,17.08486773764524
2025-02-05 22:00:00,268.1331915125889,98.95687168878904,34.53255246358358,401.6226156649615,1.4978474443963243,16.336686213943587
2025-02-05 23:00:00,222.5176039218413,81.4409925999146,42.48693996699057,346.4455364887465,1.5569354081775684,18.139233512328463
2025-02-06 00:00:00,215.23123336767702,68.81867513301464,44.72663500694292,328.7765435076346,1.5275503390624976,15.547672396534344
2025-02-06 01:00:00,208.9786481573655,65.98146524972664,44.33631171335218,319.2964251204443,1.5278901836899965,13.355660292573647
2025-02-06 02:00:00,209.64576509700382,93.76621716240281,39.4163595777921,342.8283418371987,1.6352743480345089,13.975007178611971
2025-02-06 03:00:00,238.80788430700508,94.71749295845561,38.579610910579014,372.1049881760397,1.5581771483627875,15.366443677363497
2025-02-06 04:00:00,219.76300436685227,79.1181095901092,31.283659625081853,330.1647735820433,1.502367400433316,11.166869888516882
2025-02-06 05:00:00,218.5091384665155,78.34914917844496,42.39074405324848,339.2490316982089,1.5525622135487742,7.523207340965632
2025-02-06 06:00:00,203.24310337612314,61.840066197407985,37.70989272445194,302.79306229798306,1.489807315811509,9.157209963309928
2025-02-06 07:00:00,267.7761608130773,85.00805780969992,29.722438726806537,382.50665734958375,1.4284567236610535,4.844941531724311
2025-02-06 08:00:00,268.010352204931,87.17826262068506,37.28705070645413,392.4756655320702,1.4644048720624352,8.491331853299322
2025-02-06 09:00:00,254.62535269081417,82.35915224094728,45.191006234102105,382.17551116586355,1.5009326727567882,8.356921808456661
2025-02-06 10:00:00,327.8134059781676,111.92964546856773,31.272328559716577,471.01538000645195,1.4368398955527206,9.721757615488288
2025-02-06 11:00:00,348.93744693402834,122.68446725295979,46.29124256981648,517.9131567568046,1.484257884350038,8.523048574811133
2025-02-06 12:00:00,372.00149747846746,124.45436899305992,41.34899782971526,537.8048643012427,1.4457061811488336,12.78123963103575
2025-02-06 13:00:00,383.1531872041286,133.9094770950545,47.826798868864074,564.8894631680472,1.4743175367796089,9.39202691346776
2025-02-06 14:00:00,372.54068823256273,115.27835312227937,45.10317512515543,532.9222164799976,1.430507413856805,13.563699462619406
2025-02-06 15:00:00,386.5118896798357,138.08593607875898,47.07989183926085,571.6777175978556,1.4790689054129762,12.07406139190128
2025-02-06 16:00:00,369.1976547202801,145.44630046099562,50.6395289490279,565.2834841303036,1.5311134209630515,13.027839619203482
2025-02-06 17:00:00,374.5276617289912,144.15610644588253,39.600053565721105,558.2838217405947,1.4906344144603392,18.791389017018094
2025-02-06 18:00:00,370.38292791703805,129.96058560784675,35.16571493839484,535.5092284632797,1.445825895580231,17.353972807657396
2025-02-06 19:00:00,353.354973705911,131.31454588314222,48.56260580872373,533.2321253977769,1.5090551006127155,16.582913403595505
2025-02-06 20:00:00,308.2259827648271,120.10839335450983,36.74512334241664,465.0794994617536,1.5088912858349255,17.642189469415733
2025-02-06 21:00:00,327.6421773086075,91.95723308470309,38.65527089145561,458.25468128476615,1.3986437431501202,17.08933686874327
2025-02-06 22:00:00,273.4955557348951,107.61118828755092,34.45264531659859,415.5593893390446,1.5194374483432371,16.7127307186491
2025-02-06 23:00:00,214.74328593396518,92.4191936125678,44.74638757289998,351.9088671194329,1.6387421175423706,20.132619034728272
2025-02-07 00:00:00,261.59146647263515,88.00983784377848,43.14150909533789,392.7428134117515,1.501359423942967,16.09730396255033
2025-02-07 01:00:00,240.0455734445859,70.25996444271512,27.006034310807284,337.3115721981083,1.4051980520106366,15.867242567368415
2025-02-07 02:00:00,238.46472707887705,97.00094387662911,35.596372735658484,371.0620436911646,1.5560458279786944,13.539584561044856
2025-02-07 03:00:00,209.16619168384076,62.965645857748285,26.839643107681752,298.9714806492708,1.4293489700341855,11.884309929214274
2025-02-07 04:00:00,207.764406166764,88.95889956728846,30.38456483152541,327.10787056557785,1.5744172767640563,11.159583215048649
2025-02-07 05:00:00,209.35605481877406,62.061321445799564,38.78555874133899,310.2029350059126,1.4817003275803755,9.50841976786554
2025-02-07 06:00:00,249.94982104658294,87.76717732391211,19.860527649793227,357.57752602028825,1.4305972475717308,9.816539568421055
2025-02-07 07:00:00,271.27843765730717,110.60741454628877,39.012888446777204,420.89874065037316,1.5515377642438137,9.508313466222926
2025-02-07 08:00:00,291.62000163891605,115.13090651457183,45.38948304111517,452.14039119460307,1.5504436892310405,8.911574643915714
2025-02-07 09:00:00,316.1568624344178,125.04732527595388,34.0581146151941,475.26230232556577,1.5032484149356464,6.900150450035391
2025-02-07 10:00:00,311.314211604383,105.33562459664378,46.740281121822214,463.390117322849,1.48849650947424,6.369324776815619
2025-02-07 11:00:00,350.23654115902133,122.41275860957627,40.892058513480954,513.5413582820786,1.466270071599726,8.107946060356102
2025-02-07 12:00:00,376.68742604602534,132.665500621379,48.842803760411314,558.1957304278156,1.4818538975060263,10.952070802920623
2025-02-07 13:00:00,377.62176000018445,134.27199719106505,28.748808634225817,540.6425658254753,1.4317039511314478,11.694798437880632
2025-02-07 14:00:00,421.0682741368431,149.58302000119804,31.2411016040883,601.8923957421295,1.429441334605324,8.98569186255752
2025-02-07 15:00:00,351.8832764977557,121.79378712576128,44.06141768707835,517.7384813105953,1.4713358545014499,13.739746625008669
2025-02-07 16:00:00,396.192267866331,146.32639511489694,37.93264844167653,580.4513114229045,1.4650748096344464,10.593838650108072
2025-02-07 17:00:00,373.61853209709375,106.78505180318018,46.55439919850325,526.9579830987772,1.4104171443022384,12.44894419478585
2025-02-07 18:00:00,365.18709204013095,132.72247672401082,33.41455787981114,531.3241266439529,1.4549367659072816,15.496015534304028
2025-02-07 19:00:00,346.53743459531347,129.3447719016898,44.01425681609383,519.8964633130971,1.5002606108636787,16.172172740285156
2025-02-07 20:00:00,320.7512525308859,110.80617594971586,41.96476291490575,473.5221913955075,1.4762910126123698,18.163742763026193
2025-02-07 21:00:00,303.31038144252085,84.07285725214356,34.96094803938209,422.3441867340465,1.392448833189982,17.219964390954118
2025-02-07 22:00:00,275.3522598250673,116.11488919565683,40.53824230821067,432.00539132893476,1.5689189970817383,18.586875433979888
2025-02-07 23:00:00,230.18128060454399,72.15361279871517,37.70316636488825,340.03805976814743,1.4772620035611825,14.164240056077205
2025-02-08 00:00:00,206.65738482809928,85.69851390493545,38.58134597887327,330.937244711908,1.6013811700326441,13.78949669622893
2025-02-08 01:00:00,194.12848333444077,75.8513468997051,26.242117186758513,296.22194742090437,1.5259066692989043,13.164791150843847
2025-02-08 02:00:00,154.08883126238595,43.58967221011492,33.64710935672725,231.3256128292281,1.50124840933683,15.232211955234177
2025-02-08 03:00:00,182.213969955481,53.765579693746574,29.933747212307463,265.91329686153506,1.4593463768255732,12.933803848987997
2025-02-08 04:00:00,175.22199960159213,42.8289182483292,33.94386686622494,251.99478471614628,1.4381458109661738,9.42124098863141
2025-02-08 05:00:00,190.3562852775121,47.78740287579705,21.15093136716984,259.294619520479,1.36215423169487,10.43628721753523
2025-02-08 06:00:00,194.94157121626546,73.20620141104523,37.37932778908303,305.52710041639375,1.567275253349868,8.898832754830748
2025-02-08 07:00:00,193.89297302610083,75.39996191412752,31.64669598434864,300.939630924577,1.5520914772092649,7.819848027675158
2025-02-08 08:00:00,234.4470377639834,95.06471938387227,37.823225708969446,367.3349828568251,1.5668143490327198,8.138594306071113
2025-02-08 09:00:00,213.6119523806358,72.86564431206779,37.3694808463182,323.8470775390218,1.5160531699179347,7.911581461414143
2025-02-08 10:00:00,293.82994135812544,119.67269051923948,41.78815974567285,455.29079162303776,1.5495044157808302,6.220905996646062
2025-02-08 11:00:00,267.91091588179484,82.6786944683281,30.596092234564853,381.1857025846878,1.42280765727691,11.319073439081059
2025-02-08 12:00:00,284.85808171137296,105.50802211311023,32.078618519914855,422.44472234439803,1.4830006570515073,11.530158060812555
2025-02-08 13:00:00,322.6572407490487,116.90211130040281,46.11348418465637,485.6728362341079,1.5052283813827283,10.022805835742243
2025-02-08 14:00:00,316.7688955099166,125.35413829235985,44.22715155776281,486.35018536003923,1.5353470377106953,8.876852393873047
2025-02-08 15:00:00,334.93825629798675,124.07734111367877,42.84769032940982,501.86328774107534,1.4983755313235383,14.122276858121342
2025-02-08 16:00:00,352.70333068300965,122.27338333103046,46.7552016360094,521.7319156500495,1.4792372803503617,12.14904702943854
2025-02-08 17:00:00,323.45094439682026,91.45289592639067,34.47347725309011,449.37731757630104,1.3893213959053716,15.29714135178801
2025-02-08 18:00:00,295.9096334453266,107.39395129413089,38.6666828663027,441.9702676057602,1.4935987803432575,18.16608190332741
2025-02-08 19:00:00,264.53864197201824,102.47199959448325,40.93972823207171,407.9503697985732,1.542120148336304,14.859449763311929
2025-02-08 20:00:00,263.675068845173,93.04687895816546,37.19479758823868,393.9167453915771,1.4939476345519818,15.865393291673026
2025-02-08 21:00:00,227.07716510231216,90.62990495811273,38.192559645047865,355.89962970547276,1.5673069969193874,15.445303867204863
2025-02-08 22:00:00,231.13329097010234,105.58130862574833,34.58337479977441,371.2979743956251,1.60642360448047,17.17850583458606
2025-02-08 23:00:00,156.28806032811124,52.74905097007541,29.851895444605645,238.8890067427923,1.5285173175818332,14.453731249923537
2025-02-09 00:00:00,180.06012164905476,62.324561971493175,33.770597460491835,276.1552810810398,1.5336837415853732,14.362776475759695
2025-02-09 01:00:00,171.84030422725542,68.81047094593046,37.756673657417984,278.40744883060387,1.6201522109877988,12.772895192435016
2025-02-09 02:00:00,156.65452495399887,53.90917358895426,35.292954665323535,245.85665320827667,1.569419416901438,15.398558820695573
2025-02-09 03:00:00,184.4789981904796,54.62979365018844,38.367347965082175,277.4761398057502,1.5041069310190451,10.507878100527728
2025-02-09 04:00:00,189.3064104533781,65.40834047736645,26.018272905546123,280.73302383629067,1.4829557180021058,10.876690281128992
2025-02-09 05:00:00,145.06747736942526,46.69645369052489,32.73134503388379,224.49527609383395,1.547523126235523,11.001418045341515
2025-02-09 06:00:00,217.20540350791475,85.0047763179863,43.365712359588414,345.57589218548947,1.5910096461891061,13.830866064438055
2025-02-09 07:00:00,201.56858258366725,58.220581406510654,36.8262906634183,296.6154546535962,1.4715361434388061,8.726713547228464
2025-02-09 08:00:00,231.48436384526377,83.38384711785156,40.79807842236582,355.66628938548115,1.5364592384444034,9.036929980230564
2025-02-09 09:00:00,255.1306178350917,78.40976564265533,29.031792788223697,362.5721762659707,1.421123733962522,8.301151811732057
2025-02-09 10:00:00,257.99847105835596,87.85315217863675,43.69889365211351,389.55051688910623,1.5098946722091033,9.809550138267424
2025-02-09 11:00:00,284.48756723472763,113.29709787601554,39.95372149841035,437.7383866091535,1.5386907444288427,9.026338889967947
2025-02-09 12:00:00,309.70394467048396,111.62181670864348,40.62061924183345,461.9463806209609,1.4915740938090358,10.138701465840255
2025-02-09 13:00:00,298.5408549966292,100.28810053331046,42.10703250847246,440.9359880384121,1.4769703397660285,13.33726070641515
2025-02-09 14:00:00,321.64857004732323,104.89085464927591,38.79109934828354,465.3305240448827,1.4467047808619822,14.783137212766086
2025-02-09 15:00:00,337.1863025290743,117.2427373918249,49.54469265668239,503.9737325775816,1.4946447373381244,12.524284459075032
2025-02-09 16:00:00,315.44063259274657,104.62635852717028,47.958668299837086,468.02565941975394,1.4837202663868738,14.062345461913493
2025-02-09 17:00:00,306.14914721072864,111.61004420723336,40.02403551460422,457.78322693256627,1.495294797007763,14.617815498300697
2025-02-09 18:00:00,290.01060373023506,110.94601318978621,40.39184335040038,441.34846027042164,1.5218355970216852,15.814112745558887
2025-02-09 19:00:00,272.92027866779046,92.19712643657897,40.48117558925009,405.5985806936195,1.4861430695933386,15.586920945570292
2025-02-09 20:00:00,260.2416046198554,96.36383045516861,33.03499145018667,389.6404265252107,1.4972257302761907,17.3970189938449
2025-02-09 21:00:00,221.53611554229377,81.26427608339486,39.74898570974008,342.54937733542874,1.5462462023264651,17.123265723195853
2025-02-09 22:00:00,226.01789632055358,68.37700180539585,30.155155207842395,324.5500533337918,1.4359484740690331,17.417176909516574
2025-02-09 23:00:00,196.86165992952238,88.71375228912113,41.116930282683995,326.6923425013275,1.65950212254781,14.396049312684276
2025-02-10 00:00:00,242.5196051456011,88.8740505745987,48.017683765438534,379.41133948563834,1.5644563632612372,15.269943559388272
2025-02-10 01:00:00,253.82258155680734,101.13883517827706,50.01091930588963,404.972336040974,1.5954937246209446,15.358566106381463
2025-02-10 02:00:00,230.15954777570127,95.8132248133449,43.06753768470463,369.0403102737508,1.6034108245354817,12.603503182198342
2025-02-10 03:00:00,201.92610213277695,75.92829745411007,24.12707103326821,301.98147062015516,1.495504877430787,13.768622050293109
2025-02-10 04:00:00,222.8168907998372,78.91293200620788,36.14462563973596,337.87444844578107,1.5163771796335825,11.509123511897943
2025-02-10 05:00:00,222.31171332810584,103.31547829397385,41.022841953053145,366.65003357513285,1.6492609772387508,11.648038729199829
2025-02-10 06:00:00,222.03115693384672,80.21744747323213,40.821958110353506,343.07056251743234,1.5451460383087083,9.200771788308346
2025-02-10 07:00:00,266.0932244528127,82.73773985250055,31.19389884412,380.02486314943326,1.4281643733353477,10.19252858231535
2025-02-10 08:00:00,298.56389607438166,110.93523209113772,43.33299820758435,452.83212637310373,1.5167008882423245,8.282115830561407
2025-02-10 09:00:00,312.60155761760507,97.90098850296172,38.7687598836263,449.2713060041931,1.4372011113065901,8.064275620561272
2025-02-10 10:00:00,324.92818192367554,113.03632103028863,40.03152204203125,477.9960249959954,1.4710820777875,10.4199100123054
2025-02-10 11:00:00,327.7302304708467,121.81495943441624,42.477287282874165,492.02247718813715,1.5013033020519755,8.56008527987814
2025-02-10 12:00:00,358.7754344211486,144.41113352618055,42.45823935157705,545.6448072989062,1.520853310871895,9.891212330751015
2025-02-10 13:00:00,389.83119449749034,136.5696426389904,43.214814543227384,569.6156516797081,1.4611854046569257,8.287434366308629
2025-02-10 14:00:00,392.7015759091866,140.06367139491223,42.58325342068675,575.3485007247856,1.465103620714363,8.497108505537609
2025-02-10 15:00:00,405.0876519864437,144.3573354913276,36.59841205721631,586.0433995349877,1.4467076363872964,13.724985861741986
2025-02-10 16:00:00,378.11637168306777,132.92548063019788,32.766108546647736,543.8079608599134,1.438202631743558,13.162102159492406
2025-02-10 17:00:00,330.2214209797611,136.60244703886102,42.87297375843317,509.6968417770552,1.5435002377035194,16.644671710599848
2025-02-10 18:00:00,381.2580947128735,139.58755524207592,44.62391577514675,565.4695657300962,1.4831673702717127,13.722164773276038
2025-02-10 19:00:00,359.1290057942758,113.92845991905304,30.547227227908763,503.6046929412376,1.4022946763306652,16.016745119864947
2025-02-10 20:00:00,351.8991654062609,132.09692679290586,41.733664186966415,525.7297563861332,1.4939784121942663,14.764712018293684
2025-02-10 21:00:00,327.39120250017123,94.00980469921862,42.97667765725472,464.3776848566445,1.4184183365660281,17.467029703704092
2025-02-10 22:00:00,293.93448959148617,95.32791570491258,34.41700890087974,423.6794141972785,1.4414076238079903,15.295566159358211
2025-02-10 23:00:00,246.79455157665947,94.35317259014145,49.18950624881484,390.33723041561575,1.5816282325599436,14.61685486017665
2025-02-11 00:00:00,210.2795005984368,64.46267276688575,28.79174303771204,303.5339164030346,1.4434783967966633,17.357358930850303
2025-02-11 01:00:00,210.0120954961024,79.9631184833188,45.27339078715812,335.2486047665793,1.5963299826833124,12.96273894446427
2025-02-11 02:00:00,196.81723688884347,62.305887536261295,54.24800505268934,313.3711294777941,1.5921935214179275,16.274583605127397
2025-02-11 03:00:00,183.87794989562607,75.95340556063151,32.56275138803753,292.39410684429515,1.5901531804670743,12.290791235991874
2025-02-11 04:00:00,204.96314684627782,71.42444765197504,46.734957621376324,323.1225521196292,1.5764909794343214,10.735680555138373
2025-02-11 05:00:00,240.26675478746577,81.48463938325136,38.70087761867541,360.45227178939257,1.5002170071687198,12.0732863703828
2025-02-11 06:00:00,224.55450249873874,75.25906339623901,32.00467525223269,331.8182411472104,1.4776735155825884,10.453133806542573
2025-02-11 07:00:00,256.5796864036056,82.69349156268103,37.36682445006391,376.64000241635057,1.4679260376984302,11.103072013280665
2025-02-11 08:00:00,289.0011640772273,95.0972955943641,38.56963919205287,422.6680988636443,1.462513482301055,10.411471171288893
2025-02-11 09:00:00,283.42900936965435,84.10013709866578,31.369980137471664,398.8991266057918,1.4074040180041656,7.27882896632495
2025-02-11 10:00:00,316.604955774913,112.11445525474042,36.1395526703304,464.85896369998386,1.4682618045640148,9.854105927440472
2025-02-11 11:00:00,332.2280631503112,114.5831621451429,47.371928449987294,494.18315374544136,1.4874816686447594,8.849877534197455
2025-02-11 12:00:00,334.84218174124493,124.50484734923815,50.65131997080576,509.9983490612889,1.5231006631518096,7.784268880393281
2025-02-11 13:00:00,387.5302317026395,148.28869509734486,41.64643130451726,577.4653581045017,1.490116927310083,9.531696829000834
2025-02-11 14:00:00,401.2575052604982,137.20972201341726,46.48873828504981,584.9559655589653,1.4578069142387984,10.638988326885077
2025-02-11 15:00:00,404.6596807332053,115.8121449970705,53.8331585010893,574.3049842313651,1.4192295688831131,13.182904893874678
2025-02-11 16:00:00,387.1240538941309,136.5383365011722,52.587259636241114,576.2496500315442,1.4885400280219596,12.067100649664303
2025-02-11 17:00:00,361.354127816077,117.62878082578025,39.64864650168997,518.6315551435472,1.4352445848010948,15.841560764044141
2025-02-11 18:00:00,387.65114387425126,140.88057753627265,43.521601917302526,572.0533233278264,1.475691049459131,15.16997730483583
2025-02-11 19:00:00,309.1939315911264,97.32931089136213,46.81596037665938,453.3392028591479,1.4661969610019292,14.40605188137479
2025-02-11 20:00:00,327.3225807008082,133.05914519568603,46.89812052298738,507.2798464194816,1.5497856742219833,14.034570591937653
2025-02-11 21:00:00,293.85582964975464,117.47307980197249,41.92378484303009,453.2526942947572,1.5424322016513572,17.12269057991144
2025-02-11 22:00:00,252.70489750142497,90.9167305841313,31.82431686277865,375.4459449483349,1.4857090173577574,15.617820295180014
2025-02-11 23:00:00,273.6559259217897,85.38336975891514,34.45217456654785,393.49147024725266,1.4379058992485028,14.393584003654908
2025-02-12 00:00:00,264.6416551880781,78.31037937778518,45.88271389036654,388.8347484562298,1.4692877739896575,13.860549349139795
2025-02-12 01:00:00,214.4454670167608,83.16416625456955,33.201106789404214,330.8107400607346,1.5426334007558147,13.90048419940166
2025-02-12 02:00:00,204.24358400335228,55.548466194003,40.19875953715756,299.9908097345128,1.4687893928143614,12.984086081748202
2025-02-12 03:00:00,212.5752753123007,78.49079937674489,36.78099266617667,327.8470673552223,1.5422634023339372,15.505830254499442
2025-02-12 04:00:00,207.55202328637188,77.95593838260672,37.76432686434633,323.27228853332497,1.557548239784138,10.061724827748801
2025-02-12 05:00:00,258.0427523892404,68.33454710763104,38.85842561438994,365.23572511126133,1.415407802503701,11.740291952210903
2025-02-12 06:00:00,216.23779389709932,83.04432098804591,39.929419733926906,339.21153461907215,1.5686967967333783,10.127648467979986
2025-02-12 07:00:00,238.81823436960525,98.20584024829937,45.133693321403754,382.15776793930837,1.600203472519878,9.723239470819577
2025-02-12 08:00:00,283.0203944514867,94.94307313424913,43.61312658058332,421.5765941663191,1.489562598424626,8.337628300368449
2025-02-12 09:00:00,288.481629238632,107.20208892071508,46.11167326757457,441.7953914269217,1.5314506944269526,8.454366442670395
2025-02-12 10:00:00,311.18697016362773,112.14885805754786,35.05185964001544,458.387687861191,1.473029823903496,8.23096119400389
2025-02-12 11:00:00,335.0057021821114,123.81455985352544,39.626404536956606,498.4466665725935,1.4878751714549456,6.500742371734567
2025-02-12 12:00:00,359.5656829492415,121.93442586022464,52.017051239472906,533.517160048939,1.483782199883223,11.565855069193786
2025-02-12 13:00:00,397.3122468835206,147.2593644676011,41.34816889750669,585.9197802486283,1.4747085820900998,11.133891462534283
2025-02-12 14:00:00,366.5819422952396,136.5873966775195,51.718724679077226,554.8880636518363,1.513680843572316,15.26379261918077
2025-02-12 15:00:00,405.14987406928833,124.57188507510668,47.800351551089,577.522110695484,1.4254530179039788,8.496385701304584
2025-02-12 16:00:00,368.10628384081366,150.74089096760576,49.52825052591204,568.3754253343315,1.5440524932199298,10.41574121933536
2025-02-12 17:00:00,357.86682763075186,106.12684697664344,54.98064736788328,518.9743219752786,1.4501883994421465,15.484299590940788
2025-02-12 18:00:00,378.91655793665245,134.44275355650402,36.631842422830665,549.9911539159872,1.4514835585726373,14.639728051149438
2025-02-12 19:00:00,352.90492270561697,129.9809139952674,48.8164655292885,531.7023022301729,1.5066446173484056,14.308404461376195
2025-02-12 20:00:00,337.9521825690712,109.97115194567455,43.09758772687752,491.0209222416233,1.452930170502058,17.591957055372642
2025-02-12 21:00:00,316.06222173946827,100.2876369658704,35.05561044299961,451.4054691483383,1.428217098089104,16.553037218229036
2025-02-12 22:00:00,266.20922209591293,66.68114976148718,46.50756394651569,379.3979358039158,1.4251870495576668,13.49858783253788
2025-02-12 23:00:00,237.8618617642648,66.21711505594219,32.74616739812579,336.8251442183328,1.4160535939643257,15.1918273070245
2025-02-13 00:00:00,240.51553916397316,77.23472418361834,44.55446042615351,362.304723773745,1.5063672186550128,15.791367708771897
2025-02-13 01:00:00,204.9698128836813,87.86720172800992,29.056837347845665,321.89385195953685,1.5704451666851498,17.647939047764623
2025-02-13 02:00:00,210.13213601260932,61.94232367268761,45.79754374188325,317.8720034271802,1.5127243717167838,13.6968860040448
2025-02-13 03:00:00,241.46182246970153,102.37204046463809,34.452246408773874,378.2861093431135,1.5666497729287228,15.857363927939847
2025-02-13 04:00:00,188.14333905465668,70.28728998623004,29.94590081961419,288.3765298605009,1.5327490800868901,11.972860294295653
2025-02-13 05:00:00,201.04588639760345,80.13115425813885,32.30272366713777,313.4797643228801,1.5592448566837074,9.97583072916848
2025-02-13 06:00:00,250.45211259429405,88.0911807660707,47.022224002299566,385.5655173626643,1.5394779998811177,7.971915857532096
2025-02-13 07:00:00,272.2664259095928,107.50326444362014,38.80364690582474,418.57333725903766,1.5373667019745825,11.444540885340398
2025-02-13 08:00:00,272.4695725419763,95.00370795509748,40.04565641538298,407.51893691245675,1.4956493420918586,7.051184418497693
2025-02-13 09:00:00,304.31300550436686,109.45529060621237,38.28978491986886,452.0580810304481,1.4855036520085931,11.422841130611076
2025-02-13 10:00:00,315.5302844554576,116.08213467206315,51.19635939950962,482.80877852703037,1.5301503605597229,8.787799455999995
2025-02-13 11:00:00,334.8247806012433,126.60771661995834,41.36120401900802,502.79370124020966,1.5016621539700419,8.688561370239617
2025-02-13 12:00:00,365.63103373951316,130.3426609313053,40.41625281051058,536.389947481329,1.4670252193731175,8.77014632253778
2025-02-13 13:00:00,391.27474160573456,144.83585633975446,37.33529393751759,573.4458918830065,1.4655837213761054,10.773580489863262
2025-02-13 14:00:00,360.1147338860669,124.26420561241845,52.23263353157852,536.6115730300638,1.490112796106357,10.777987451921694
2025-02-13 15:00:00,359.4945350820814,131.46605032592763,42.776005020803254,533.7365904288123,1.4846862423289608,12.49214310126937
2025-02-13 16:00:00,390.5078913388419,149.70725999919173,44.91701889350742,585.1321702315411,1.4983875696479194,11.709839614471933
2025-02-13 17:00:00,366.45635468119195,124.50426381658961,36.37946653934407,527.3400850371256,1.4390256255643283,12.274732486848155
2025-02-13 18:00:00,376.17921010083484,132.49457928182093,48.51565046734466,557.1894398500004,1.4811808438341019,13.691208704477669
2025-02-13 19:00:00,346.05414928281044,111.51179210454603,33.40241299058843,490.96835437794493,1.4187616458160262,18.494953656237904
2025-02-13 20:00:00,316.43696045258906,100.62823604772865,41.88394155590275,458.9491380562205,1.4503651450822972,16.444605738100496
2025-02-13 21:00:00,300.0096560055446,112.27006175621702,32.5136244749238,444.7933422366854,1.4825967542473533,16.381570437701775
2025-02-13 22:00:00,332.8445374103553,112.77858312203234,46.653897463039684,492.27701799542734,1.4789998412637666,14.964482275836051
2025-02-13 23:00:00,253.92144576293947,87.5423552433147,49.80583688481207,391.2696378910663,1.5409081998389171,16.657890270959605
2025-02-14 00:00:00,223.79305831322455,71.35258274264464,32.61347239236104,327.7591134482302,1.4645633600908792,12.451076441043801
2025-02-14 01:00:00,192.6350543588837,79.14897496983605,30.886620805104624,302.6706501338243,1.5712127324964524,13.292159642202154
2025-02-14 02:00:00,224.67218197573303,82.07065774893752,42.24184031466146,348.98468003933203,1.5533061412873361,12.162655300544394
2025-02-14 03:00:00,238.11885737503079,91.56867813772352,39.75893456817198,369.4464700809263,1.5515212619177743,9.755212388339443
2025-02-14 04:00:00,216.21422815142188,65.90597487957102,39.410656629935396,321.5308596609283,1.487093899462295,11.22121619724427
2025-02-14 05:00:00,224.49001091590537,82.65573493077376,34.52375398901168,341.6694998356908,1.5219808598240088,12.221434420600097
2025-02-14 06:00:00,234.55755263968416,84.68963375850308,40.46695499104729,359.71414138923456,1.5335858399827773,9.1702891032413
2025-02-14 07:00:00,260.5096372430705,76.09258853171303,33.9539966596848,370.5562224344683,1.422428077348701,7.273781595796966
2025-02-14 08:00:00,272.3186028405291,86.91325530140162,40.276323196302,399.5081813382327,1.4670616592880596,7.457169669699639
2025-02-14 09:00:00,307.3115260075728,98.2601660803322,33.17168477650515,438.7433768644102,1.4276827900480331,6.5032254665644365
2025-02-14 10:00:00,330.1505053400416,121.4583265534113,36.79093847145887,488.3997703649118,1.4793246185156672,8.521951979190595
2025-02-14 11:00:00,348.310567714692,110.337728967643,41.15882752032215,499.8071242026572,1.4349467702974172,8.596680545062643
2025-02-14 12:00:00,396.0129298892809,123.06075478043459,41.6175311554902,560.6912158252056,1.415840679701964,10.227972847867782
2025-02-14 13:00:00,368.6471353413883,127.12090878126804,48.78129860552462,544.5493427281809,1.4771560403525097,10.075947791181775
2025-02-14 14:00:00,381.8075434495365,142.3345114163796,42.01035771790736,566.1524125838235,1.4828214431511144,11.400149490615513
2025-02-14 15:00:00,375.3490828510741,132.19835390509397,35.41096061123717,542.9583973674053,1.4465424911743634,10.108568035468911
2025-02-14 16:00:00,383.56899424643046,140.09823279910268,39.294242215614325,562.9614692611474,1.4676928471946904,11.014980023480087
2025-02-14 17:00:00,380.2597357992538,136.07569369181385,45.484424185183535,561.8198536762512,1.477463430345532,13.787261370215262
2025-02-14 18:00:00,395.1125545073673,143.00782576067266,40.14937903966465,578.2697593077046,1.463557036370815,15.055756314968072
2025-02-14 19:00:00,341.06051896869496,120.80012802465072,41.37320572995113,503.23385272329676,1.4754972350507896,15.631716393180552
2025-02-14 20:00:00,319.43957467342165,105.96122460660062,37.48303518988054,462.8838344699028,1.4490497457715785,16.88933755949831
2025-02-14 21:00:00,302.04958547931614,93.2908685899466,33.62339279143537,428.9638468606981,1.4201769096288757,16.29291520508701
2025-02-14 22:00:00,260.2843050548802,105.94535754719497,34.236403840069386,400.46606644214455,1.538571702806696,14.938144682832334
2025-02-14 23:00:00,252.5471073444429,96.81458214695729,41.252529525038696,390.6142190164389,1.5466984481579888,12.73991790373238
2025-02-15 00:00:00,157.0601340793225,40.0,23.912351482325178,220.97248556164766,1.4069291794316598,15.538051602045597
2025-02-15 01:00:00,193.9450956557828,65.79724563651777,27.411239910489392,287.15358120278995,1.4805921244455453,11.438118602591942
2025-02-15 02:00:00,187.1037133359942,49.40782583165845,29.560026442954058,266.0715656106067,1.422053901906291,11.428891419497411
2025-02-15 03:00:00,186.01424291728532,52.501547425077604,37.20667364441385,275.72246398677675,1.4822653344313095,10.817323993012304
2025-02-15 04:00:00,204.56425446280588,65.99228948184623,37.732977318669576,308.28952126332166,1.5070547006020314,10.178158082519452
2025-02-15 05:00:00,195.04268762353863,65.88236564192663,32.33455757739864,293.2596108428639,1.5035662931844875,10.607164107521426
2025-02-15 06:00:00,216.75631568288003,71.69599792931658,35.40474617243837,323.85705978463494,1.4941066827249732,8.971989565597829
2025-02-15 07:00:00,222.81510949160034,63.2526941501433,38.55149233859193,324.61929598033555,1.4568998337725971,8.057274411044531
2025-02-15 08:00:00,230.697552127532,87.75123926272637,40.344756978814985,358.79354836907333,1.555255116754462,8.19425089242501
2025-02-15 09:00:00,253.8174477408788,90.7489781041188,39.57606389752979,384.14248974252746,1.5134597450317795,7.766203317177128
2025-02-15 10:00:00,279.1531122878765,88.52006613041758,48.91187752947472,416.58505594776886,1.4923174330156337,8.383565298131037
2025-02-15 11:00:00,295.6598050562721,105.4115978430869,37.19947955456891,438.2708824539279,1.4823485470759648,7.089934589711913
2025-02-15 12:00:00,273.8646603173064,91.49190180247668,34.49667094371966,399.8532330635027,1.4600395414297809,9.802202692490239
2025-02-15 13:00:00,290.33393124323834,94.77007379445746,40.989575447738204,426.093580485434,1.4675982881534362,7.390689150875126
2025-02-15 14:00:00,304.88070389042343,131.8563388787341,30.513773786530095,467.2508165556876,1.5325693315232614,10.781127261519615
2025-02-15 15:00:00,296.601220862134,109.97467847381992,39.559210494834005,446.135109830788,1.504158035944701,14.253765961530124
2025-02-15 16:00:00,304.88555819958935,124.43498252962597,43.28244140871169,472.60298213792703,1.5500996010724248,14.548678518915237
2025-02-15 17:00:00,293.7616574703003,91.13036467826971,42.68774281188257,427.57976496045256,1.4555329263952068,14.42634620776817
2025-02-15 18:00:00,276.99031518057734,96.19027494396512,43.16109795810885,416.3416880826513,1.5030911380826693,15.596479863463319
2025-02-15 19:00:00,280.8270786879975,94.42768737996336,41.8955211274191,417.15028719538,1.4854346993326781,16.20242628602605
2025-02-15 20:00:00,285.8523349472149,102.27267609420136,37.54908256737286,425.6740936087891,1.4891398164978904,15.86065988516901
2025-02-15 21:00:00,270.6699027845452,83.63039068769831,44.59553977372191,398.8958332459654,1.4737354583656417,16.117367546999603
2025-02-15 22:00:00,255.5577961929085,85.9870476508403,34.79156153720605,376.3364053809549,1.4726078053078697,15.259932206974964
2025-02-15 23:00:00,233.6945663933876,83.61328566262056,34.10080321884272,351.40865527485084,1.503709139233089,14.59135289827989
2025-02-16 00:00:00,148.17329770498395,64.21681456925417,33.713045623554116,246.10315789779222,1.660914359804481,12.273250509459825
2025-02-16 01:00:00,213.7914725022218,74.74584169177103,39.735568065037896,328.2728822590308,1.535481646750991,14.411482526358668
2025-02-16 02:00:00,179.51545212915414,73.39911555155042,34.84415846292239,287.758726143627,1.6029746895358967,12.00900520330229
2025-02-16 03:00:00,144.77886241229317,40.0,23.599454932531593,208.37831734482475,1.439286881198283,11.672371364313994
2025-02-16 04:00:00,159.20410197864544,68.93337500071597,31.00923400524442,259.1467109846058,1.6277640322318203,13.459231297965157
2025-02-16 05:00:00,172.58983058899486,75.01750319066079,34.380054524333566,281.98738830398923,1.633858654021821,11.334335440604205
2025-02-16 06:00:00,178.3542944636264,75.1412219428244,35.34146892968881,288.8369853361396,1.619456297392632,8.787190992693573
2025-02-16 07:00:00,227.78542090423835,98.14260485796115,43.85597135052567,369.78399711272516,1.623387465469897,5.111178513883186
2025-02-16 08:00:00,222.2128623790179,79.04359559310555,40.999127386684535,342.25558535880805,1.5402150068839804,8.053081995057422
2025-02-16 09:00:00,281.68249153678335,93.16366075704256,42.725399892764045,417.57155218659,1.4824192654233947,8.835564503257087
2025-02-16 10:00:00,295.49199363152877,101.16692213901997,33.05196258749076,429.7108783580395,1.4542217306025502,8.264490809250177
2025-02-16 11:00:00,250.8413508865981,76.86412733969887,28.149832052994306,355.8553102792913,1.4186469217356774,7.880239022316979
2025-02-16 12:00:00,289.09658091953213,104.24723395727447,39.099630170461836,432.4434450472685,1.4958442042856117,11.272919676343456
2025-02-16 13:00:00,326.05622498819065,111.60740241155631,56.614545078976505,494.27817247872343,1.5159292618830558,9.22344769817089
2025-02-16 14:00:00,324.94407711996666,98.25330461378505,41.925098756119134,465.1224804898709,1.43139239407694,9.482033575966428
2025-02-16 15:00:00,318.82882830472994,86.3630059105308,31.657698217959563,436.84953243322036,1.3701694879852229,11.149807912689136
2025-02-16 16:00:00,316.2879137020891,114.41526950152976,48.717379078725706,479.4205622823446,1.5157726283967643,12.441710632188851
2025-02-16 17:00:00,302.3882553522521,103.25794438976004,46.331000837606936,451.9772005796191,1.4946916508153096,12.217749857660749
2025-02-16 18:00:00,287.28913819331297,105.71066453280464,33.89944597622148,426.8992487023391,1.4859568008278976,15.597699894794715
2025-02-16 19:00:00,294.23455885844567,117.38563153003011,45.22551799898079,456.8457083874565,1.5526582266879194,15.140890255350822
2025-02-16 20:00:00,265.77088863754915,97.07184728464047,38.28836018101057,401.13109610320015,1.5093116411641736,15.863525394267885
2025-02-16 21:00:00,231.2999088798804,59.446225244477915,46.566201234861715,337.31233535922,1.4583331960342207,15.094609797084072
2025-02-16 22:00:00,193.17731908553588,85.31493544810684,46.31567540045722,324.80792993409995,1.6813978549432094,17.77713622391608
2025-02-16 23:00:00,214.4973520957913,100.33051841714116,38.094519958284444,352.9223904712169,1.645346140746796,16.845039378716695
2025-02-17 00:00:00,233.21738519607757,76.64051956102571,42.58757292656206,352.44547768366533,1.5112315807303418,12.434093021642735
2025-02-17 01:00:00,174.47347984355423,53.038849921814275,41.320981635690934,268.83331140105946,1.540826214059095,11.13478152157549
2025-02-17 02:00:00,215.27725711440277,54.717776070278255,40.334912249309816,310.3299454339908,1.4415361362072496,12.694923639357981
2025-02-17 03:00:00,187.57445779341913,67.74055452833194,29.865317569935115,285.18032989168614,1.5203580127405354,10.149769468476055
2025-02-17 04:00:00,215.4070277037125,71.0390610647538,34.34149617744304,320.7875849459093,1.4892159664685845,11.968140460427865
2025-02-17 05:00:00,218.54852419050096,73.64985998100771,41.02441248865092,333.2227966601596,1.5247085190550231,7.250606231991936
2025-02-17 06:00:00,256.2907944740482,103.89700859828018,27.373214532775894,387.56101760510427,1.512192501492083,7.057263656713037
2025-02-17 07:00:00,233.15240811015516,88.4725928527153,24.99412293365608,346.6191238965265,1.4866632804957471,7.392230722656671
2025-02-17 08:00:00,305.4759040099297,120.93653379739023,32.91072706252545,459.32316486984536,1.503631411971907,7.266442687779607
2025-02-17 09:00:00,302.40113220116865,119.05949092938258,40.337056943701924,461.7976800742531,1.5271030128519751,7.388391736938748
2025-02-17 10:00:00,360.81796544607784,142.68170454676044,41.77748820647867,545.277158199317,1.5112250786215509,12.490694014579017
2025-02-17 11:00:00,353.6691349071287,125.96433468506602,52.838184255569935,532.4716538477646,1.5055643857290186,4.3195816150855055
2025-02-17 12:00:00,366.23273325991585,125.53304815005723,32.97361384633612,524.7393952563092,1.4328030992355372,6.3291708748750715
2025-02-17 13:00:00,363.2312550034786,114.41437723957637,40.4942992259762,518.1399314690312,1.4264739730727993,10.782061394905346
2025-02-17 14:00:00,422.00856090420865,163.0097780679726,44.759667749894724,629.7780067220759,1.4923346705874734,10.354129794228763
2025-02-17 15:00:00,417.3282866698532,151.01806733307868,47.18738713851698,615.5337411414489,1.4749389408832363,9.766454522050616
2025-02-17 16:00:00,393.48029384384125,148.46372838282315,36.331236713898775,578.2752589405632,1.469642236187972,12.674530621172652
2025-02-17 17:00:00,374.0721080859409,118.42534508720955,33.267784811745116,525.7652379848955,1.4055184190960959,10.761852007830516
2025-02-17 18:00:00,357.7413816414507,120.87383915711943,50.49393534251277,529.1091561410828,1.4790269823226292,17.035074534668972
2025-02-17 19:00:00,341.5204250537126,117.70269329227622,44.32952558840336,503.5526439343922,1.4744437140331974,14.832242782730933
2025-02-17 20:00:00,328.1951744718298,89.64497564969105,35.83299086425872,453.6731409857795,1.3823272743600927,17.301589497366205
2025-02-17 21:00:00,285.5908179097919,117.96121177526524,38.54183368120204,442.0938633662592,1.5479974692530245,17.085994957293053
2025-02-17 22:00:00,268.1175048159203,98.08072307104734,34.18023267025248,400.37846055722014,1.493294743407766,15.758570702686686
2025-02-17 23:00:00,262.4567760648821,80.72768733547203,40.9266105967705,384.1110739971246,1.4635212691257333,15.666314119487476
2025-02-18 00:00:00,230.04217584305778,75.33847263782289,47.940315545909286,353.32096402678997,1.5358964621680373,13.940587607237205
2025-02-18 01:00:00,213.85415650599035,66.21228588628905,37.627793557122445,317.69423594940184,1.4855649342522963,13.854485931016557
2025-02-18 02:00:00,233.49750523702318,79.88981271894667,37.8959514804019,351.2832694363717,1.504441210537921,8.13219332967099
2025-02-18 03:00:00,238.18363876419093,73.07463145654633,35.26987162116003,346.52814184189725,1.454878024535391,10.625357855222806
2025-02-18 04:00:00,223.3375792047668,76.57845617448498,30.848840524380165,330.76487590363195,1.4810086017829116,6.927469506297924
2025-02-18 05:00:00,230.36981826655398,100.08901302070096,27.580694318175745,358.0395256054307,1.5541945915465105,12.135924796783014
2025-02-18 06:00:00,243.34764010678694,87.89878863656925,41.0751619218118,372.321590665168,1.529998772545253,8.806659961054502
2025-02-18 07:00:00,255.82413531138704,84.71814206299311,42.812971495467785,383.3552488698479,1.4985108750713887,5.751638592783786
2025-02-18 08:00:00,281.1124507758066,102.63934702333941,38.463979903078304,422.2157777022244,1.5019462017317433,8.46444743289714
2025-02-18 09:00:00,310.24848852813756,101.88538870465543,44.38287743302657,456.5167546658196,1.4714552094406623,5.355435350296533
2025-02-18 10:00:00,308.48738233461523,91.80296679259507,57.732895584825734,458.02324471203605,1.484738990767602,6.372063447196598
2025-02-18 11:00:00,322.63035218522094,117.75550269635816,41.32490110555541,481.7107559871345,1.4930732732504537,5.639261516006769
2025-02-18 12:00:00,352.02273982083807,112.67525939451038,45.39255528596006,510.0905545013085,1.449027283751382,8.935182073134444
2025-02-18 13:00:00,365.77042068617845,125.69523816658624,37.61215341193026,529.077812264695,1.446475117567339,10.48058833250549
2025-02-18 14:00:00,397.65625905133766,139.43823917243088,49.54011878293293,586.6346170067015,1.4752304374793372,7.151245091375699
2025-02-18 15:00:00,406.338098723439,123.5069414904121,43.53216452396473,573.3772047378159,1.4110840370104372,13.63595393257643
2025-02-18 16:00:00,388.60172092299246,128.28664250010638,47.9693744334731,564.8577378565719,1.453564684466509,11.977470850919088
2025-02-18 17:00:00,358.1071497389671,122.91860998609683,40.38233391868836,521.4080936437523,1.4560114033574005,11.296932254904718
2025-02-18 18:00:00,341.2224380148913,119.17326048152235,41.22507407677302,501.6207725731866,1.4700697160814946,14.886943363206912
2025-02-18 19:00:00,313.81256297770557,114.17136057476395,45.70672383130442,473.6906473837739,1.5094699934541076,17.06655194461332
2025-02-18 20:00:00,322.8519715157091,108.04463805731655,29.472359740424572,460.36896931345024,1.4259444263330134,13.881857244285552
2025-02-18 21:00:00,312.77133635032135,119.7386942597886,34.00762135278688,466.5176519628968,1.4915613988372995,15.20114891056374
2025-02-18 22:00:00,265.0112137904736,90.56387144271264,39.947313560474846,395.5223987936611,1.49247419811591,13.802601552193657
2025-02-18 23:00:00,248.43216952154265,85.57859644526314,32.6220461533931,366.63281212019893,1.475786379945479,13.102231983573876
2025-02-19 00:00:00,239.38666737992827,84.5251450312878,33.34745482237548,357.2592672335916,1.4923941719218174,11.190289591075373
2025-02-19 01:00:00,221.57550712461284,73.35130592238066,36.64164114681401,331.5684541938075,1.496412931630278,11.647128554933857
2025-02-19 02:00:00,223.46857613404435,100.71894815498771,36.41630631504356,360.60383060407565,1.6136668378276717,9.52781892320047
2025-02-19 03:00:00,203.44907204852032,57.705759147173495,34.2090690814448,295.3639002771386,1.451782980886232,10.362482296192523
2025-02-19 04:00:00,208.35714259136745,65.41553333795832,42.17827193384642,315.9509478631722,1.5163912498205978,8.204901038520086
2025-02-19 05:00:00,219.52348768221484,88.61946706863223,34.229808322371305,342.3727630732184,1.559617910083689,9.322834089046285
2025-02-19 06:00:00,260.7898083899701,103.54572057320028,35.70947462760941,400.04500359077986,1.5339748361353736,9.008869319577805
2025-02-19 07:00:00,256.197551473397,100.0931053115936,38.2096240305984,394.500280815589,1.5398284587296418,8.526827061335155
2025-02-19 08:00:00,295.6602676694729,99.00531490150298,34.29725821615689,428.96284078713273,1.4508640074245032,8.186550726226555
2025-02-19 09:00:00,297.4348575412977,111.52653089557872,45.366574693346,454.32796313022243,1.5274872854037989,7.609979651778472
2025-02-19 10:00:00,341.9020218084892,121.56483572810195,43.75115046920602,507.21800800579723,1.4835185978803807,7.026962110498967
2025-02-19 11:00:00,346.750218007362,127.81494321495049,30.715451878765748,505.2806131010782,1.457189027896589,5.62311808872848
2025-02-19 12:00:00,344.9829782529769,123.3390721004376,44.20479910254005,512.5268494559546,1.4856583708895843,6.870486398396115
2025-02-19 13:00:00,351.1674329699664,113.55583357674921,40.94108389532337,505.66435044203894,1.4399522933132751,9.28708792377845
2025-02-19 14:00:00,405.06816479630095,135.6765970334134,50.6533373219397,591.398099151654,1.4599964908352003,8.539387902324425
2025-02-19 15:00:00,375.57467115434963,126.52041586316794,41.29227668145661,543.3873636989742,1.4468157877336163,11.428710559455016
2025-02-19 16:00:00,386.5802560498411,133.42682957232373,43.66204253317383,563.6691281553386,1.458090834526908,13.186805767852112
2025-02-19 17:00:00,353.13877867734294,130.88512845666986,35.40729420789459,519.4312013419074,1.4708982210546269,13.811910620280212
2025-02-19 18:00:00,369.05866885538944,126.53464964269158,44.139269331006055,539.732587829087,1.4624574176865464,14.20327745323091
2025-02-19 19:00:00,331.96181212397596,129.7315077511188,41.46948406731892,503.1628039424137,1.5157249586121075,13.57850197879528
2025-02-19 20:00:00,354.64355311406064,128.3501627824252,51.20175433368282,534.1954702301687,1.5062884001118737,15.56461402744712
2025-02-19 21:00:00,288.72665309538905,93.19394247035119,52.542798175131935,434.4633937408722,1.504756797071086,15.815764739896599
2025-02-19 22:00:00,290.71273668749416,99.05595192937892,35.509756748277916,425.278445365151,1.462882053985513,13.526719167937038
2025-02-19 23:00:00,302.417895183853,136.17946679337842,33.65223947508392,472.24960145231535,1.5615795525764582,15.36487126697935
2025-02-20 00:00:00,264.0055295394559,87.9014087728361,41.86693378909318,393.7738721013852,1.491536456786733,12.627327669550795
2025-02-20 01:00:00,237.64961243618492,80.6328318603765,35.50561181990109,353.78805611646254,1.4886961206867686,16.45082591359655
2025-02-20 02:00:00,194.16612350758078,80.89957641985524,14.432993825462116,289.49869375289813,1.490984567869767,11.272835971465238
2025-02-20 03:00:00,236.32592255222895,86.36327123732252,33.79503424795107,356.4842280375026,1.5084431880667606,12.632767604434452
2025-02-20 04:00:00,245.7738697749383,67.29383596044812,33.1199309754286,346.187636710815,1.4085616059503325,9.947439628786224
2025-02-20 05:00:00,217.46558784356054,87.27884549138281,36.996138057314596,341.74057139225795,1.571469650812513,9.469727658800675
2025-02-20 06:00:00,239.12499349018208,93.67793625990564,43.97386671658872,376.77679646667644,1.575647911025018,7.53753366684368
2025-02-20 07:00:00,247.44115670685989,84.58585325988848,45.27072387999543,377.2977338467438,1.5247978099848734,9.302594892892763
2025-02-20 08:00:00,262.9382099817339,86.9948740019073,43.47056198675454,393.40364597039576,1.4961828712446363,8.513645800907158
2025-02-20 09:00:00,302.4422878870346,100.98593015869321,32.331783535389874,435.7600015811177,1.4408038129372924,3.8457536046090905
2025-02-20 10:00:00,333.2715370665468,120.13894399732716,37.65708587761518,491.06756694148913,1.4734758667477628,11.48389713847048
2025-02-20 11:00:00,353.1992353712915,124.83738826819517,47.12847340199436,525.165097041481,1.48688061708122,7.438896725144934
2025-02-20 12:00:00,386.10001435472526,124.48706414921122,48.39549680022149,558.982575304158,1.4477662639779099,7.722767994976639
2025-02-20 13:00:00,390.38720558585015,139.47630730576648,28.547174134211396,558.4106870258281,1.4304021213703118,7.731569476705133
2025-02-20 14:00:00,392.8974451061569,145.15354220285394,47.23108553880487,585.2820728478158,1.489656092545164,11.575606064507708
2025-02-20 15:00:00,416.56136762276066,152.52159533806613,34.82228920754884,603.9052521683756,1.4497389799124967,11.67836011898774
2025-02-20 16:00:00,372.7793026405412,134.4933244102884,33.52719654731486,540.7998235981444,1.450723845898762,12.793552343241675
2025-02-20 17:00:00,379.6937209944497,129.24555238820514,43.3874356440493,552.3267090267042,1.454663794755716,11.927018009408846
2025-02-20 18:00:00,373.53640391892947,134.09597026868855,45.914209611953495,553.5465837995715,1.4819079960937638,12.926289250199881
2025-02-20 19:00:00,363.1415106659901,131.71887594468106,55.8921961777493,550.7525827884205,1.5166335068066372,16.72864151361682
2025-02-20 20:00:00,305.5298498292394,111.03908006453983,50.5638098080954,467.13273970187464,1.5289266824925782,17.786817395195023
2025-02-20 21:00:00,324.055535724995,119.35324369750839,41.28779496173639,484.6965743842398,1.4957207050941121,15.435824457212663
2025-02-20 22:00:00,254.6284419197176,97.0772341045007,28.08556755986067,379.791243584079,1.491550750264671,17.500974306372527
2025-02-20 23:00:00,244.10896129056238,89.43044847019979,52.59582596354322,386.1352357243054,1.5818150783276221,11.08331532790381
2025-02-21 00:00:00,261.4404183105723,95.28368562229473,39.444691250397604,396.16879518326465,1.5153310943399916,12.945080793805968
2025-02-21 01:00:00,187.8916036949629,89.2460763827059,40.46272306114032,317.6004031388091,1.6903384552213683,17.203063469214314
2025-02-21 02:00:00,209.74318119307242,67.77043651819481,34.04383676606501,311.5574544773322,1.4854235198737542,10.93499096640325
2025-02-21 03:00:00,239.42355420476434,88.56291181418155,44.95233035137398,372.93879637031984,1.5576529118407794,10.347695556340168
2025-02-21 04:00:00,231.11645488679324,92.99342176149916,28.88713652090274,352.99701316919516,1.5273556066879883,10.624935141440963
2025-02-21 05:00:00,226.54349110585076,74.01653059202897,42.52648461219517,343.0865063100749,1.5144399189547684,10.22424737479304
2025-02-21 06:00:00,235.74359160589165,71.42221472927852,33.58417704224672,340.74998337741687,1.4454262830909586,7.754152692126127
2025-02-21 07:00:00,265.712661891099,77.59937994925122,42.080559142989244,385.39260098333943,1.4504111254633798,6.303370109715971
2025-02-21 08:00:00,248.20840942958043,83.37266206438824,37.630330231554844,369.21140172552356,1.4875056110065967,6.388801262400683
2025-02-21 09:00:00,329.5384486544723,130.96914879678388,45.024510912478085,505.53210836373427,1.534061079755203,5.888073289250645
2025-02-21 10:00:00,317.0291531171818,113.24467072220035,45.93823320425018,476.21205704363234,1.502108094354378,10.939695816425106
2025-02-21 11:00:00,334.60659554797934,120.2235649614847,45.643332389833844,500.47349289929787,1.495707196326125,9.412244417827537
2025-02-21 12:00:00,384.8792668726202,149.20841080093135,50.52653330153814,584.6142109750897,1.5189548029579205,8.212012148069956
2025-02-21 13:00:00,392.7922637642826,141.7709796893939,45.066160109240926,579.6294035629174,1.47566400113918,9.275372951751903
2025-02-21 14:00:00,394.7304055754454,133.02598736691064,54.046095314666395,581.8024882570224,1.4739236705337149,10.687812738837854
2025-02-21 15:00:00,400.0261276095768,147.33749547625413,39.90181589649308,587.265438982324,1.4680677047062578,9.649704757764399
2025-02-21 16:00:00,390.37614421373473,135.78469588770452,42.63164239309265,568.7924824945319,1.4570369909261476,11.903877197554275
2025-02-21 17:00:00,354.10134931837274,129.49133890896886,40.34152004269433,523.9342082700359,1.479616525829633,13.135389027863482
2025-02-21 18:00:00,330.4812072710372,132.16122685871653,38.98891459778681,501.6313487275405,1.5178816153262782,12.07476420487803
2025-02-21 19:00:00,363.9690997165256,111.49846290504333,52.3266757199481,527.794238341517,1.4501072721628987,14.151938672017916
2025-02-21 20:00:00,337.5210359450548,119.45807243250985,39.64921461131189,496.62832298887656,1.4713996169107602,11.754973985829583
2025-02-21 21:00:00,301.7187585917682,91.27766805719605,45.03686991477289,438.03329656373717,1.4517933807238195,12.638879437236628
2025-02-21 22:00:00,307.22039390595114,115.86775831570087,42.09252384831447,465.18067606996647,1.5141594936317002,13.835246721107021
2025-02-21 23:00:00,247.38604491821795,106.95184730523466,32.72058582514532,387.058478048598,1.5645930156511196,17.321399480804683
2025-02-22 00:00:00,184.36487180153114,82.57882465967509,46.1547387994179,313.0984352606241,1.698254294330401,13.637599906154128
2025-02-22 01:00:00,198.13308723707453,72.04933140660785,36.08541585681151,306.26783450049385,1.545768244826426,12.317559328190962
2025-02-22 02:00:00,160.81083879445106,61.373655462407584,41.36231135394241,263.5468056108011,1.6388622034841038,13.236898863120649
2025-02-22 03:00:00,157.3040164375719,62.01593778741197,34.96842224007706,254.28837646506094,1.6165409010136655,10.681419458982255
2025-02-22 04:00:00,175.31312632199405,52.20640729347891,36.48386493587257,264.0033985513455,1.5058963586471892,8.899226787428697
2025-02-22 05:00:00,171.57175774443922,68.02401517635116,37.27849051710672,276.87426343789707,1.613751978051707,8.364585472289207
2025-02-22 06:00:00,200.62938799271618,76.2139434961566,47.52900885173629,324.37234034060907,1.6167738115833028,8.619489279310926
2025-02-22 07:00:00,228.4349117890158,87.05772579000983,46.67854570852582,362.17118328755146,1.5854458517359005,8.982787061425146
2025-02-22 08:00:00,216.78130701737035,71.77790448262859,40.06885855319741,328.6280700531963,1.5159428392359673,5.980063493658762
2025-02-22 09:00:00,251.644426146003,90.03452735612011,31.153586517453398,372.8325400195765,1.4815847333859113,5.1908979988039325
2025-02-22 10:00:00,282.89497638037113,83.09917186647363,34.719063939705194,400.71321218655,1.4164734111353197,7.273075177427812
2025-02-22 11:00:00,279.4321328956132,85.19117200676818,33.612150882179925,398.23545578456134,1.425159847072166,6.049051715908642
2025-02-22 12:00:00,304.9874926555217,105.1411462601457,46.019432904208024,456.14807181987544,1.4956287808663915,11.026098425240852
2025-02-22 13:00:00,333.85031536063394,116.72170484067544,42.889134759424614,493.461154960734,1.4780910253976673,9.545788784868737
2025-02-22 14:00:00,306.1147358296834,100.02512734186048,38.85628350089557,444.99614667243947,1.4536907067421514,9.06778213478424
2025-02-22 15:00:00,333.88030178769753,103.87551732780284,32.26189062037808,470.01770973587844,1.4077431559132403,10.413694914412602
2025-02-22 16:00:00,364.9089388066949,135.1348576299339,47.55709533613955,547.6008917727684,1.5006508022617988,14.352948690400492
2025-02-22 17:00:00,308.08997574440554,112.4560295426447,41.46223298014883,462.00823826719903,1.4995886742205646,13.759197876494653
2025-02-22 18:00:00,272.9678179587933,91.75949370748395,45.13249126209328,409.8598029283705,1.5014949600770966,11.756399694911943
2025-02-22 19:00:00,269.8284456139503,84.53581619600563,47.956819735697096,402.321081545653,1.4910254574169801,14.71608689158618
2025-02-22 20:00:00,258.7632829201842,91.4169743350683,40.91891092006961,391.0991681753221,1.5114167812438715,14.75323912605612
2025-02-22 21:00:00,269.5063503415526,113.7766061537439,41.05145466543101,424.33441116072754,1.5744876164252055,15.507831113080899
2025-02-22 22:00:00,240.1259062132086,86.89391483846069,35.87316454300533,362.8929855946746,1.5112612850379445,13.322698853787344
2025-02-22 23:00:00,205.92449752868384,71.67384840294363,38.95573587982017,316.55408181144765,1.5372337221187289,14.806038434437017
2025-02-23 00:00:00,157.97440331609985,62.59987894225891,21.807704320538626,242.3819865788974,1.5343117713437517,11.546109995803508
2025-02-23 01:00:00,179.23680845325117,56.49655876427365,25.203351738249395,260.9367189557742,1.455821051532683,12.181433249564192
2025-02-23 02:00:00,214.70988647014676,65.43773603175593,31.269887584110673,311.41751008601335,1.450410669046266,13.746883334863345
2025-02-23 03:00:00,148.70675987991518,45.55511616807032,34.25106267563524,228.51293872362075,1.5366681306764485,10.01649091004834
2025-02-23 04:00:00,182.42989110260814,50.82602772023136,32.17722554411712,265.43314436695664,1.454987133756842,8.491333621990401
2025-02-23 05:00:00,194.50452080292897,58.17772540215512,29.07012450772426,281.75237071280833,1.4485646377251995,7.987926873775781
2025-02-23 06:00:00,212.71394226809423,80.11512356504235,38.20365565931983,331.03272149245646,1.5562342456858753,10.961873917346715
2025-02-23 07:00:00,226.31987527582072,75.63958520263644,30.322844719023347,332.2823051974805,1.4681976330736362,6.377111817635238
2025-02-23 08:00:00,250.3879912991617,99.96355807499508,45.778946155701895,396.13049552985865,1.582066669709271,6.478380179336985
2025-02-23 09:00:00,274.93411892049244,96.17743862614705,27.05556264026426,398.16712018690373,1.448227385346992,5.286179572086651
2025-02-23 10:00:00,279.2227913943863,80.69325138507764,44.66133151970675,404.57737429917074,1.4489410849264386,6.642494672755908
2025-02-23 11:00:00,297.7654734561167,113.01946165503188,46.69172620385825,457.4766613150068,1.5363657042072327,8.421756023632167
2025-02-23 12:00:00,296.93629883602205,112.17133207901024,40.928842971206684,450.036473886239,1.5155993916889354,3.266294325874026
2025-02-23 13:00:00,309.55899257182904,120.40831262788294,36.98194638181589,466.94925158152785,1.5084338132195545,5.730278408737995
2025-02-23 14:00:00,303.23525656020354,113.20026035811817,39.22030449613302,455.6558214144547,1.5026478997965396,8.23712209402953
2025-02-23 15:00:00,340.86633747990413,130.27575731730545,39.448028969415304,510.59012376662486,1.4979188838109507,11.271835841239332
2025-02-23 16:00:00,268.8897260013552,108.1207656585224,36.06954477073878,413.0800364306164,1.5362432866941689,11.486387477749833
2025-02-23 17:00:00,327.705829064521,114.29619676057366,34.13612714061357,476.13815296570823,1.4529438012283962,11.159367415711905
2025-02-23 18:00:00,268.0078285677982,98.48553907141985,34.049371621192726,400.54273926041077,1.494518803427733,12.850244349342912
2025-02-23 19:00:00,290.2090016590845,89.89731844069351,40.99280392769517,421.0991240274732,1.4510202013724869,11.116658939231579
2025-02-23 20:00:00,256.1684040424078,108.82023146428692,41.98988330056564,406.97851880726034,1.5887147375906923,14.501915405618789
2025-02-23 21:00:00,299.49741675884,110.62789833371785,38.10146213693586,448.22677722949373,1.496596471783304,14.440925724650507
2025-02-23 22:00:00,234.27669745782072,80.91282116459568,39.917802748804455,355.10732137122085,1.5157603177121555,17.53791295484872
2025-02-23 23:00:00,201.95546386163272,95.46671800475988,24.750406677576976,322.1725885439696,1.595265522326755,14.700052164311042
2025-02-24 00:00:00,262.65408895311054,78.48099271798253,36.20623780264731,377.3413194737404,1.436647420863507,13.044754935311264
2025-02-24 01:00:00,237.36356860398683,96.81751284317794,29.728975328523006,363.9100567756878,1.5331335761252767,10.86515447002886
2025-02-24 02:00:00,199.16463339821988,61.01564467088532,38.388563171516175,298.5688412406214,1.4991057204601568,9.264738696117687
2025-02-24 03:00:00,210.60198106244778,68.37846731882703,27.466275691813713,306.44672407308855,1.4550989621613333,8.27687612504292
2025-02-24 04:00:00,240.94806863296085,96.34290088778424,42.364533337804374,379.6555028585494,1.575673567389674,8.362134357127472
2025-02-24 05:00:00,180.59682998133528,47.31635551978992,41.35470645389347,269.2678919550187,1.4909890277855242,6.892129710361583
2025-02-24 06:00:00,212.18567215323904,96.09046735256138,40.604299409749345,348.88043891554975,1.644222417918919,9.39270595053628
2025-02-24 07:00:00,252.85212089123235,80.50929882457403,35.355986629089024,368.71740634489544,1.4582333936740204,7.166652702648506
2025-02-24 08:00:00,307.814663932664,115.32433618857782,34.674947455000904,457.81394757624275,1.4873038916573247,8.192730449882372
2025-02-24 09:00:00,275.77356570581253,89.87947938158851,29.327118777840447,394.9801638652415,1.4322625986806699,6.218453214158803
2025-02-24 10:00:00,317.7259603093598,125.25962410253541,44.06214493166136,487.0477293435565,1.5329176403128453,8.54415241843691
2025-02-24 11:00:00,336.7464955205078,122.75466646909486,36.441055115514324,495.9422171051169,1.472746483489133,6.837247666450786
2025-02-24 12:00:00,383.37193258651877,134.75031620971222,42.67483833242989,560.7970871286609,1.4628016280302447,7.476591863684622
2025-02-24 13:00:00,385.9833368694788,149.85053871195754,44.102755098392436,579.9366306798288,1.502491364998836,10.093736321768002
2025-02-24 14:00:00,386.67428421375865,125.43862656964643,40.09142301350354,552.2043337969087,1.4280865222773462,6.5293224065689
2025-02-24 15:00:00,372.2877996262617,126.05516894746927,47.31103061116548,545.6539991848964,1.4656778968654798,10.632335427172835
2025-02-24 16:00:00,353.28693649949514,124.19743725976994,37.128934411293834,514.6133081705589,1.4566440335143676,11.905998420827794
2025-02-24 17:00:00,389.9958089095388,148.6357517564653,48.766423372368486,587.3979840383727,1.5061648628501598,13.160846935136606
2025-02-24 18:00:00,395.31389902909973,139.69928678924202,42.35647931554681,577.3696651338886,1.460534695470921,13.80932949191291
2025-02-24 19:00:00,339.6114695593894,108.20357823847122,38.098919908138136,485.91396770599874,1.4307937489167302,13.385403423337761
2025-02-24 20:00:00,307.42716227225355,98.04897310512627,45.97089887083166,451.4470342482115,1.4684682736277408,14.40294736368532
2025-02-24 21:00:00,322.9204328507576,100.2345643593408,26.98047266610238,450.1354698762008,1.3939516490250632,16.55232421645139
2025-02-24 22:00:00,248.27297092578263,89.75707922886723,33.27829328543548,371.30834344008537,1.4955649100887518,16.826612866513404
2025-02-24 23:00:00,214.1060805002576,84.44826661819401,31.473753672340276,330.0281007907919,1.5414232982999976,16.78355122673257
2025-02-25 00:00:00,249.57277921565776,81.77452249767894,50.09949674805331,381.44679846139,1.5283990492079222,14.164830241807186
2025-02-25 01:00:00,233.35305997495402,88.82490479872244,30.49823059766705,352.6761953713435,1.5113416357565508,12.48009502242574
2025-02-25 02:00:00,237.14689248827906,80.17117487997034,36.580508015348094,353.89857538359746,1.4923179961174857,9.804714333011791
2025-02-25 03:00:00,200.19428355360265,69.40854081169516,36.695234153940454,306.2980585192383,1.5300040195065112,11.342064321344433
2025-02-25 04:00:00,214.6459054722766,77.47763732708073,43.98251817875333,336.10606097811063,1.565862904482572,6.304966046142958
2025-02-25 05:00:00,218.27684370099942,85.26522797750522,28.569886937751495,332.1119586162561,1.521517138442732,8.07310463763584
2025-02-25 06:00:00,248.27595248196477,77.87208092933548,35.591887592746005,361.73992100404627,1.4570074845662861,8.20173422074655
2025-02-25 07:00:00,256.2282779248788,75.7056696357162,33.24117016970915,365.1751177303042,1.4251944425797003,5.651089702593438
2025-02-25 08:00:00,279.7669333395459,103.87912950123868,36.29045562979297,419.93651847057754,1.501022702925765,7.928073481947063
2025-02-25 09:00:00,305.162903462191,96.47323825561973,41.86962083331168,443.5057625511224,1.4533410107171554,8.18837258249026
2025-02-25 10:00:00,324.72597432061633,104.4459306341768,43.2168767632966,472.3887817180897,1.4547305084122386,3.960602139676989
2025-02-25 11:00:00,330.3746798111413,113.15966894246748,36.574455283048565,480.1088040366573,1.4532251815154587,7.852209267584173
2025-02-25 12:00:00,376.42809928166577,137.57333520137465,41.76868463970549,555.7701191227459,1.476431010818047,8.320374657071364
2025-02-25 13:00:00,387.7930192500223,135.85854276244265,47.82257093500625,571.4741329474713,1.4736576074852548,8.395850795671455
2025-02-25 14:00:00,394.85810722095505,131.98626705659265,45.60410748829797,572.4484817658456,1.4497574477950743,7.584249881239543
2025-02-25 15:00:00,375.8930276688807,125.05859030812798,47.396164834431545,548.3477828114402,1.4587867889224928,8.578317712348493
2025-02-25 16:00:00,384.15596494097474,144.55684813933115,40.93550769302579,569.6483207733316,1.482856893451746,10.087431276090246
2025-02-25 17:00:00,379.7514214081447,132.6057725684551,52.21654741194987,564.5737413885496,1.4866928984625543,11.533900704095249
2025-02-25 18:00:00,323.03910998765787,119.97375053851893,47.60650544096924,490.619365967146,1.518761508431257,16.583211876043606
2025-02-25 19:00:00,356.8046011303822,129.88617018250645,47.47064914000586,534.1614204528945,1.497069877352011,12.373221164881647
2025-02-25 20:00:00,310.7313543299864,105.2496980630711,36.94856439873094,452.9296167917884,1.4576244414356465,13.17307063249229
2025-02-25 21:00:00,268.6456385771962,97.15498998165913,42.536579794022195,408.33720835287755,1.5199845064134196,14.655905002921278
2025-02-25 22:00:00,296.61677339942605,108.1693716041523,36.74054329135505,441.52668829493336,1.4885425501556875,13.940050645106286
2025-02-25 23:00:00,234.73282886801914,73.34380048518031,39.79048364430181,347.86711299750124,1.4819704370925166,11.221278369915488
2025-02-26 00:00:00,234.47756309132308,73.17200638343284,28.897727730262645,336.5472972050186,1.4353070407591277,13.075323307026752
2025-02-26 01:00:00,213.91656203832486,79.09137911847078,37.27044639333401,330.27838755012965,1.5439589361526747,13.854739797698382
2025-02-26 02:00:00,181.7450786565397,58.95536107441903,26.620586189881195,267.32102592083993,1.4708570262087861,10.118353728866287
2025-02-26 03:00:00,195.04921678714797,82.37373070140747,39.63856721595092,317.06151470450635,1.6255462079117557,9.228705991712783
2025-02-26 04:00:00,251.83575706025061,82.60646040408054,43.39512198110766,377.83733944543883,1.5003323747828348,13.50111693826856
2025-02-26 05:00:00,250.95125753720077,91.30982416089674,40.85306527569972,383.11414697379723,1.5266476475695874,8.900604346361112
2025-02-26 06:00:00,220.11934301013648,75.04299609848265,26.203061793739593,321.3654009023587,1.4599598404560015,7.0939850983101636
2025-02-26 07:00:00,268.8397921461443,94.76006903559798,40.700518200977776,404.3003793827201,1.5038710458567008,8.605910202187228
2025-02-26 08:00:00,271.42337550186954,96.47734836723066,29.36808019092111,397.2688040600213,1.4636499281812407,5.547890379463354
2025-02-26 09:00:00,318.3239473722564,114.40903282676952,40.67313145403151,473.40611165305745,1.487183466908457,9.26447783260792
2025-02-26 10:00:00,297.40585629050895,118.7293068860335,40.627365504397304,456.76252868093974,1.5358222409540236,7.530700376183872
2025-02-26 11:00:00,324.15715137919665,114.18217542428884,39.56869177083613,477.90801857432166,1.474309656723471,7.170996423987644
2025-02-26 12:00:00,365.7058745766196,134.24168692946913,35.229518051633725,535.1770795577224,1.463408484146723,6.2904901910467315
2025-02-26 13:00:00,373.58678011407585,156.61075583480343,42.07878765656262,572.2763236054419,1.5318430792189586,6.584148262351771
2025-02-26 14:00:00,401.91518573028486,146.911191456499,44.69987128955896,593.5262484763429,1.4767450187230382,8.867997088528517
2025-02-26 15:00:00,406.39273032095645,139.610855469866,40.8369470826638,586.8405328734862,1.4440232048688904,8.6227263232336
2025-02-26 16:00:00,394.1216662926327,140.6472635306775,41.07820430062281,575.847134123933,1.4610897683974833,13.616071826882202
2025-02-26 17:00:00,370.3895118921513,125.42167721218964,50.58697749763013,546.3981666019711,1.4751988084399899,14.294108562643945
2025-02-26 18:00:00,367.6661716113964,133.8396805257823,46.343188092666026,547.8490402298448,1.4900719253793415,15.235188803687478
2025-02-26 19:00:00,338.0450331666457,99.82255879885906,38.97852300147122,476.84611496697596,1.4105993822778804,11.397664878127445
2025-02-26 20:00:00,293.66086228740545,100.948608115412,35.11629919547343,429.72576959829087,1.4633402839283325,15.397381268174074
2025-02-26 21:00:00,316.990951960554,127.36965563486461,42.480304228637955,486.8409118240566,1.5358195835338497,13.74945297957065
2025-02-26 22:00:00,247.03428361074103,104.05238352879431,45.106968415356064,396.1936355548914,1.6038002084730272,12.75487138686041
2025-02-26 23:00:00,232.49987877268754,76.60616726336477,43.857902016323656,352.96394805237594,1.5181252993145202,10.460624810540441
2025-02-27 00:00:00,240.27920243018227,82.01412502222225,26.836550040263266,349.1298774926678,1.4530174645228155,12.479075889116135
2025-02-27 01:00:00,237.85737945141815,93.03616638956532,37.13908453345848,368.03263037444196,1.5472827928368387,10.714871032737927
2025-02-27 02:00:00,217.48780972297115,68.39349334530381,32.04983294754565,317.93113601582064,1.461834281290482,12.19814234461765
2025-02-27 03:00:00,193.73222053136374,81.66800587142012,38.450387852545816,313.8506142553297,1.6200227994832677,10.236367082541372
2025-02-27 04:00:00,250.23418591935985,72.04710298867488,42.2673788990966,364.5486678071313,1.4568299949416597,9.728810405736223
2025-02-27 05:00:00,200.64379139229794,63.71335927432533,35.64538405018498,300.00253471680827,1.4951996901326716,6.084255513595479
2025-02-27 06:00:00,263.9535017886916,92.5955309690848,39.96822186946415,396.51725462724056,1.5022238839046473,10.1819165191169
2025-02-27 07:00:00,233.7227329126639,74.62472720910525,36.31949449743098,344.6669546192001,1.4746830585281285,6.670649343841794
2025-02-27 08:00:00,279.0116746969659,81.89027953683441,35.3508436853393,396.25279791913965,1.4202014964051564,5.225638963656837
2025-02-27 09:00:00,308.84194848737917,114.51357983167648,33.930105040223474,457.28563335927913,1.4806461220664333,5.499699724548824
2025-02-27 10:00:00,327.6095924054989,126.61272912962156,45.51187452555279,499.7341960606733,1.5253954940431875,6.269476246638398
2025-02-27 11:00:00,337.46659569482296,117.38192940739674,52.69670603740598,507.5452311396257,1.5039865800483787,8.793627722869395
2025-02-27 12:00:00,371.45252661662335,137.94121372471716,38.508567687753754,547.9023080290942,1.475026467095713,6.659755224267087
2025-02-27 13:00:00,382.20261045886696,119.12109341234061,42.0300620840596,543.3537659552671,1.4216380293764201,6.2365721612372
2025-02-27 14:00:00,366.45613154802277,134.12458913041945,33.79398579702439,534.3747064754666,1.4582228552653886,9.936550516612082
2025-02-27 15:00:00,414.24346223458826,135.1267950416653,37.550400160450636,586.9206574367042,1.4168495364311338,9.170703337683065
2025-02-27 16:00:00,387.51040172347825,128.30022891021744,49.88856330253576,565.6991939362315,1.4598297011389805,9.710615003884971
2025-02-27 17:00:00,380.6742489207047,131.44235942165693,62.558842099637154,574.6754504419987,1.5096252296322383,13.026582638525387
2025-02-27 18:00:00,344.3162330324721,125.06322097712149,43.080868985586925,512.4603229951805,1.4883420351164534,15.23350651515716
2025-02-27 19:00:00,352.09992752812235,136.89214224300343,44.10185029277472,533.0939200639006,1.5140415500975135,12.741101325238137
2025-02-27 20:00:00,345.8131794879193,143.26988573991946,38.25495122770571,527.3380164555444,1.524921685276505,13.187676797314188
2025-02-27 21:00:00,306.58657995424244,120.84985891906366,47.89953183987506,475.33597071318115,1.5504134942374983,15.123377444766444
2025-02-27 22:00:00,278.7064840489649,106.90852956967778,43.10470837558074,428.71972199422345,1.5382481087842337,15.745360582309493
2025-02-27 23:00:00,263.6910590950909,92.852683218049,46.3594764021087,402.9032187152486,1.5279365940502205,11.50962667544675
2025-02-28 00:00:00,227.73655796154554,87.9741436916374,30.221796778345322,345.93249843152824,1.51900292833064,13.203073798904187
2025-02-28 01:00:00,228.79508491561353,74.36848302669225,34.41758288172721,337.581150824033,1.4754737889082845,11.601018807288835
2025-02-28 02:00:00,198.05750373209565,78.90250208280816,38.759387633479385,315.7193934483832,1.5940794339983402,12.746916167382114
2025-02-28 03:00:00,226.3243811038718,69.89795946474153,35.152355386181334,331.3746959547947,1.4641581889611353,6.944025719761199
2025-02-28 04:00:00,228.17293053216616,63.42996651235107,46.126149622082664,337.7290466665999,1.4801451069542595,10.994635705557823
2025-02-28 05:00:00,231.24503302167506,63.736111863731324,33.122495125182354,328.1036400105887,1.4188570267791867,8.85796512500724
2025-02-28 06:00:00,245.96641442851487,80.065442818174,38.609850713717194,364.6417079604061,1.4824857646017433,6.489251264007679
2025-02-28 07:00:00,260.81768559189607,75.45827075563236,35.529112216332926,371.80506856386137,1.4255362619298306,5.949058701401688
2025-02-28 08:00:00,260.10773762001486,84.25016443492143,37.95822516526201,382.31612722019827,1.469837578529535,5.640520683893307
2025-02-28 09:00:00,285.9978438957788,105.36388532692717,44.460048677717225,435.82177790042317,1.5238638584255975,5.815365476094523
2025-02-28 10:00:00,327.9784122181991,111.06300135555172,45.186232852969525,484.2276464267203,1.4764009714900717,5.583378115492895
2025-02-28 11:00:00,332.05176011447406,106.40447298766627,37.469079535888696,475.925312638029,1.433286522781734,7.582434890362034
2025-02-28 12:00:00,349.97719518502447,122.3889134178857,45.823449002750024,518.1895576056602,1.4806380665223227,9.699213785289288
2025-02-28 13:00:00,361.8256585351114,124.33741465386036,46.617490807946396,532.7805639969182,1.4724786687432156,8.343157136155131
2025-02-28 14:00:00,395.4789702844372,128.54360990156758,48.046190094992255,572.0687702809971,1.4465213406152864,10.454333060027148
2025-02-28 15:00:00,392.8556243134315,135.58274504015307,41.12886685858058,569.5672362121652,1.4498131144426434,12.75749768821719
2025-02-28 16:00:00,398.35433513000356,142.21104698178542,29.967858386528217,570.5332404983171,1.4322255092620562,12.492585963297586
2025-02-28 17:00:00,404.7982990426025,130.4443888697741,45.42602262306292,580.6687105354395,1.4344643045901924,11.638509157923378
2025-02-28 18:00:00,368.7216022116232,132.87900150728427,42.45011956858557,544.050723287493,1.4755054220426225,12.07491698588349
2025-02-28 19:00:00,334.9592450605631,124.20481917299824,40.89557105040946,500.0596352839708,1.4928969498768614,13.437131151640656
2025-02-28 20:00:00,327.62182628953747,120.38375462126236,35.871637375736924,483.87721828653673,1.4769382851156803,12.577263879148253
2025-02-28 21:00:00,313.15659531478843,96.3818619538976,32.77668828867549,442.3151455573615,1.4124407793894345,14.360113212899991
2025-02-28 22:00:00,298.48215641941084,115.93945648079708,44.21798051438189,458.63959341458985,1.5365729024355297,13.930633044933884
2025-02-28 23:00:00,253.8247573019724,99.41612103020762,36.310137911458604,389.5510162436386,1.5347242734883983,15.324300644576699
2025-03-01 00:00:00,205.01739908208108,72.43663319688751,36.63766329462032,314.09169557358894,1.5320245841565803,9.879713165999643
2025-03-01 01:00:00,165.53161369815027,66.46260688282433,30.888855551943582,262.8830761329182,1.5881140179802147,13.449981104597313
2025-03-01 02:00:00,161.2091356352552,50.77102380848504,33.143352402822686,245.1235118465629,1.5205311465794888,12.402489058687491
2025-03-01 03:00:00,150.02923545481872,54.1308551398043,31.852148559832823,236.0122391544558,1.5731083241141415,10.29835729332113
2025-03-01 04:00:00,182.20267126027838,56.858620050418985,34.527599737589576,273.58889104828694,1.5015635564281185,6.089522721487443
2025-03-01 05:00:00,162.0943247699385,67.60691803329406,31.048967311306015,260.75021011453856,1.6086325692440064,9.015570168984315
2025-03-01 06:00:00,189.2375867808118,68.90599471349168,40.93899493262218,299.08257642692564,1.5804607399339963,8.190458893443429
2025-03-01 07:00:00,211.18012482037415,70.43307104864019,48.32232068837418,329.93551655738855,1.562341706342041,7.227441079494584
2025-03-01 08:00:00,206.92409152370757,88.56319505124566,38.562084783244806,334.0493713581981,1.614357076058133,6.075570434305683
2025-03-01 09:00:00,219.57618269651485,73.21141083393219,40.48158368509912,333.26917721554616,1.5177838193688384,6.774551641144333
2025-03-01 10:00:00,281.88604361788504,87.09696524974993,35.207418740833404,404.1904276084684,1.4338788200396857,6.530622185637463
2025-03-01 11:00:00,292.74511831478367,109.0659540321689,42.11252716283813,443.92359950979073,1.5164167452741177,7.752463521934964
2025-03-01 12:00:00,314.9926743972617,107.70265881524725,50.449419558992346,473.14475277150126,1.5020817664311195,8.635085184599838
2025-03-01 13:00:00,313.7052175982404,100.29514668209433,35.70186858065543,449.7022328609901,1.4335184996410226,7.506805468019727
2025-03-01 14:00:00,340.46740237391003,127.70072021645308,37.79686284890643,505.9649854392695,1.4860893639491684,7.074050074377329
2025-03-01 15:00:00,328.36457009054106,108.0419153457672,47.0109560353161,483.41744147162433,1.472197324267749,9.644953562715934
2025-03-01 16:00:00,294.8703761348395,108.51112733790173,39.71726947771045,443.09877295045163,1.502690025219182,10.780040653129324
2025-03-01 17:00:00,319.46163294698164,128.452883591542,33.12829970845958,481.0428162469832,1.5057921410137467,14.457273813363889
2025-03-01 18:00:00,302.1422014496335,101.04794381448163,32.07644970126104,435.26659496537616,1.4406017857718372,10.295246211199803
2025-03-01 19:00:00,262.7168570633648,93.55717647996819,38.29320926883478,394.56724281216776,1.501872575755586,14.514863482649924
2025-03-01 20:00:00,251.88963065072357,68.75486448092767,37.479683997175066,358.1241791288263,1.4217503841014012,14.735177361824634
2025-03-01 21:00:00,251.20506328814042,87.55249415150955,36.13072548021656,374.8882829198665,1.4923595807058132,14.853712875849723
2025-03-01 22:00:00,189.64871223857904,60.96488710918467,38.96234184410058,289.5759411918643,1.5269069732863585,12.970026639037524
2025-03-01 23:00:00,207.95257493189212,77.01668858401351,29.509075690452605,314.4783392063582,1.5122598953600601,15.052361648176321
2025-03-02 00:00:00,164.52126870877768,62.847875106894826,35.82425733753836,263.19340115321086,1.599753048459009,13.617661129867242
2025-03-02 01:00:00,191.92786870666197,56.04184219609038,25.382624208940445,273.3523351116928,1.4242451445625026,10.746616439915712
2025-03-02 02:00:00,185.91676988020257,68.07674453760507,42.39595049070225,296.38946490850986,1.594205111779274,9.183871059199829
2025-03-02 03:00:00,146.39170389238447,51.12571400576179,28.76401454105571,226.28143243920198,1.5457257919857676,9.862311859910127
2025-03-02 04:00:00,153.0403808710476,66.4384942455747,24.11415579266007,243.5930309092824,1.5916912224266795,10.225601694199936
2025-03-02 05:00:00,170.06219532722753,64.29222418601367,35.254572709366684,269.60899222260787,1.5853552384398895,5.661629041393675
2025-03-02 06:00:00,185.97861618516393,68.17831821602145,42.79736880485568,296.95430320604106,1.5967120806533348,5.685985706522634
2025-03-02 07:00:00,190.09229181151807,62.971350233985326,37.64034918674496,290.70399123224837,1.5292781651582679,7.807636774141982
2025-03-02 08:00:00,238.05407135074967,71.33941827632816,39.26576484007121,348.659254467149,1.464622102402245,5.164674806328039
2025-03-02 09:00:00,242.38438844898351,86.58013662313708,29.38665404754575,358.3511791196663,1.478441666201168,3.5629040677864245
2025-03-02 10:00:00,236.62767299185504,62.90446698427465,36.59344065392979,336.12558063005946,1.4204829738643006,4.438669887606508
2025-03-02 11:00:00,283.38704424540964,96.5318362099817,34.415958650893664,414.334839106285,1.4620810919904872,3.2865011835339524
2025-03-02 12:00:00,281.42226209380635,79.75855437631023,30.995076511451572,392.17589298156815,1.3935496433855128,5.568461373539715
2025-03-02 13:00:00,306.83117469010585,97.42535240745144,40.72242258749437,444.97894968505165,1.4502403484081194,7.848804981315357
2025-03-02 14:00:00,332.9551499053403,124.02788651546456,47.077742070497386,504.06077849130224,1.5138999310706187,6.228987436214119
2025-03-02 15:00:00,300.2053544135699,109.37367124359815,36.99533209244639,446.5743577496145,1.487562933785662,10.602547459712637
2025-03-02 16:00:00,316.4164799964634,110.51135584431617,29.579370229225383,456.507206070005,1.4427415603482707,9.319028629900329
2025-03-02 17:00:00,299.69286598552804,104.29594197466045,43.3426138409725,447.331421801161,1.4926328670858728,12.217783780107867
2025-03-02 18:00:00,294.85559725072875,96.83098824525169,42.31144179483267,433.9980272908131,1.4719002499442648,12.338818940469942
2025-03-02 19:00:00,304.7097604694029,116.36382614375842,41.830390036887735,462.903976650049,1.5191635999350634,12.37036783809757
2025-03-02 20:00:00,287.15536740529205,109.74427675200684,31.27406855176784,428.17371270906676,1.491087269508499,11.954056108937937
2025-03-02 21:00:00,209.5237308574089,94.04616756278739,41.77365988621741,345.3435583064137,1.6482312380235191,14.452191113707606
2025-03-02 22:00:00,253.8667807734107,77.41720980148685,33.45629957291224,364.7402901478098,1.4367389425139456,13.660622818988143
2025-03-02 23:00:00,229.9544102759786,64.41582952808773,38.61358804369808,332.9838278477644,1.4480427987797042,13.488710111442057
2025-03-03 00:00:00,222.60354093691046,79.30717426239188,38.775572414575244,340.6862876138776,1.5304621219409702,14.791937679865532
2025-03-03 01:00:00,237.3283892652166,67.84206597111282,47.293580884229684,352.4640361205591,1.485132213688424,11.333654761458352
2025-03-03 02:00:00,204.52769546588368,52.978148372132324,28.368464789123003,285.874308627139,1.3977290849337534,13.604561351437242
2025-03-03 03:00:00,217.64987760513756,68.66600335314757,36.981772272055345,323.2976532303405,1.4854024122948053,7.7947196652692705
2025-03-03 04:00:00,177.2821975659778,72.81677073483621,36.615439729315234,286.7144080301293,1.617276928911178,11.388438232072014
2025-03-03 05:00:00,240.7201222977315,72.38875184443354,32.945634608030765,346.05450875019585,1.437580312966869,5.809527154110029
2025-03-03 06:00:00,203.01847010841266,78.67070136021674,35.36003590821671,317.04920737684614,1.5616766652193794,4.801170253867886
2025-03-03 07:00:00,221.6187093905369,78.84975830771386,32.55781524611159,333.0262829443624,1.502699315685946,7.7820911231833
2025-03-03 08:00:00,279.11950963229384,104.0575445554916,42.815957074082064,425.9930112618675,1.5262029222645945,5.973213418575308
2025-03-03 09:00:00,317.46361367489146,105.78173235509423,38.250628983360876,461.49597501334654,1.4536972274433817,6.946664960987453
2025-03-03 10:00:00,319.81501690576954,110.50846338901711,46.44573047671711,476.76921077150377,1.4907655537387705,4.08591326886145
2025-03-03 11:00:00,359.3622942937645,130.59943685716084,34.045838260524405,524.0075694114497,1.4581595724761658,6.5303719307761545
2025-03-03 12:00:00,386.5685829606865,135.97889827230927,39.56565462478102,562.1131358577768,1.454109724987514,4.190567183980519
2025-03-03 13:00:00,383.3059620206537,133.5679489841462,41.16467132664743,558.0385823314473,1.4558567766326016,9.011634230866933
2025-03-03 14:00:00,414.72021343474063,142.8698778575867,43.28845446198605,600.8785457543133,1.448876920605815,8.68624446590286
2025-03-03 15:00:00,412.0330310363448,155.60763599091695,38.32760203730669,605.9682690645684,1.4706788616932918,8.760938556871261
2025-03-03 16:00:00,378.3745041897044,138.23899006283256,41.163416894761184,557.7769111472982,1.4741397873564106,9.625775742723873
2025-03-03 17:00:00,359.5792858080314,131.7087555074612,46.33260128750445,537.620642602997,1.4951379676804202,11.71645101215404
2025-03-03 18:00:00,353.1935578947873,121.96433197687922,32.73607058781449,507.89396045948104,1.438004598630809,14.391215818452606
2025-03-03 19:00:00,343.22721730061016,113.28402067996747,43.07278226476631,499.58402024534394,1.4555489630875955,14.108822480833053
2025-03-03 20:00:00,353.77468296979345,120.4177897385085,37.93021155208803,512.12268426039,1.4475956277066804,12.001781043891189
2025-03-03 21:00:00,335.1323557673517,118.17923246269656,42.641302035652465,495.9528902657008,1.479871703614289,11.510437083510539
2025-03-03 22:00:00,249.16892825525093,81.88867070348238,29.97364342900724,361.0312423877406,1.4489416674694562,10.597548855032418
2025-03-03 23:00:00,294.7558685163977,88.41262743473082,39.61785425612444,422.78635020725295,1.4343610946077998,14.516798893901255
2025-03-04 00:00:00,197.70752117754168,73.11530972797989,32.936027299319385,303.758858204841,1.5364051726290424,11.278349368426207
2025-03-04 01:00:00,193.6574467978865,55.67174210438492,34.81909409658446,284.1482829988559,1.4672726905018607,12.267812660452417
2025-03-04 02:00:00,191.83016838707425,65.66690440925795,48.267367808707135,305.76444060503934,1.5939330251124468,8.53297537085513
2025-03-04 03:00:00,237.2666829771458,86.8509154286622,27.059910651997157,351.17750905780514,1.4800961713264713,10.919128480333612
2025-03-04 04:00:00,194.7872330357852,62.788616512327536,40.8169590587182,298.39280860683095,1.5318909969423506,6.883025450425257
2025-03-04 05:00:00,233.99828005670443,69.41384239191038,28.679965247840677,332.0920876964555,1.4192073874046431,8.969690903937812
2025-03-04 06:00:00,241.6476478330628,83.53125493625458,34.71796086095837,359.89686363027573,1.4893456106756848,10.801842236390552
2025-03-04 07:00:00,247.63940153574663,85.25765570281533,38.58135633102259,371.4784135695845,1.5000779813949026,6.754922315605141
2025-03-04 08:00:00,283.37926981140583,93.43165839428575,41.365710514815596,418.1766387205072,1.4756782985530716,6.1179074481153695
2025-03-04 09:00:00,288.64318066195915,104.55736766960263,43.983239277515466,437.1837876090772,1.5146167202234357,6.200582081897382
2025-03-04 10:00:00,328.8871741496904,100.32323615015592,48.147043748375225,477.35745404822154,1.4514322587446238,4.196633567536722
2025-03-04 11:00:00,341.2605300603724,125.73657651032856,37.049909669394424,504.0470162400954,1.4770152767181264,6.0322188386283875
2025-03-04 12:00:00,424.39464917988505,162.77933408237897,44.369993147399946,631.543976409664,1.488105417045388,5.463520818727671
2025-03-04 13:00:00,353.18932831375594,131.46907243766904,41.20501257061469,525.8634133220397,1.4888994971413425,5.919404687179467
2025-03-04 14:00:00,397.61493993346755,138.7783759368634,37.287926610855166,573.6812424811861,1.4428060539605971,9.970431277644101
2025-03-04 15:00:00,381.5619499361591,133.42136712491597,48.542153828997115,563.5254708900723,1.47689116009696,8.684902362575343
2025-03-04 16:00:00,420.41641651819276,143.09708429137888,47.144753480897464,610.6582542904691,1.4525081093355545,12.34884676642709
2025-03-04 17:00:00,401.91654403450343,149.095518548272,43.8173426745359,594.8294052573114,1.4799823846172575,10.13915011683251
2025-03-04 18:00:00,367.59653290755546,115.77782300293684,34.80216338220429,518.1765192926965,1.409633859150161,10.923661481770132
2025-03-04 19:00:00,366.062338360541,132.17483524409042,45.14086384276779,543.3780374473992,1.4843866208170722,13.519115448390526
2025-03-04 20:00:00,306.3200612721982,115.93943780378564,49.216894066763906,471.4763931427478,1.5391626365724396,14.11663149998434
2025-03-04 21:00:00,295.03428809795315,97.75995877334226,45.32648773395296,438.12073460524834,1.484982431803959,15.140226447358572
2025-03-04 22:00:00,300.17459505255766,101.66677052876517,51.48535932474091,453.32672490606376,1.5102101656094202,12.88545751423811
2025-03-04 23:00:00,235.7858752646531,78.98126992986292,35.979906741193616,350.7470519357097,1.487566002594603,15.758027189188285
2025-03-05 00:00:00,254.42021894312956,81.20129107902528,38.98253193842875,374.6040419605836,1.4723831443770539,11.249600222375367
2025-03-05 01:00:00,241.5146248085419,87.04658742431818,37.3468449139935,365.90805714685354,1.5150554855090999,10.775216327184536
2025-03-05 02:00:00,229.22289848153784,80.49274640446514,33.45959409766459,343.17523898366755,1.4971245946936131,8.242657539338715
2025-03-05 03:00:00,216.52733204940844,64.82772255264575,39.09620142694104,320.45125602899526,1.4799575323630407,11.074370362577419
2025-03-05 04:00:00,218.60183338233864,69.00092788177574,37.168980076720345,324.77174134083475,1.4856771158584154,8.402033413870107
2025-03-05 05:00:00,198.50312526382092,80.09652208243376,36.6965252448727,315.2961725911274,1.5883688086627477,10.274622818262591
2025-03-05 06:00:00,240.59845978198658,78.46922421972407,38.47230223084306,357.5399862325537,1.4860443685156228,10.018604917791299
2025-03-05 07:00:00,218.01696733136293,65.29058834154996,36.45074695107536,319.75830262398824,1.4666670513675624,6.5815025949085175
2025-03-05 08:00:00,251.57181425502043,86.86043149638328,40.36774540182254,378.79999115322624,1.5057330340243664,7.118068304014048
2025-03-05 09:00:00,302.75832814923564,97.64692329450247,38.41216583255987,438.817417276298,1.449398336814689,3.3770776605338546
2025-03-05 10:00:00,336.6639630373721,128.12571933883805,37.05156521526857,501.84124759147875,1.4906295377262304,2.6582622901672726
2025-03-05 11:00:00,322.17587123831396,120.88487260989483,43.60376415715149,486.6645080053603,1.510555418488723,3.262774537538525
2025-03-05 12:00:00,379.68478096845877,140.24129221110545,42.583570120649966,562.5096433002142,1.4815174889692064,8.044570202776693
2025-03-05 13:00:00,371.7285987757721,133.66925841605038,35.69151875462588,541.0893759464484,1.455603302324434,6.481986685204055
2025-03-05 14:00:00,362.3971331740971,136.01282319112687,39.06196073929944,537.4719171045234,1.4831020113128754,9.193168666276847
2025-03-05 15:00:00,395.3583044041483,136.3707228177029,37.26327422885747,568.9923014507086,1.4391813580550616,11.472297457575335
2025-03-05 16:00:00,395.2311837780518,140.48194920491483,35.895181044980205,571.6083140279468,1.446263193515981,13.573304217136828
2025-03-05 17:00:00,371.62878228163964,123.39437488957293,53.71427604010532,548.7374332113179,1.4765740959091165,11.199283255320896
2025-03-05 18:00:00,363.1030113319636,102.147360091683,52.50499436159337,517.75536578524,1.4259186776941568,14.925761777491587
2025-03-05 19:00:00,383.64348334706887,132.1954987923584,45.9339953360295,561.7729774754567,1.46430996969976,13.28412233252831
2025-03-05 20:00:00,310.22203508094,109.59144170483496,34.8339247297332,454.64740151550814,1.4655548288079736,11.257252707004447
2025-03-05 21:00:00,277.0784378375954,105.8146444304734,36.08369652005656,418.97677878812533,1.5121233613771892,11.869503034453494
2025-03-05 22:00:00,269.3358493371923,89.5097896106681,35.30595941215042,394.1515983600108,1.4634204816402165,11.734910157996106
2025-03-05 23:00:00,261.91524917917155,97.8883410936363,51.452536729912566,411.2561270027204,1.5701877927748584,11.611441241960618
2025-03-06 00:00:00,234.28152042876368,83.95827043652123,45.96330575330245,364.2030966185874,1.5545532398460253,13.886977620841472
2025-03-06 01:00:00,239.09289904332607,82.09511053663597,47.58781818414864,368.7758277641107,1.542395567746597,10.121151499245597
2025-03-06 02:00:00,218.95764360750115,61.270873169874605,46.05532340691071,326.2838401842865,1.4901687596217283,10.923125557432702
2025-03-06 03:00:00,216.56593002368072,87.90931262596723,25.769820469188225,330.2450631188362,1.5249169760115318,8.341755773549746
2025-03-06 04:00:00,197.08480292902277,88.78867562172815,37.33720511989956,323.2106836706505,1.6399574135964716,11.534014641294771
2025-03-06 05:00:00,245.81736038966315,106.12951569969442,30.636928117334257,382.58380420669187,1.556374226784594,5.033595465784156
2025-03-06 06:00:00,211.24863598144344,74.06681488056186,35.48835082120463,320.80380168320994,1.5186076832770181,5.307497361054959
2025-03-06 07:00:00,281.9470200196877,98.51165400509989,45.11594724874366,425.5746212735313,1.5094134396022856,7.526674808195809
2025-03-06 08:00:00,252.0081913377341,96.61485088750129,47.624555767228465,396.24759799246385,1.5723599930980985,5.438083862940066
2025-03-06 09:00:00,281.3496433540388,97.65991032991315,36.83215915015364,415.8417128341056,1.4780246666629946,7.075065389370337
2025-03-06 10:00:00,316.60442449237917,104.80089708781072,44.75679395443794,466.1621155346278,1.4723802937436479,6.096252176934217
2025-03-06 11:00:00,376.0838312923225,131.28918453060956,35.772629889212475,543.1456457121445,1.4442142961736852,9.246085914621311
2025-03-06 12:00:00,349.97700540350644,130.8468771449074,41.41368098218674,522.2375635306006,1.4922053605450054,5.432600892011353
2025-03-06 13:00:00,397.5544708560729,138.70018499363186,48.46496796724115,584.7196238169458,1.470791216503845,10.696703657787745
2025-03-06 14:00:00,385.24254722052274,124.41018649066098,41.21659111677915,550.8693248279628,1.4299285704614322,6.927461919625051
2025-03-06 15:00:00,370.6415140841709,135.35584908327218,51.82717244669615,557.8245356141392,1.5050244357879996,10.633417853907646
2025-03-06 16:00:00,401.38973582839634,142.49171254167817,37.76661700250064,581.6480653725752,1.449085548169681,8.39433635420349
2025-03-06 17:00:00,372.29129428020286,133.06675794770194,37.457863985176765,542.8159162130816,1.4580408528288988,11.25048021159269
2025-03-06 18:00:00,353.0489591629354,130.4240455687595,40.57154499337028,524.0445497250652,1.4843395968863733,10.973794632220308
2025-03-06 19:00:00,362.7346818613373,133.17026940285692,41.53477730158951,537.4397285657838,1.4816331479746152,12.916868765779588
2025-03-06 20:00:00,330.34881520139623,115.83280866504937,40.92618926022865,487.1078131266742,1.4745256853114799,13.882467152465516
2025-03-06 21:00:00,305.98041139316933,109.04353610531794,34.90534505018895,449.9292925486762,1.4704512962123573,13.96117385484306
2025-03-06 22:00:00,278.6665118818498,106.5583333774282,42.62214304446572,427.8469883037437,1.5353369352293902,15.132137104448034
2025-03-06 23:00:00,299.4921201558737,105.57541575667616,44.35493843358202,449.4224743461318,1.5006153554631934,10.353285168226181
2025-03-07 00:00:00,213.41983080689837,72.62911128333599,41.66119642357069,327.7101385138051,1.53551868762522,13.472697961651187
2025-03-07 01:00:00,215.77806461689505,86.66440512534109,37.06626626586805,339.50873600810417,1.5734163554154021,11.795500344037936
2025-03-07 02:00:00,200.94555603807436,68.9331648653632,34.44845785044483,304.3271787538824,1.514475785153565,11.997612464848256
2025-03-07 03:00:00,199.64699786956106,68.9266967037,37.21105178775005,305.7847463610111,1.5316270698986163,9.473303123495185
2025-03-07 04:00:00,182.27758987664004,52.04810016093761,45.51575252759335,279.841442565171,1.5352487530395769,6.323372003643269
2025-03-07 05:00:00,215.59672527719928,80.82529715200442,59.40881524286927,355.83083767207296,1.650446393443919,3.995023272781309
2025-03-07 06:00:00,239.53995410961107,86.35022242916578,46.58236129686927,372.47253783564616,1.5549495248930643,4.6570022693514215
2025-03-07 07:00:00,252.11073596092203,82.48368996668415,30.85159105926065,365.4460169868668,1.449545635547675,6.03046644876764
2025-03-07 08:00:00,261.19758819888887,81.0283317118852,40.20344942958943,382.4293693403635,1.4641382103772058,4.955068807161194
2025-03-07 09:00:00,275.61914729281193,95.9884173308574,38.08596442469125,409.6935290483606,1.4864479956216934,8.78605032584911
2025-03-07 10:00:00,324.5647545758434,114.58663829670458,43.87865838804458,483.03005126059253,1.488239386595871,4.279375069693444
2025-03-07 11:00:00,330.31759441772016,110.91249042960564,52.251330271250175,493.48141511857597,1.493960429169627,4.596169587653289
2025-03-07 12:00:00,368.0621177824446,135.92546781390416,45.44647576040173,549.4340613567505,1.4927753626672111,3.1195274855878656
2025-03-07 13:00:00,377.6980117886508,139.27908555742385,46.089429811540484,563.0665271576152,1.4907849911391415,3.413356056631832
2025-03-07 14:00:00,415.15977107144033,144.05390061536292,47.099708399400996,606.3133800862043,1.4604338433886228,9.799728146614466
2025-03-07 15:00:00,384.1750219642138,148.56716673740846,36.04312005247901,568.7853087541013,1.4805369329999911,8.347147428119081
2025-03-07 16:00:00,402.8555119122937,142.92620220044262,45.24847040362931,591.0301845163657,1.4671021421820332,7.433062758139965
2025-03-07 17:00:00,373.3506669970434,140.0472672094527,41.516286370006846,554.9142205765029,1.486308368054683,10.280033506049806
2025-03-07 18:00:00,375.0578621781296,137.72625381739022,37.68864485214661,550.4727608476664,1.4677008972717533,8.640294745402844
2025-03-07 19:00:00,353.3228829200126,129.1708239919919,28.013065915153895,510.50677282715844,1.4448732236307777,13.32716065431208
2025-03-07 20:00:00,336.34118625831786,119.92174349640872,42.19432991535111,498.4572596700777,1.4819988750567434,13.088824725904404
2025-03-07 21:00:00,277.1537089838478,108.37434561028704,44.21103598157396,429.7390905757088,1.5505442526867048,13.564230843750828
2025-03-07 22:00:00,273.73870420960117,79.3710011685828,35.9948164942051,389.10452187238906,1.4214450345847056,13.329735286104619
2025-03-07 23:00:00,233.99432415905017,77.11559602387693,30.411894510971422,341.52181469389853,1.4595303365638903,14.48958460597646
2025-03-08 00:00:00,200.63807723716175,56.90827464716429,45.9227018430389,303.46905372736495,1.512519746531727,10.385330395576535
2025-03-08 01:00:00,172.5645788917917,74.52260049539832,27.206313611434464,274.29349299862446,1.589512139514001,12.439696872101399
2025-03-08 02:00:00,169.66192982535665,49.201890656813404,34.46694197702756,253.33076245919762,1.4931503061409614,9.682333072156688
2025-03-08 03:00:00,144.95617812701036,51.45963048950941,43.97337220908265,240.3891808256024,1.6583576080142912,8.282125370550702
2025-03-08 04:00:00,171.71389119064187,46.93579665934043,32.86761662835634,251.51730447833864,1.4647464030682098,10.373161652315734
2025-03-08 05:00:00,191.81350974360362,83.65703117646261,34.332072999429144,309.8026139194954,1.6151240563483114,8.016465118921687
2025-03-08 06:00:00,194.08014705856104,80.19842324787831,29.68090311479682,303.95947342123617,1.5661543853298943,4.05088516359661
2025-03-08 07:00:00,217.979981471426,98.56934257358921,32.677127348306655,349.22645139332184,1.6021033171759416,7.4743371381252475
2025-03-08 08:00:00,247.8603657511987,78.83071479097656,31.550642272409128,358.24172281458436,1.4453368602472976,5.222021998779876
2025-03-08 09:00:00,255.85714187140172,102.00303216054746,36.74756465290678,394.607738684856,1.5422971420637253,4.071601816325535
2025-03-08 10:00:00,284.2306171140352,79.92036719570436,42.34334382648676,406.49432813622633,1.4301567236619623,4.34244450253489
2025-03-08 11:00:00,255.01534666036756,88.21691372579633,46.540071699158844,389.7723320853227,1.5284269640619947,3.517220611882082
2025-03-08 12:00:00,279.2489666929695,93.42492019434324,34.45452458749224,407.128411474805,1.4579406194273845,5.440178658245973
2025-03-08 13:00:00,283.33110514221624,95.00271186824772,32.52051857408409,410.85433558454804,1.4500855293608597,5.71321407663191
2025-03-08 14:00:00,318.4290738147372,116.23216616811332,44.98585041541629,479.6470903982668,1.5062917611515796,7.252622360804685
2025-03-08 15:00:00,337.04229275930066,126.81159089919134,45.82813288177631,509.6820165402683,1.512219764373187,9.86293780487878
2025-03-08 16:00:00,332.5708297401229,110.737539929621,42.34221060751009,485.650580277254,1.4602921749233102,7.742756414061429
2025-03-08 17:00:00,314.7569964382684,92.02012071507654,37.10570041353836,443.8828175668833,1.410239716955552,12.020914552776821
2025-03-08 18:00:00,280.3193141565331,104.74510747951234,42.962843429998266,428.0272650660437,1.52692748394436,11.237759585918742
2025-03-08 19:00:00,274.994635283417,88.79344814760147,40.00771707528588,403.7958005063043,1.4683770106647402,10.394890289940005
2025-03-08 20:00:00,220.29083228949204,66.74450193338353,41.6234395110948,328.6587737339704,1.4919312361672328,13.739877477037838
2025-03-08 21:00:00,224.88176599139774,56.556027254111584,34.95264966824671,316.39044291375603,1.406919060417992,15.139890099885136
2025-03-08 22:00:00,224.10993476585247,82.97170177469596,29.97210910149326,337.0537456420417,1.5039661048234727,15.263591566162736
2025-03-08 23:00:00,197.221353662196,73.75260224409469,37.40341308349045,308.3773689897812,1.5636104471627095,11.26895864913309
2025-03-09 00:00:00,191.90334594109572,85.74226559660723,46.335347167378124,323.9809587050811,1.6882507030623963,10.757799664468081
2025-03-09 01:00:00,200.20558802701777,64.2224218232789,39.55486082968602,303.98287067998274,1.5183535768190457,12.413207216502215
2025-03-09 02:00:00,169.11574540675807,55.22881342949065,35.52013032640216,259.8646891626509,1.536608483956494,7.285406892684984
2025-03-09 03:00:00,168.3376436449341,68.87583120851878,44.79916740108092,282.01264225453383,1.6752797303576883,9.778645115641549
2025-03-09 04:00:00,165.2549758494167,63.362558707159636,36.67527778891276,265.2928123454891,1.6053544589618207,11.175782632693037
2025-03-09 05:00:00,225.92433671279667,75.27696775816611,33.53410052502755,334.73540499599034,1.481626149118757,7.316421436139814
2025-03-09 06:00:00,199.6974253350167,81.01765940559731,35.63709761503543,316.35218235564946,1.5841575414651954,4.838177487680608
2025-03-09 07:00:00,215.07314598419256,58.9057935678067,33.57995686721249,307.55889641921175,1.4300199823264625,3.539287743062166
2025-03-09 08:00:00,255.0855037940472,88.38116269897372,38.31898304878201,381.78564954180297,1.4966967697625493,4.664979147511513
2025-03-09 09:00:00,265.41713002634606,92.59222172983047,35.0516054326901,393.06095718886667,1.4809178184914076,4.408529531306754
2025-03-09 10:00:00,265.0324823336319,79.28275147894908,29.25187937004909,373.56711318263007,1.4095144485435982,5.155720857076471
2025-03-09 11:00:00,275.3042739676133,94.62119620489149,38.16761519926669,408.0930853717715,1.4823347254673547,6.719234061447515
2025-03-09 12:00:00,312.9460035587087,101.467084968179,35.609979656327425,450.0230681832151,1.4380214575860233,7.402135280894997
2025-03-09 13:00:00,329.0797129191283,94.70969674467949,39.51737350918505,463.3067831729929,1.4078861898328294,6.486190055961714
2025-03-09 14:00:00,345.46177403148744,106.33118617650291,35.06652997370199,486.8594901816923,1.4093006137846007,8.716253713303939
2025-03-09 15:00:00,332.81946212318496,119.33657452203981,38.457297546542236,490.613334191767,1.4741125145204956,9.33682182356442
2025-03-09 16:00:00,306.4885756269524,110.36145499555005,32.95874076690348,449.80877138940593,1.4676200261927481,8.676805989877659
2025-03-09 17:00:00,284.6614328057133,95.19193575072055,32.30006202079677,412.15343057723055,1.44787239533967,13.230251987956375
2025-03-09 18:00:00,287.39244869269146,113.57012196311959,41.869032413037445,442.8316030688485,1.5408602594926495,10.473064929021671
2025-03-09 19:00:00,292.88835435051453,112.82754786990817,36.91410560832916,442.6300078287519,1.5112584752995466,11.667916763957354
2025-03-09 20:00:00,269.98099199520664,81.34781778322724,32.9960537165475,384.3248634949814,1.4235256365818705,10.944458689718477
2025-03-09 21:00:00,241.1136220005704,89.71561225653916,44.41990400228468,375.2491382593942,1.5563166242781028,12.455687101429362
2025-03-09 22:00:00,216.89574966816832,75.33650250245937,37.43481687990113,329.6670690505288,1.519933283869743,12.56791321796391
2025-03-09 23:00:00,207.83933402212267,88.30795603563354,42.78263979058578,338.929929848342,1.6307304459138898,13.983309393508433
2025-03-10 00:00:00,250.35801214919042,73.48284931623698,37.81659213039866,361.65745359582604,1.44456113264037,7.519708971235227
2025-03-10 01:00:00,226.62867727209252,80.9000999903642,38.01654470974926,345.545321972206,1.5247201992770802,10.20967398328738
2025-03-10 02:00:00,183.9460254802177,84.90572570371967,30.679637358077855,299.53138854201524,1.6283656456291742,9.632538557624345
2025-03-10 03:00:00,197.5124734431539,68.06884190783798,30.545070384862573,296.12638573585446,1.4992794154900937,9.871692404902577
2025-03-10 04:00:00,229.21273081613748,75.92868488250659,24.83514447623007,329.9765601748742,1.439608345487425,7.867159555325303
2025-03-10 05:00:00,205.27364939268813,89.08841767960028,35.7110387370343,330.0731058093227,1.607966277142048,8.574424100652202
2025-03-10 06:00:00,243.80231714819135,77.02159746100695,41.037745862760765,361.86166047195906,1.4842420888559775,6.262089265137603
2025-03-10 07:00:00,236.76384064070456,81.76083445842272,29.696180241129547,348.22085534025683,1.4707518445297196,5.742537793485201
2025-03-10 08:00:00,243.05204053208013,82.57289074996422,43.06967040444573,368.6946016864901,1.5169368703071084,3.555305394640138
2025-03-10 09:00:00,320.2455377520704,112.40471574258835,47.603444763601516,480.2536982582602,1.4996421234448734,4.682128682441293
2025-03-10 10:00:00,316.19236506445964,119.30224807115708,37.50395435341132,472.998567489028,1.4959202680071086,6.235882338699858
2025-03-10 11:00:00,359.5208743088506,128.86575589205844,42.691305244962145,531.0779354458712,1.4771824764468127,6.156942462477573
2025-03-10 12:00:00,352.87746761398006,137.29679212029103,44.46707403614904,534.6413337704201,1.515090598970392,7.382345176765911
2025-03-10 13:00:00,379.2345989604348,129.64161348478413,33.79650107475347,542.6727135199724,1.4309683636660717,7.76788816374754
2025-03-10 14:00:00,417.84945000112145,131.2911584618528,38.51393352812504,587.6545419910992,1.406378641851801,6.817231548847882
2025-03-10 15:00:00,402.9842916392709,146.4919535446596,37.61115212120189,587.0873973051324,1.4568493350372584,10.666426020329933
2025-03-10 16:00:00,388.03301102974615,136.19464598946453,50.988562788774004,575.2162198079848,1.4823899087386907,7.814014503159076
2025-03-10 17:00:00,384.2383548190228,144.83912540641725,46.247660485233304,575.3251407106733,1.4973131481932689,10.508527282871002
2025-03-10 18:00:00,343.10228918644054,112.66485943924191,51.41852772154129,507.18567634722376,1.478234603301119,11.301346861490963
2025-03-10 19:00:00,361.069470582804,143.98569995831375,38.65789258976386,543.7130631308816,1.5058405858940986,12.366042919483533
2025-03-10 20:00:00,352.2659159111072,116.49578040547796,36.60518376325719,505.3668800798423,1.4346175921469777,12.197310711785962
2025-03-10 21:00:00,346.6381071417498,130.1292364698843,37.09101866648523,513.8583622781193,1.4824058627460384,15.4134783447753
2025-03-10 22:00:00,262.75885199226707,94.92036095258351,33.97133911998592,391.6505520648365,1.490532285003143,12.653980133213935
2025-03-10 23:00:00,247.83039075354827,79.0822879343907,42.379612508769775,369.29229119670873,1.4901009116510924,14.797471776898245
2025-03-11 00:00:00,230.09731669863132,95.81522145450138,38.59931817804178,364.51185633117444,1.5841638727521183,12.232376194085992
2025-03-11 01:00:00,216.09171595190173,53.46758119373349,36.154803428683906,305.71410057431916,1.4147423432111845,9.492222103833228
2025-03-11 02:00:00,192.259781677165,71.45378003647724,32.01708557211412,295.73064728575633,1.5381825814321142,9.163052223513667
2025-03-11 03:00:00,203.1461864028942,74.04686956288523,34.30615916063789,311.4992151264173,1.5333746630548584,8.449753341859578
2025-03-11 04:00:00,225.56067096960578,55.23911135837073,26.97580691274671,307.7755892407232,1.364491371291389,9.419133784667928
2025-03-11 05:00:00,208.2967688952211,78.82676206633808,26.73877451607557,313.8623054776348,1.5068035243288675,8.824848816542497
2025-03-11 06:00:00,267.87653574288646,95.19916748503498,37.99939466273462,401.0750978906561,1.497238631888298,5.173298676271098
2025-03-11 07:00:00,216.058041740416,96.16727401899774,36.45493721383952,348.6802529732533,1.6138267761964487,5.079915039984171
2025-03-11 08:00:00,260.0313028468182,98.3651264381948,41.47569870395141,399.87212798896445,1.5377845805915338,4.739703135360285
2025-03-11 09:00:00,300.876081923416,99.58702167989128,32.26290529092591,432.7260088942332,1.4382200344006668,5.761631556563787
2025-03-11 10:00:00,318.63850409081255,103.17799340695677,29.627630632104555,451.4441281298739,1.4167908847614081,4.5886356819990235
2025-03-11 11:00:00,329.4261452048769,105.8319462909294,35.11281615865067,470.37090765445697,1.427849351064481,2.1993822019457125
2025-03-11 12:00:00,390.62910755355534,142.57958624948182,31.42188347242232,564.6305772754595,1.4454390785460054,5.408749559603592
2025-03-11 13:00:00,406.4379481414005,157.97335160790067,46.1307444964216,610.5420442457228,1.5021777544091774,5.755165383269358
2025-03-11 14:00:00,402.64272014070286,137.09375841563084,38.970545478527704,578.7070240348614,1.4372717923041876,5.2197967179371645
2025-03-11 15:00:00,394.93280369287106,140.98050295635323,55.73329504300394,591.6466016922283,1.498094349620895,8.331596696631214
2025-03-11 16:00:00,370.20473486857003,112.29635015510291,36.69998164021385,519.2010666638868,1.4024700868513023,10.434243614204853
2025-03-11 17:00:00,352.647932705889,135.03499940526729,59.482036449512975,547.1649685606692,1.5515898940970365,10.107729168192064
2025-03-11 18:00:00,379.11312191350663,144.09667079089098,53.927524354213816,577.1373170586114,1.522335376168497,13.648875434867204
2025-03-11 19:00:00,367.86101089722627,128.41545123945244,47.085379327130795,543.3618414638095,1.4770846199180783,13.809189150351601
2025-03-11 20:00:00,340.6729275238643,118.06486742125779,39.08209531889667,497.8198902640188,1.4612839766351737,10.445987663301917
2025-03-11 21:00:00,307.46136424540185,101.4012385805359,43.36189154775055,452.2244943736883,1.470833564677554,10.562739478079909
2025-03-11 22:00:00,281.0879322368145,89.63392730700099,37.206934618152566,407.928794161968,1.4512497598733305,11.742187371736325
2025-03-11 23:00:00,258.88712106025673,89.13566442626575,48.10362790611322,396.1264133926357,1.5301124743877703,12.903703589597432
2025-03-12 00:00:00,267.27859383431996,100.41395665515545,50.571188888784405,418.26373937825986,1.5648980091444669,12.218824986406693
2025-03-12 01:00:00,196.5237431086118,89.26179409906439,41.337196363400075,327.12273357107625,1.6645456085694794,10.10029678755398
2025-03-12 02:00:00,203.0794839547342,65.9656035385527,35.80221525028699,304.8473027435739,1.501123091348427,11.692477122095088
2025-03-12 03:00:00,212.90961902525206,61.33901851823403,32.33706533744806,306.58570288093415,1.4399805151338498,9.375895981500452
2025-03-12 04:00:00,220.8839554333034,57.730112920402426,40.53501262720282,319.14908098090865,1.4448721744177417,7.732515207242129
2025-03-12 05:00:00,221.50318479615612,101.77296207111536,37.20538665328996,360.4815335205614,1.627432733539717,7.509657403463597
2025-03-12 06:00:00,251.1706061905408,92.14161402100116,31.249463438265707,374.56168364980766,1.491264003104173,6.74866083515375
2025-03-12 07:00:00,260.80084531411717,86.57346591480787,43.11731913759671,390.49163036652175,1.4972790057340524,6.1829191699052615
2025-03-12 08:00:00,273.74551863283085,89.72367269415045,37.041869435130145,400.51106076211147,1.463078054254136,4.089916367659365
2025-03-12 09:00:00,286.46902768356955,86.40441353678159,33.36547313388414,406.23891435423525,1.4180901776333117,4.964360935657346
2025-03-12 10:00:00,298.85142777115436,100.54106907183662,41.41242231103479,440.80491915402575,1.474996865303827,3.0973484095174815
2025-03-12 11:00:00,347.5942138709273,106.48255836553133,52.299255117107805,506.3760273535664,1.4568022341752782,2.7893144030217956
2025-03-12 12:00:00,392.21028558178756,143.71548752552232,45.71192217813924,581.6376952854491,1.4829741000358347,5.159649678925753
2025-03-12 13:00:00,404.0214628306005,136.96713129778803,42.30005075929823,583.2886448876867,1.4437070763546291,6.756326890433696
2025-03-12 14:00:00,353.0450411979226,121.80276674817077,50.96357457964345,525.8113825257368,1.489360623057041,6.289765297845047
2025-03-12 15:00:00,391.5802394678741,142.4047551784567,43.058628462895506,577.0436231092262,1.4736280459233129,7.170564319656139
2025-03-12 16:00:00,372.83138883737683,117.96033355451686,47.65656343659358,538.4482858284873,1.4442139314169975,10.32184670336851
2025-03-12 17:00:00,379.4043870600869,124.69323553787518,43.3976086407171,547.4952312386791,1.443038746813361,10.061845106454061
2025-03-12 18:00:00,337.9231892725515,128.077088444358,35.19294490749706,501.1932226244066,1.483157233758734,10.230631969413574
2025-03-12 19:00:00,384.62840686160894,128.52653654940173,44.85338097316154,558.0083243841722,1.450772523374609,13.558312370684456
2025-03-12 20:00:00,300.5893820647053,110.80833401344708,30.552446764254782,441.95016284240717,1.4702786898416536,11.827821949243743
2025-03-12 21:00:00,284.3114026407807,106.30968110259994,36.73180624794483,427.35288999132547,1.503115548732576,13.229506328605417
2025-03-12 22:00:00,299.92643168763175,108.04005403276541,42.44444849100409,450.41093421140124,1.501738048484158,13.566399391935018
2025-03-12 23:00:00,284.49214641919326,85.46639496429941,45.493597525567424,415.45213890906007,1.4603290253816004,10.23379747857149
2025-03-13 00:00:00,227.1711537690835,61.009002500507776,34.2558992307167,322.436055500308,1.4193529862865424,11.44214421955902
2025-03-13 01:00:00,185.64449723290943,54.87370442937279,34.293590963209056,274.8117926254913,1.4803120842343775,11.738949987738097
2025-03-13 02:00:00,228.00274797408167,77.4767748029339,37.45141960398821,342.9309423810038,1.5040649528486676,11.26138818668266
2025-03-13 03:00:00,212.15139142574571,80.59347442701365,38.35008797610489,331.0949538288642,1.560654170607924,9.437300738746464
2025-03-13 04:00:00,206.87737691318782,69.31861572914578,38.38357935805399,314.57957200038754,1.5206088587076145,7.568687607111898
2025-03-13 05:00:00,216.54302182816429,77.62573159222171,42.660453247083936,336.8292066674699,1.5554840041659603,6.52874492047261
2025-03-13 06:00:00,212.9592360425475,95.51329378205494,33.86978625482772,342.3423160794302,1.6075485733383876,6.809927639248897
2025-03-13 07:00:00,254.42825183832403,93.49872401258872,34.966798842366956,382.89377469327974,1.5049184669027593,5.853698670621107
2025-03-13 08:00:00,261.17070275831264,103.31770886972461,45.087408763881285,409.57582039191857,1.5682303415591756,5.002244557869395
2025-03-13 09:00:00,309.60822130848106,97.5716261784267,52.3777421147141,459.5575896016219,1.4843197240028627,2.9975649464913623
2025-03-13 10:00:00,314.55621930156127,106.77403416576294,37.966441984064275,459.2966954513885,1.460141835603213,4.915866429413681
2025-03-13 11:00:00,366.42929453423477,129.68068567711825,46.01498059850789,542.1249608098609,1.4794804042590302,5.5653209531924865
2025-03-13 12:00:00,369.26863592807706,142.02810841380963,48.54162072841355,559.8383650703003,1.516073423520704,8.431474778148772
2025-03-13 13:00:00,384.9543713049413,128.98596565465596,41.5953373265047,555.535674286102,1.4431208363809822,6.900963775925992
2025-03-13 14:00:00,379.0806147624102,135.10033059517397,44.688522753373384,558.8694681109575,1.4742760414199245,5.1130533587718965
2025-03-13 15:00:00,405.64213394047846,150.2164505082905,46.99379095973594,602.8523754085049,1.4861680406625708,8.504438666306473
2025-03-13 16:00:00,387.7297630496713,124.77911190236034,44.6685238048511,557.1773987568828,1.43702509287507,11.274500293075757
2025-03-13 17:00:00,365.10886543116527,126.36501725037621,51.39279623043134,542.8666789119728,1.4868624958500785,7.03711517908191
2025-03-13 18:00:00,328.60004661167204,109.24696456752949,40.569379837172654,478.41639101637423,1.4559230771557068,11.83080275498377
2025-03-13 19:00:00,343.83539568646574,139.3692029543756,48.130515951929254,531.3351145927707,1.5453182576853748,10.741860445940574
2025-03-13 20:00:00,314.84413531109556,117.76859068749997,39.006878964930806,471.61960496352634,1.4979462917342319,13.106553117214132
2025-03-13 21:00:00,322.2613442194694,111.37948737131245,42.74627728274787,476.3871088735297,1.478263271157636,11.970567595563896
2025-03-13 22:00:00,288.8675690645605,115.87119274953602,44.557985874023736,449.29674768812026,1.555372758330322,10.362184139736733
2025-03-13 23:00:00,246.23106189296905,81.29363073581611,42.03253562431905,369.5572282531042,1.5008554380265078,12.227718785769705
2025-03-14 00:00:00,197.08230512105933,82.23316603057708,41.21633431685423,320.53180546849063,1.6263855107215306,11.782166813219074
2025-03-14 01:00:00,231.07669848478753,70.40912260725138,37.90107671007726,339.3868978021162,1.4687196936235398,10.866611915420455
2025-03-14 02:00:00,245.60289585632313,90.00630220485955,37.61035398761922,373.2195520488019,1.5196056656723385,7.9790803935549715
2025-03-14 03:00:00,212.5259680142392,78.29090050127006,38.186738442534434,329.0036069580437,1.5480630909819006,8.597576425650686
2025-03-14 04:00:00,203.12321259969048,72.7346015748031,39.94208500604634,315.7998991805399,1.5547208767464185,5.873331085368005
2025-03-14 05:00:00,226.9219655887598,67.13293563702676,32.102967583988246,326.1578688097748,1.4373129016556099,10.632244549613977
2025-03-14 06:00:00,217.21199262614888,84.7001245894959,39.661933712095625,341.5740509277404,1.572537716716385,6.401701632906907
2025-03-14 07:00:00,262.17761568836494,103.53667677788549,33.99595887733332,399.71025134358376,1.524578100590768,7.011657125887333
2025-03-14 08:00:00,246.80057570334367,96.04346119402538,37.81175049333058,380.65578739069963,1.542361829205176,5.342960642583385
2025-03-14 09:00:00,257.1135419264834,84.08533537456566,35.720733603640994,376.91961090469005,1.4659656122370361,5.768801531131212
2025-03-14 10:00:00,299.89326012717584,103.03764504759971,35.01366468423974,437.9445698590153,1.460334819373053,4.394324664148211
2025-03-14 11:00:00,351.5371686202866,130.51780865843665,43.61667611692522,525.6716533956485,1.4953515597192897,5.308021846683192
2025-03-14 12:00:00,342.61947816758436,130.9661351124512,36.37071953923455,509.9563328192701,1.4884043824555613,5.675329461470162
2025-03-14 13:00:00,338.0300700429919,133.8633570277073,39.2561118104405,511.14953888113973,1.5121422150879353,7.3166110841399625
2025-03-14 14:00:00,386.4584664274461,136.20543828690302,46.72316211211405,569.3870668264633,1.473346080602326,9.82719824086681
2025-03-14 15:00:00,377.62552726432466,120.95462385911068,44.36245231768016,542.9426034411156,1.4377804577312772,9.963377635286228
2025-03-14 16:00:00,397.4288652832985,137.16059101533298,49.69744905155789,584.2869053501894,1.4701672585701424,10.664476800669433
2025-03-14 17:00:00,422.0622593447047,142.2442513828725,54.88795700010149,619.1944677276787,1.4670690259987758,12.825111691833794
2025-03-14 18:00:00,382.61302309184305,128.11049101276907,41.828987356728504,552.5525014613406,1.4441549767340383,7.648085343269913
2025-03-14 19:00:00,366.02946062002934,143.27872661218782,51.62957829402744,560.9377655262446,1.5324934899394536,15.546545215530104
2025-03-14 20:00:00,331.2962590545058,134.80272003359076,50.78022208390873,516.8792011720053,1.56017216326903,14.2338988376613
2025-03-14 21:00:00,281.01883752703276,110.65848861649671,41.484011438133045,433.1613375816625,1.5413960907157847,13.107433628030623
2025-03-14 22:00:00,264.2524230151988,104.7418238023809,37.809566365654355,406.80381318323407,1.5394515915558369,13.73263435613896
2025-03-14 23:00:00,238.54008270067604,71.74853167102869,29.41568902889007,339.7043034005948,1.4240973657532487,14.616292188411457
2025-03-15 00:00:00,203.90894755922474,74.89511649775444,37.78083218976272,316.5848962467419,1.5525797177428458,9.962322320943976
2025-03-15 01:00:00,180.7688971999163,56.87051482040111,28.72126565873926,266.36067767905666,1.4734873189190425,11.807328131715277
2025-03-15 02:00:00,171.61074933354965,50.31020847658314,34.68151901315278,256.60247682328554,1.4952587633338894,11.10854803357796
2025-03-15 03:00:00,176.68375585261123,67.82926839250696,43.433878992022635,287.9469032371408,1.6297304856782917,8.09072557353591
2025-03-15 04:00:00,163.54406461967474,60.59076026851295,29.242891552248306,253.377716440436,1.5492932564056747,7.026580725229746
2025-03-15 05:00:00,195.16174270856374,72.71487317907,32.62198034481458,300.49859623244834,1.5397413041201666,4.641102803496931
2025-03-15 06:00:00,171.32674087244555,47.301582257038305,32.85278423981923,251.48110736930312,1.4678450432704682,5.154480906716309
2025-03-15 07:00:00,259.0520099328354,92.83101811489773,40.25987949749498,392.1429075452281,1.5137613008557598,4.7664852078845845
2025-03-15 08:00:00,246.99752465803098,90.50800248681949,36.08188039987783,373.5874075447283,1.5125147835467643,3.4583401512150225
2025-03-15 09:00:00,258.6803932009693,106.48095566551298,32.054698665603915,397.2160475320862,1.5355475636048235,4.407858305611603
2025-03-15 10:00:00,277.41690874200896,108.62968400343946,36.51765668086089,422.56424942630935,1.5232101436876868,7.9311237675200585
2025-03-15 11:00:00,297.36925125295625,104.42132355284426,42.637803568547916,444.42837837434837,1.4945337371021483,2.481113350727304
2025-03-15 12:00:00,315.4402238297977,109.19228365870728,40.9767670763434,465.60927456484836,1.4760618316580878,4.593269423928434
2025-03-15 13:00:00,297.41899082286375,101.30128242879785,38.188156864456765,436.9084301161183,1.4689997733746982,7.844914219283909
2025-03-15 14:00:00,317.9913107657892,117.01304033062486,36.009153007679515,471.01350410409356,1.481215014868787,7.971900309965109
2025-03-15 15:00:00,332.82921619886434,126.37426942356547,44.60255927060053,503.80604489303033,1.5137073921779989,7.834209488691333
2025-03-15 16:00:00,315.21469708388616,118.79362636941487,42.121060633408405,476.1293840867095,1.5104923358316635,12.46627712329558
2025-03-15 17:00:00,312.2559825766736,110.11288964999184,32.292259522561395,454.6611317492268,1.4560525886404305,10.163207413987859
2025-03-15 18:00:00,292.86150986313305,105.2010897518774,43.13984969462432,441.2024493096348,1.5065224840090046,11.316308864411587
2025-03-15 19:00:00,307.2051900613199,102.45160039279749,44.0764724433905,453.7332628975079,1.4769713454611237,10.454775347115328
2025-03-15 20:00:00,274.9988012269177,102.7229735198502,41.596658838344176,419.3184335851121,1.5248009508198102,11.333905097735212
2025-03-15 21:00:00,232.11940708146423,84.8819531527263,41.08727556697963,358.0886358011702,1.542691497895719,14.218667152765775
2025-03-15 22:00:00,194.8870368059813,64.84938961635034,37.2788002851571,297.01522670748875,1.5240378815096902,10.618936189514933
2025-03-15 23:00:00,207.64422931687415,55.9273172884764,37.930375114418226,301.50192171976875,1.4520120434440953,11.425715418560863
2025-03-16 00:00:00,219.5093147114264,89.2288990224855,32.70022625066374,341.43843998457567,1.5554621927249008,11.16594961789038
2025-03-16 01:00:00,163.44098691641136,53.488325058478594,36.60507034853596,253.53438232342592,1.5512288998419412,10.601720269624968
2025-03-16 02:00:00,178.2138562779716,48.070926890754194,32.57939863231574,258.8641818010415,1.452548007250763,10.912628207779024
2025-03-16 03:00:00,176.24248214343714,48.96134808138096,37.6835508877865,262.8873811126046,1.4916232336006845,6.6411832558578805
2025-03-16 04:00:00,196.33387871579535,81.79443240565084,34.74840567584438,312.87671679729056,1.5935951494657614,7.1804116789887145
2025-03-16 05:00:00,192.7634911425099,65.89657047922329,36.08134595721556,294.7414075789487,1.5290312798964956,6.9388526855907475
2025-03-16 06:00:00,210.18095728017954,88.32123276461215,31.10300801403308,329.6051980588248,1.5681972445270007,4.2398856994483864
2025-03-16 07:00:00,210.46884860024338,91.70791053445134,22.893498606057605,325.07025774075237,1.5445053265729534,5.7932558656435775
2025-03-16 08:00:00,219.95908371876482,65.04327133411859,38.54252396972424,323.54487902260763,1.4709321095203574,4.871732313008223
2025-03-16 09:00:00,247.08178086778994,80.49850582996937,45.79292104694119,373.3732077447005,1.5111320892756854,4.003653146229925
2025-03-16 10:00:00,267.6720025613415,103.8910714336428,36.09939378951548,407.66246778449977,1.5229925576212517,2.397165419136102
2025-03-16 11:00:00,279.131231620702,106.86725394984812,36.049048295757615,422.04753386630773,1.5120039825561613,5.03729936585547
2025-03-16 12:00:00,305.539112732746,109.70596159475645,46.22667283763695,461.4717471651394,1.510352448947468,6.102511241958106
2025-03-16 13:00:00,297.70636184572,114.08415293982713,32.09394439742795,443.88445918297504,1.4910143553230775,7.943533014987443
2025-03-16 14:00:00,348.0406685194287,124.2780826777312,39.96453022338903,512.283281420549,1.4719063826644492,7.528249782524506
2025-03-16 15:00:00,319.49515000852375,111.54978669696064,45.522404570219415,476.56734127570377,1.4916262148673916,8.829252898677106
2025-03-16 16:00:00,305.5916956180331,115.73415634928604,36.3935544139392,457.7194063812583,1.4978136282648646,10.491549688583047
2025-03-16 17:00:00,318.42104661533506,119.503809819407,36.47704243933431,474.4018988740764,1.489857231224958,10.356792461352969
2025-03-16 18:00:00,282.45628672878377,90.58264809351971,42.2995870221191,415.3385218444226,1.4704523898355752,8.265991050992657
2025-03-16 19:00:00,268.5319299146567,99.7893261174072,28.85284965873126,397.17410569079516,1.4790572793969894,11.427574073220303
2025-03-16 20:00:00,259.83769702803414,72.37118181509447,48.346242236507756,380.55512107963636,1.4645878001242365,10.60406620292735
2025-03-16 21:00:00,244.15505799799723,91.97238780543972,37.0278863196823,373.15533212311925,1.5283538878239427,12.227756042413066
2025-03-16 22:00:00,226.17398523016922,81.61702113783952,33.635645408509156,341.42665177651793,1.5095752565400489,13.131687503492255
2025-03-16 23:00:00,195.65163676604544,83.93123565867961,36.22008788989275,315.8029603146178,1.6141084507882029,12.243403108991929
2025-03-17 00:00:00,269.2799806634903,99.34726106418232,38.24686222517338,406.874103952846,1.5109704885982678,8.035452336940919
2025-03-17 01:00:00,184.30391815307863,70.94878874123725,30.882272441170723,286.1349793354866,1.552517071817374,9.312354798473937
2025-03-17 02:00:00,203.09501712671806,78.6680233286432,34.81417328930669,316.5772137446679,1.5587640613907545,9.162331636959873
2025-03-17 03:00:00,228.80224190684694,79.58194195799915,40.68327262984702,349.0674564946931,1.5256295287386656,7.858772635365275
2025-03-17 04:00:00,207.38093279481276,82.35493727413001,25.017118767231135,314.75298883617387,1.5177527875602592,9.468843125713127
2025-03-17 05:00:00,211.13551902362101,65.18651745130919,44.50257885534491,320.8246153302751,1.5195198648427435,4.423423164945366
2025-03-17 06:00:00,211.39626346961575,79.11647993451754,36.991335553876084,327.50407895800936,1.5492425153724723,7.380830205959371
2025-03-17 07:00:00,271.4651473088535,92.62370073642352,29.967260466071675,394.05610851134867,1.4515900564687223,2.519878307245539
2025-03-17 08:00:00,259.81484601148566,92.72192385127174,32.566086960637776,385.1028568233952,1.4822203686019193,5.2970908094099665
2025-03-17 09:00:00,296.80757602257324,106.84351182998935,43.88040311144878,447.53149096401137,1.5078169397198105,5.067112237553031
2025-03-17 10:00:00,322.0598793230244,104.2179277707374,42.55521740207762,468.8330244958394,1.455732472735613,4.291895193840469
2025-03-17 11:00:00,314.46730823243286,103.99356866991694,37.38311856927463,455.84399547162445,1.4495751499061886,7.402469850900691
2025-03-17 12:00:00,361.1627164319514,137.61464634527434,46.04823208581595,544.8255948630417,1.5085322212811942,7.238753510555488
2025-03-17 13:00:00,374.6344577677189,113.51295244605157,48.61868342337893,536.7660936371494,1.4327728870310041,4.7637611303772225
2025-03-17 14:00:00,390.91902650715633,134.43210157564855,44.88363581673973,570.2347638995445,1.4587030183579606,5.301968848510989
2025-03-17 15:00:00,356.2252783114305,138.35515341144261,46.62819669909595,541.208628421969,1.5192875446329683,5.720189893724598
2025-03-17 16:00:00,378.9786274129373,137.2435178138805,32.58027103602048,548.8024162628383,1.4481091453868715,12.304574627362964
2025-03-17 17:00:00,359.8339868470305,141.43151342951685,44.5895195437277,545.855019820275,1.5169634880885339,7.946629855594697
2025-03-17 18:00:00,342.7138936919309,121.5188320081802,39.90658248161551,504.13930818172656,1.4710209228777362,12.271959329731228
2025-03-17 19:00:00,380.00953081538296,123.85564441053364,42.90698699629977,546.7721622222164,1.4388380234806541,11.857548746413636
2025-03-17 20:00:00,329.59340201088645,111.20075364016054,40.11595017704851,480.9101058280955,1.4591011315578795,11.115696591513267
2025-03-17 21:00:00,296.1977591678094,100.70817548914259,45.167754683967544,442.07368934091954,1.4924950498712748,11.024211145590431
2025-03-17 22:00:00,263.21243536894474,91.4107556562328,45.003041415899304,399.62623244107687,1.5182650161681037,13.404057321392756
2025-03-17 23:00:00,229.05816758804485,90.60299937413644,29.106823123011303,348.7679900851926,1.5226175680949423,13.106045838387292
2025-03-18 00:00:00,231.3685742877326,69.52945417807169,29.978680420483485,330.87670888628776,1.4300849192890202,10.328155544565135
2025-03-18 01:00:00,195.230930977632,80.36257582826103,31.932133773854485,307.5256405797475,1.5751891313522515,7.580008457403039
2025-03-18 02:00:00,204.62838201890074,80.80405080394371,41.190668772403725,326.6231015952482,1.596176925081093,11.020334118466685
2025-03-18 03:00:00,225.69786830152256,71.85362606421182,31.334581777407116,328.88607614314145,1.4571962004699306,8.455254274341932
2025-03-18 04:00:00,212.054732932991,83.3059385853644,31.85244078545527,327.21311230381065,1.5430596986826488,6.871245507751459
2025-03-18 05:00:00,244.63961509953157,92.30043577714198,41.21438090097191,378.15443177764547,1.545761227689119,6.622970693575114
2025-03-18 06:00:00,212.3200986218473,65.81954000496938,19.13493231537623,297.2745709421929,1.4001244953811638,6.21600321221228
2025-03-18 07:00:00,249.71203140387883,60.172463945710035,42.36212087375783,352.2466162233467,1.4106113119300634,3.331794262260553
2025-03-18 08:00:00,308.6190531636156,97.54517866672076,38.58695266174856,444.7511844920849,1.441100865072962,5.424256121095095
2025-03-18 09:00:00,270.5054497708032,92.52320103946133,39.75014924435081,402.7788000546153,1.4889858980508013,3.212174162617444
2025-03-18 10:00:00,311.03570429797696,110.054738332101,46.96993976399882,468.0603823940768,1.5048445433314876,2.9767022838560218
2025-03-18 11:00:00,367.878653449656,117.46242916682243,38.04759760203848,523.3886802185168,1.4227209850602063,5.053646849748908
2025-03-18 12:00:00,348.1215961377573,124.49716786181102,36.037288360198865,508.6560523597672,1.4611447781552853,5.942832733344327
2025-03-18 13:00:00,359.64236212358384,121.99727359551568,40.66436905731761,522.3040047764171,1.4522872158117397,7.068471347895895
2025-03-18 14:00:00,378.51553620240804,152.82309438501565,39.97412131467574,571.3127519020994,1.5093508647861542,10.294763964458104
2025-03-18 15:00:00,361.23855741029644,148.1285668747505,49.5452516740345,558.9123759590815,1.547211294292337,10.356876531041685
2025-03-18 16:00:00,388.61762847276094,125.69340662131481,48.555681893423255,562.8667169874991,1.448381843097351,11.191384469762575
2025-03-18 17:00:00,331.7872222167834,109.62691518109007,50.045790519177125,491.45992791705055,1.481250316493322,10.732095047359378
2025-03-18 18:00:00,402.1078279067014,138.60572730123053,43.83495474705818,584.5485099549901,1.4537108441734172,10.121293538096438
2025-03-18 19:00:00,350.79467305861954,116.05536635952934,36.69072293908575,503.5407623572346,1.4354287594130326,10.055676231204277
2025-03-18 20:00:00,293.02288925983925,116.52276909541088,52.70985296516038,462.2555113204105,1.5775406231507858,12.592762891916085
2025-03-18 21:00:00,304.5138204575191,103.19204482016181,36.866859451655976,444.57272472933687,1.459942685233088,10.360725534397243
2025-03-18 22:00:00,274.4333142122917,84.42910300641529,41.89005620308874,400.75247342179574,1.460290907363339,12.516584594903739
2025-03-18 23:00:00,256.05075616499784,73.66663458102144,28.303222209695168,358.02061295571445,1.3982407953718665,11.286149897848507
2025-03-19 00:00:00,272.35513769422033,84.82419654908992,34.72660605787263,391.90594030118285,1.4389518906053649,10.961324219841282
2025-03-19 01:00:00,222.15976403113734,59.31653337381865,42.579700269210235,324.0559976741662,1.4586619637782263,11.741934242827984
2025-03-19 02:00:00,206.36561226091695,74.90669599423018,33.955345908027674,315.22765416317475,1.5275202622645232,9.05969718754008
2025-03-19 03:00:00,212.52855009955755,77.35627447792749,39.046000762031774,328.9308253395168,1.5477018272859406,8.283838113247352
2025-03-19 04:00:00,192.42852559310808,69.01912405490192,43.14830136605264,304.5959510140626,1.5829043540983816,9.155911807446568
2025-03-19 05:00:00,204.95011544676197,72.53194575530709,46.60657663424026,324.0886378363093,1.5813049781886797,5.04531905584447
2025-03-19 06:00:00,245.19052466556786,84.38372383360807,30.583216915320936,360.15746541449687,1.4688881876889015,3.8312595065795803
2025-03-19 07:00:00,290.2069937137433,118.62886968128272,46.79182516528947,455.6276885603155,1.5700093327514402,5.7279394643208486
2025-03-19 08:00:00,274.63239200102316,102.60813265381763,33.76482503343244,411.0053496882732,1.4965654513424693,2.0161338412411367
2025-03-19 09:00:00,320.706550801545,114.17429979806644,43.76014270951301,478.64099330912444,1.4924578001691962,1.4131817283259722
2025-03-19 10:00:00,367.48997381546684,114.09531152689068,43.31907917809613,524.9043645204537,1.4283501644157282,5.181552251631092
2025-03-19 11:00:00,345.8908357788352,113.56241686481125,44.596552702585264,504.0498053462317,1.4572511128005843,1.2700338269729703
2025-03-19 12:00:00,353.76238313512584,113.8140169890333,42.48600036936875,510.0624004935279,1.4418220387742595,6.12288128275528
2025-03-19 13:00:00,395.9899524453299,146.18930837870064,48.4636618756017,590.6429226996322,1.491560376853693,7.671932395078825
2025-03-19 14:00:00,367.91811836344635,127.06962837531351,36.96083281186483,531.9485795506247,1.4458341489590396,6.0327691252171025
2025-03-19 15:00:00,381.2779876908134,131.96108326789658,50.54763030209892,563.786701260809,1.4786762400718392,6.114470113454718
2025-03-19 16:00:00,374.212908338418,133.74204341765642,42.044846840376565,549.999798596451,1.4697510062882726,11.931761310885747
2025-03-19 17:00:00,369.50532020924584,128.932085532929,24.290375278677153,522.727781020852,1.4146691601756598,11.331842663780543
2025-03-19 18:00:00,371.91125845209797,131.65448220822483,40.35747777634921,543.9232184366721,1.462508074373686,11.361780308288303
2025-03-19 19:00:00,295.4243079156985,97.49583121088835,43.533770484952555,436.4539096115394,1.4773798158006848,13.0291173834498
2025-03-19 20:00:00,293.40080971506023,89.41496300451647,34.84401366053357,417.65978638011023,1.423512725768295,13.301648069203758
2025-03-19 21:00:00,306.5339350872631,97.00147480215183,49.95237131537118,453.48778120478613,1.4794048204669041,10.755729528266475
2025-03-19 22:00:00,277.08655277021757,116.72632867884315,40.69547358764981,434.5083550367105,1.5681322341075128,12.88599379808807
2025-03-19 23:00:00,277.0312822181535,95.02309023100162,43.574909039704174,415.62928148885925,1.5002972883097159,12.478205753381067
2025-03-20 00:00:00,211.8967484618987,80.29963387213323,40.29318658681988,332.4895689208518,1.5691112361765993,11.94838341561864
2025-03-20 01:00:00,239.29080900105333,75.05020899043981,35.792892847176134,350.13391083866924,1.4632150407294915,11.705111724850928
2025-03-20 02:00:00,223.38296166014862,81.06074538378023,39.50319651297801,343.9469035569068,1.5397186114856078,9.329623228079765
2025-03-20 03:00:00,208.4297259471632,64.16844384104806,29.178213257915186,301.77638304612645,1.4478567376835036,9.020300098577657
2025-03-20 04:00:00,222.72253183499544,74.6269820575201,34.877075760030294,332.22658965254584,1.4916613371595324,5.739124437493891
2025-03-20 05:00:00,208.86955998818664,88.90883298604427,42.62860569069066,340.40699866492156,1.6297587771247015,1.9394369568147622
2025-03-20 06:00:00,226.02386131332105,69.97489281306301,32.11415826010812,328.11291238649216,1.4516737767418821,6.7091039909092745
2025-03-20 07:00:00,249.99876779636915,80.45670052243693,42.871691510779954,373.32715982958604,1.493315999595931,5.186307704751124
2025-03-20 08:00:00,243.96725472618044,76.51177138807144,35.3275737466054,355.8065998608573,1.4584194926495406,2.541000598277188
2025-03-20 09:00:00,298.2724922989052,103.02427972299056,36.38253179888821,437.67930382078396,1.4673807177035159,4.282424098264405
2025-03-20 10:00:00,294.77964861867196,94.64140366660581,39.4439337346201,428.86498601989786,1.4548663316125978,4.310742866918826
2025-03-20 11:00:00,377.84260046646165,138.40852847321707,47.9223712506355,564.1735001903141,1.493144233852455,3.723227175196664
2025-03-20 12:00:00,373.73937957872306,128.24890728661217,44.96753862665422,546.9558254919895,1.4634685435302939,6.5443935801376
2025-03-20 13:00:00,449.6413479354484,174.2102373467576,51.11185491334965,674.9634401955557,1.501115151652946,4.140529206568463
2025-03-20 14:00:00,398.43922558599843,151.12311272741266,49.63474311313632,599.1970814265475,1.5038606717129506,9.538811199568645
2025-03-20 15:00:00,360.2571383707135,121.88801587479313,52.611124007970645,534.7562782534773,1.4843738577171504,7.787341924438941
2025-03-20 16:00:00,403.4392707289345,135.35662175696103,51.012771939831715,589.8086644257273,1.461951543190281,12.355210562720671
2025-03-20 17:00:00,365.64273226367413,142.39952799864164,38.7263307373084,546.7685909996242,1.4953629397051318,10.400132717479645
2025-03-20 18:00:00,383.6273571011308,123.17802242095524,38.427422250753565,545.2328017728396,1.4212563094896977,8.930429868693444
2025-03-20 19:00:00,381.4812671094174,137.91593307403403,44.38916845117638,563.7863686346278,1.4778874278849483,12.696292705674594
2025-03-20 20:00:00,286.4011699510844,98.75942999962211,49.17155720357678,434.3321571542833,1.516516700083539,11.537034439483017
2025-03-20 21:00:00,309.59119271698995,99.06099380294636,43.94003148920294,452.5922180091393,1.4619027564613973,9.492026225687976
2025-03-20 22:00:00,266.1127398372209,77.60858477726212,44.26372239216365,387.98504700664665,1.4579724640164695,10.300643020592146
2025-03-20 23:00:00,254.14142835529776,101.28621798364752,38.03456707364861,393.4622134125939,1.5482017865364368,10.653834953298578
2025-03-21 00:00:00,266.620305970071,87.68486386771815,46.986254365474295,401.29142420326343,1.5051045071124842,9.876988953969912
2025-03-21 01:00:00,239.65645056057363,63.38450940040547,42.94690639738157,345.98786635836063,1.4436826780546494,10.296528455297091
2025-03-21 02:00:00,224.15425377515604,73.37820198851136,33.108154579440466,330.6406103431078,1.475058379551279,10.412361950449274
2025-03-21 03:00:00,194.63321736037094,65.40337933076027,13.703412413465742,273.74000910459694,1.40644034362211,8.461255336081885
2025-03-21 04:00:00,201.03038336262708,68.71430021875382,25.917242465498145,295.66192604687905,1.4707325385414582,5.387399870894505
2025-03-21 05:00:00,218.1749897836775,51.48115735814113,31.619368531117807,301.2755156729364,1.3808893309524335,7.303857403276416
2025-03-21 06:00:00,247.73991159218576,86.59479210709515,39.20472713200191,373.5394308312828,1.5077886660675834,2.885834522401126
2025-03-21 07:00:00,259.18247065298925,103.07567627658662,28.079248697096368,390.3373956266723,1.5060331612830482,4.283465543469869
2025-03-21 08:00:00,247.08578921323777,86.41554983022996,37.00288663399193,370.50422567745966,1.4994962958299087,4.374192076364411
2025-03-21 09:00:00,275.54655472652587,91.79235733546274,51.24311298822927,418.58202505021785,1.5190972918012047,2.5066436093847857
2025-03-21 10:00:00,326.5459336297327,123.3290441985817,38.28521209499294,488.16018992330737,1.4949204373704665,3.505170286687745
2025-03-21 11:00:00,372.3130703984305,136.02097585204152,43.073719011743556,551.4077652622157,1.481032521023576,8.62007524112833
2025-03-21 12:00:00,363.3257421352035,137.81408551031677,52.62049153750414,553.7603191830244,1.524142814458093,5.448624602091147
2025-03-21 13:00:00,362.336452318893,142.71543796935816,50.06780987367066,555.1197001619219,1.5320559016605924,7.664395623984638
2025-03-21 14:00:00,391.175647551709,152.77878296922484,34.944400562197686,578.8988310831314,1.479894862337021,4.181142786724418
2025-03-21 15:00:00,377.040938924819,116.13739075252512,53.724682372738506,546.9030120500826,1.4505136063199058,9.12685851143424
2025-03-21 16:00:00,388.9574956101159,142.08270269437946,38.12499912504332,569.1651974295387,1.4633094974471446,9.058352073336097
2025-03-21 17:00:00,401.24804407870204,137.34607583586978,46.58464393924904,585.1787638538209,1.4583965516827344,11.967477573968692
2025-03-21 18:00:00,335.3863988025864,127.95929071108785,28.538241016323745,491.88393052999805,1.4666185995799086,13.552987269233862
2025-03-21 19:00:00,341.5674000243762,134.5803591547923,44.91350387345926,521.0612630526277,1.525500568893407,9.295453275693532
2025-03-21 20:00:00,328.4938136154933,117.01939413035404,55.95224307435319,501.46545082020054,1.5265598012362358,11.916839149021799
2025-03-21 21:00:00,305.4203332096157,114.01255641388758,42.72605696320466,462.15894658670794,1.5131898447295569,12.741253677213678
2025-03-21 22:00:00,280.69937544111934,115.46406848275575,42.4162639077411,438.5797078316162,1.5624534509290866,12.908387483946377
2025-03-21 23:00:00,262.33410477134817,83.05654325715462,32.301909392985976,377.69255742148874,1.439738678852632,11.367731008667132
2025-03-22 00:00:00,195.61141247851646,70.07680970740094,41.45354191765201,307.1417641035694,1.5701628049810339,10.92694341486886
2025-03-22 01:00:00,200.10101610759554,60.25537943536277,35.11776852841267,295.474164071371,1.4766250058045318,11.576534578990701
2025-03-22 02:00:00,156.38321605684033,74.60962190909066,39.05106852153196,270.04390648746295,1.7268087541396424,11.087236510456322
2025-03-22 03:00:00,169.83208373204303,53.42577074760978,26.972463883779376,250.2303183634322,1.473398387776008,7.4358651820015735
2025-03-22 04:00:00,181.26027740485597,70.843655403082,27.197092486740424,279.30102529467837,1.5408838014235318,5.479597010564492
2025-03-22 05:00:00,196.1944117157383,66.11537798547201,36.093562070969256,298.4033517721796,1.520957448087408,6.960910346385921
2025-03-22 06:00:00,213.10882198874856,65.27620462962122,32.99430555442787,311.37933217279766,1.461128306500786,10.035265275223475
2025-03-22 07:00:00,228.2222249675042,63.85436854995626,42.49411616580392,334.57070968326434,1.4659865389135645,3.083329781399907
2025-03-22 08:00:00,191.98563883145687,75.08619494936909,40.181930605511695,307.25376438633765,1.6003997291488767,3.276471966919644
2025-03-22 09:00:00,250.68693134034686,99.62548608035314,26.996718274793015,377.309135695493,1.50510093876109,2.141474861056743
2025-03-22 10:00:00,284.44889504992403,86.57601301183027,36.96140323372013,407.9863112954745,1.4343044335745028,3.1256920459582562
2025-03-22 11:00:00,273.57969086181885,88.70429209107,45.97022175662447,408.2542047095133,1.492267950970515,1.898666053458041
2025-03-22 12:00:00,276.85809907566886,106.79703101449054,39.699154553917985,423.3542846440774,1.5291381615979718,5.8041650422221585
2025-03-22 13:00:00,330.052923071404,139.71032824584714,40.37066085903415,510.1339121762853,1.5456124655073042,4.43682001879068
2025-03-22 14:00:00,290.7061445431917,107.27804000141558,40.23677692067924,438.2209614652865,1.5074361849278963,7.419353384714537
2025-03-22 15:00:00,310.00947261675486,130.26008221517858,37.807285520914164,478.07684035284757,1.5421362331849253,7.808938108063951
2025-03-22 16:00:00,318.9644545611792,101.89920080405338,31.774889929520658,452.63854529475327,1.419087734768059,7.625578416234434
2025-03-22 17:00:00,302.72575428106205,111.83587359627025,41.8540063058797,456.415634183212,1.5076868344655554,11.160824151669166
2025-03-22 18:00:00,283.6308701626863,92.77679665723467,38.405462034009446,414.8131288539304,1.4625105109891599,10.327364539550592
2025-03-22 19:00:00,263.9045341200221,104.06563485674633,41.36305717117518,409.3332261479436,1.5510655302412555,9.727281011968497
2025-03-22 20:00:00,285.07251601666866,95.55330851185055,31.654235539041508,412.2800600675607,1.446228720426539,12.008811353598906
2025-03-22 21:00:00,241.32044476989068,88.27750391327709,32.210074284884094,361.8080229680519,1.4992845853282395,14.30826781907292
2025-03-22 22:00:00,214.11451322328597,91.21296478600856,32.79542312540222,338.12290113469675,1.579168530169137,14.127707847988287
2025-03-22 23:00:00,183.10053975022504,63.723026128364275,26.55768486032603,273.38125073891536,1.4930663290880843,11.321486098646684
2025-03-23 00:00:00,164.99972757062918,49.914198695329475,36.18327780331154,251.0972040692702,1.5218037494139889,12.440174367800823
2025-03-23 01:00:00,174.61200641288085,71.35608123893297,28.570337936351912,274.53842558816575,1.5722769082614099,9.845106429797745
2025-03-23 02:00:00,174.78197683400452,64.33235859217942,34.867890944197725,273.9822263703817,1.5675656685734278,9.618102462089183
2025-03-23 03:00:00,123.3808878370964,49.21194698236743,31.521380211499583,204.1142150309634,1.6543422454575114,5.82862093080607
2025-03-23 04:00:00,146.20686642865317,58.1577553012209,35.38924916259297,239.75387089246703,1.639826341599787,6.936812094360039
2025-03-23 05:00:00,176.34744640713362,58.5947252267772,40.28912526684549,275.2312969007563,1.560733101092541,3.566213550104884
2025-03-23 06:00:00,200.0711492978395,86.667819189657,27.45663059009264,314.1955990775891,1.570419324226784,4.026244348214618
2025-03-23 07:00:00,234.19754846150033,89.54844359000533,37.75110334768292,361.4970953991886,1.5435562744953968,4.8738229032301446
2025-03-23 08:00:00,234.05289275521088,92.95383806307757,37.97324132336567,364.9799721416541,1.5593909899818075,5.396458816600525
2025-03-23 09:00:00,235.47957412194393,71.07383859059964,43.41419661809314,349.9676093306367,1.4861909387920191,2.6060185162136227
2025-03-23 10:00:00,259.5732435762753,81.71993200233631,27.746433209241907,369.03960878785347,1.42171667504479,3.893729080895695
2025-03-23 11:00:00,259.0197380710932,105.04697101294654,46.21427668680586,410.2809857708456,1.58397575731559,6.082776252076382
2025-03-23 12:00:00,294.2693168429953,110.83241562732385,44.0552178300609,449.15695030038,1.5263465288160627,2.961161024744621
2025-03-23 13:00:00,309.8009802632133,118.78636651623454,40.026745803006904,468.61409258245476,1.5126294700046157,4.36507494927752
2025-03-23 14:00:00,287.2924956541596,103.48365695341643,47.38632433604795,438.162476943624,1.5251441773511565,9.597567005568212
2025-03-23 15:00:00,312.6967221967026,136.9933629344932,34.33523577310565,484.02532090430145,1.547906602614863,9.128670236598829
2025-03-23 16:00:00,315.7202967756513,115.43229453767687,37.18106069499759,468.33365200832577,1.4833815145597702,10.561481284179072
2025-03-23 17:00:00,310.0142968499565,107.38007695648491,38.3344795302673,455.7288533367087,1.470025279373733,9.457921527760034
2025-03-23 18:00:00,307.6481559398293,101.64203132439746,40.76158139243417,450.0517686566609,1.4628781611962054,8.990210331474158
2025-03-23 19:00:00,300.0719988261897,87.93819145341004,41.27777637173417,429.28796665133393,1.430616546464203,10.651323016339997
2025-03-23 20:00:00,226.44036163121535,78.1414709544427,42.30577900217611,346.88761158783416,1.5319159936371294,10.529601171924842
2025-03-23 21:00:00,236.2777980796684,72.68233055963213,39.52142025420268,348.4815488935032,1.4748806351073316,10.835133728935068
2025-03-23 22:00:00,247.1262753724688,76.81594144494838,40.800387369004675,364.74260418642183,1.4759361530322166,10.634239760215912
2025-03-23 23:00:00,212.58642283124829,70.74518335536506,39.42565779152131,322.75726397813463,1.51824025109233,11.24605487251908
2025-03-24 00:00:00,223.81777727726706,84.22094545270119,36.83858518473759,344.87730791470585,1.54088433952889,8.649065644678828
2025-03-24 01:00:00,207.85715251485416,73.35065498515073,44.702015678590676,325.90982317859556,1.5679509664951508,9.662444598606971
2025-03-24 02:00:00,197.8362245509897,73.72157583033359,41.29508524123712,312.85288562256045,1.5813731096648922,11.00813501903662
2025-03-24 03:00:00,212.99943285348675,66.5149572696611,34.44963571233382,313.96402583548166,1.4740134357608556,11.040396866416769
2025-03-24 04:00:00,241.053794966929,77.55591155861526,27.997508240686443,346.6072147662307,1.437883252631567,3.3739394749290765
2025-03-24 05:00:00,258.716208413968,83.47895973197397,28.379480685707875,370.5746488316498,1.4323596155935419,3.9074672127749444
2025-03-24 06:00:00,206.74839355461975,72.58658045935432,31.60162169563391,310.936595709608,1.5039371787305489,5.336990685800954
2025-03-24 07:00:00,253.35764757186948,91.27564726705307,40.88908293143312,385.52237777035566,1.5216528155559041,3.2721475512572464
2025-03-24 08:00:00,266.743530108345,87.19184943442364,38.34325821586252,392.2786377586312,1.4706210028760465,4.373696202778006
2025-03-24 09:00:00,283.3299332493305,104.96590807030975,35.90481409059521,424.20065541023547,1.497196750605728,0.8355421626622443
2025-03-24 10:00:00,345.43617312047485,126.45680403031392,35.508143425241876,507.4011205760306,1.468870836520843,4.047665745366035
2025-03-24 11:00:00,331.3055697658899,95.94464106219709,42.65603362688838,469.90624445497536,1.4183469501796324,3.4984556801842333
2025-03-24 12:00:00,369.0835330268299,126.78803972978801,46.40151729799017,542.2730900546081,1.469242167504635,5.1641251516499365
2025-03-24 13:00:00,378.951499638558,130.88373603744705,30.08992747595694,539.925163151962,1.424786981096367,7.098415215292425
2025-03-24 14:00:00,376.566273866495,136.718497981258,45.19836374152393,558.483135589277,1.4830938784158814,7.179277344927851
2025-03-24 15:00:00,428.9394932848697,141.7693083721535,44.600964047333036,615.3097657043562,1.4344908205869336,6.357956842476792
2025-03-24 16:00:00,390.66867184505634,140.18035008113446,56.94084482951557,587.7898667557063,1.5045738476537747,9.163523814511128
2025-03-24 17:00:00,405.83381470481294,142.90364798280785,45.66187952320293,594.3993422108238,1.4646372989967968,9.40178131407431
2025-03-24 18:00:00,356.7067750976162,112.23253833201706,39.9870802970205,508.9263937266537,1.4267359894899143,8.602265609511942
2025-03-24 19:00:00,330.9978471366693,99.1402427621485,37.921106609379954,468.0591965081977,1.4140853197602088,13.719624043224181
2025-03-24 20:00:00,332.57472206881323,119.8102454284062,32.081039694710306,484.46600719192975,1.4567132588377796,12.631257411430802
2025-03-24 21:00:00,287.06369815142943,109.75700357208734,49.049100456519575,445.86980218003634,1.5532085911637452,13.446114278410722
2025-03-24 22:00:00,300.8913504851221,95.57570508269437,29.60890673144615,426.0759622992626,1.4160458970067018,10.956657528656697
2025-03-24 23:00:00,265.90418274476895,102.77396993244308,42.849375424684915,411.52752810189696,1.5476534586780313,11.486949583201568
2025-03-25 00:00:00,248.71689068153378,73.31209953583225,37.11420261452348,359.1431928318895,1.4439839282638411,9.74608106524118
2025-03-25 01:00:00,214.1091349964944,61.977172126813585,32.588798775265886,308.67510589857386,1.4416718179895864,11.332740155072303
2025-03-25 02:00:00,222.66810486383824,86.15434025573992,37.89802148733531,346.7204666069135,1.557117786666992,8.641395644108592
2025-03-25 03:00:00,209.70098764065366,74.3769072861456,31.361725322106302,315.43962024890556,1.5042352627801971,9.25883212494157
2025-03-25 04:00:00,220.80254392966836,71.43905931681601,31.06026694076947,323.3018701872538,1.4642126147343406,6.577208161092098
2025-03-25 05:00:00,204.42254811049605,83.33141871887835,40.5050556462553,328.2590224756297,1.605786766233814,5.1323352345504
2025-03-25 06:00:00,246.85032475608676,102.37612429389628,38.57947949484033,387.80592854482336,1.5710164810518887,3.2446249398317066
2025-03-25 07:00:00,227.57170524918465,82.66925022612021,32.77022878344164,343.01118425874654,1.5072663971259472,6.877949262375058
2025-03-25 08:00:00,294.6482693578268,94.32567829120174,37.05261552962456,426.02656317865313,1.4458817766252612,2.440094481247806
2025-03-25 09:00:00,324.1101879954727,123.20363748191764,28.26305203882534,475.57687751621563,1.4673308496024775,4.002546470888876
2025-03-25 10:00:00,327.02367574328156,108.87959644126862,46.357324565116144,482.2605967496663,1.4746962758997548,4.388767020653385
2025-03-25 11:00:00,361.715171573876,128.60524532959298,31.814183085121158,522.1345999885901,1.4434965437493419,2.607343891888146
2025-03-25 12:00:00,387.2357065069543,139.72728596166436,43.05074315222035,570.0137356208389,1.4720071678374582,4.912591544154251
2025-03-25 13:00:00,391.9342880622788,142.6219862683522,46.628138488604364,581.1844128192354,1.4828618738427002,4.837023112018186
2025-03-25 14:00:00,391.05405628989627,133.9911277210271,35.55575833162628,560.6009423425496,1.4335638087000555,6.274235738638575
2025-03-25 15:00:00,372.7014535111866,121.17350601273178,34.765340052106346,528.6402995760247,1.41840149695085,5.955306078351253
2025-03-25 16:00:00,420.8858323778373,154.23365449979073,46.5372267819006,621.6567136595286,1.4770198135380699,8.05161921159441
2025-03-25 17:00:00,370.12384343527106,130.0366722217045,40.40299931732409,540.5635149742997,1.460493628178904,9.649482661100127
2025-03-25 18:00:00,354.19769501300823,129.16496305479595,50.63295096734144,533.9956090351457,1.507620226087395,7.684474262654108
2025-03-25 19:00:00,369.31251523513936,121.11384943277534,40.50469659587749,530.9310612637922,1.4376200084249817,10.33460686378731
2025-03-25 20:00:00,331.9693014629985,110.58698910055023,46.07676268265779,488.6330532462065,1.4719224069598793,13.820065810851439
2025-03-25 21:00:00,282.8113419457244,99.16575862332418,37.386569624918586,419.36367019396715,1.4828389388797891,11.426680527217771
2025-03-25 22:00:00,274.8441156227564,101.17938945784122,35.754927918769674,411.77843299936734,1.498225392478707,8.315808438802772
2025-03-25 23:00:00,271.4133022505995,94.9352114746009,38.573468219785674,404.9219819449861,1.4919017549519968,11.556754568432659
2025-03-26 00:00:00,263.6866869589651,94.8003509811514,52.8178484792094,411.30488641932584,1.5598242412721166,11.350257706071597
2025-03-26 01:00:00,226.4736426232932,81.57506201092573,38.42665016278958,346.4753547970085,1.5298705438024025,11.033666714050565
2025-03-26 02:00:00,211.62921007353717,72.98117567845797,38.334540135573185,322.94492588756833,1.5259940996583177,7.8861405414759425
2025-03-26 03:00:00,214.60703724974596,70.88715176413291,35.98021503583139,321.4744040497103,1.4979676723070312,6.252998769136987
2025-03-26 04:00:00,187.0199418745318,61.854318385817635,29.672078836308152,278.5463390966576,1.4893937849875345,5.503919411289672
2025-03-26 05:00:00,226.11515452587128,78.497199719948,34.54236367444837,339.1547179202677,1.4999203332099655,4.495421061040116
2025-03-26 06:00:00,225.38432347809805,85.35534222614639,40.70595708410085,351.4456227883453,1.5593170694611216,2.5297268473640906
2025-03-26 07:00:00,274.22673631895896,94.5566180171929,46.71459258548992,415.4979469216418,1.5151620607786664,2.5712546672496597
2025-03-26 08:00:00,243.65971477096832,69.55601141219952,43.64144792764527,356.8571741108131,1.4645719110614837,2.587281388310773
2025-03-26 09:00:00,285.7274549550979,111.47593521261642,40.835397584148744,438.0387877518631,1.5330650945695816,3.45325816761615
2025-03-26 10:00:00,301.99220257759555,96.03168456148565,41.071649700058536,439.0955368391397,1.4539962723915565,3.8804428615746103
2025-03-26 11:00:00,343.38906678149846,123.36104680690617,37.88528494627378,504.6353985346784,1.4695732839268947,3.0504768329477887
2025-03-26 12:00:00,401.8668263739376,147.8700896006902,47.693531464362245,597.43044743899,1.4866378815828907,2.8988978610986607
2025-03-26 13:00:00,365.7115113432022,129.7816416746767,36.20509530897478,531.6982483268537,1.4538734271010714,8.998551176627188
2025-03-26 14:00:00,376.3295449263444,135.48403807383013,37.68543573759993,549.4990187377745,1.4601538097289783,5.91885067039207
2025-03-26 15:00:00,391.32517320093314,133.7392411026075,38.37544768997153,563.4398619935122,1.4398252414602615,4.84984897062612
2025-03-26 16:00:00,398.32390706666104,139.59115789568244,43.56534339432671,581.4804083566702,1.4598179974654577,11.910976631533739
2025-03-26 17:00:00,362.98309498879274,126.86668174367782,46.72531584855788,536.5750925810285,1.4782371410370927,7.1485106866562536
2025-03-26 18:00:00,391.3452112668857,135.44496099761932,49.82065254528325,576.6108248097883,1.4734071306076542,12.445636067978349
2025-03-26 19:00:00,341.78346102772724,108.35044199652187,32.06022977043218,482.19413279468125,1.4108176309782385,12.999899750115578
2025-03-26 20:00:00,307.8828723449657,120.9499909797516,42.58857522457398,471.4214385492912,1.5311713670810816,14.506889567013978
2025-03-26 21:00:00,277.361707600194,82.68831489480748,32.97680404940206,393.02682654440355,1.4170190613007627,9.544036002935002
2025-03-26 22:00:00,253.85445922966082,90.97943632551537,46.718516877425806,391.552412432602,1.542428735035009,9.807716110309252
2025-03-26 23:00:00,240.1460731654511,73.02038738514605,33.65508185597846,346.8215424065756,1.444210758206441,9.028398472555054
2025-03-27 00:00:00,248.72234458348,98.22314505258792,34.011962843842255,380.95745247991016,1.531657532088145,12.574129840183437
2025-03-27 01:00:00,224.56673083112858,86.78529130904752,30.507484249924747,341.8595063901009,1.522307000350711,9.16074774260074
2025-03-27 02:00:00,226.3879864075661,97.51420174288799,44.572111667854394,368.4742998183085,1.6276230274646488,5.150958546629861
2025-03-27 03:00:00,209.00998274584745,94.75094153485408,33.37153489603744,337.13245917673896,1.612996923628697,8.683385590937984
2025-03-27 04:00:00,202.90734118638574,79.93942090387141,42.11993119771689,324.966693287974,1.6015521734596458,10.604816828248076
2025-03-27 05:00:00,195.33454001618495,60.70185475358324,38.51875495026056,294.5551497200288,1.5079522018769578,5.643060741637486
2025-03-27 06:00:00,223.70988623554433,83.20759803881218,35.010648869479304,341.92813314383585,1.5284444460528643,6.1271841988169715
2025-03-27 07:00:00,266.41186446542594,86.59921888619739,33.26637854540491,386.2774618970282,1.4499258982782954,6.30030493293123
2025-03-27 08:00:00,300.1266263109119,104.63715946551385,46.70677513840495,451.4705609148307,1.5042669371398465,2.091967924338363
2025-03-27 09:00:00,279.15339764876717,102.34675785588603,33.3395581203299,414.8397136249831,1.4860636378387824,4.032718384850789
2025-03-27 10:00:00,324.70318969466297,127.45570775154744,40.71922491519699,492.8781223614074,1.5179343412822306,2.320835252820567
2025-03-27 11:00:00,352.5405782006759,116.7288956169807,36.22733308804247,505.4968069056991,1.4338684343393693,4.198548759699606
2025-03-27 12:00:00,327.4729784361288,114.12024869905271,40.205824072871316,481.79905120805284,1.4712635329758184,6.711241798886817
2025-03-27 13:00:00,399.44043406520984,134.75188004374317,42.12787928626885,576.3201933952218,1.4428188642042579,9.071638522342056
2025-03-27 14:00:00,407.82079846847256,118.13516121355073,51.49209574405153,577.4480554260748,1.415935767853477,4.520269779176031
2025-03-27 15:00:00,413.7477559714795,134.12016187448404,48.591295676474275,596.4592135224378,1.4416010840275182,10.62656508788351
2025-03-27 16:00:00,446.6811442357486,139.40403784804857,52.44480437260508,638.5299864564023,1.429498412226239,7.835129833504026
2025-03-27 17:00:00,361.1896690981007,126.83691965419663,37.89833193924735,525.9249206915447,1.4560907071478315,11.347851740081943
2025-03-27 18:00:00,343.4302981211815,124.84587536369534,47.751385121050696,516.0275586059275,1.5025685311662398,9.582407377866929
2025-03-27 19:00:00,327.99666497256254,107.23101999028607,36.31562908568716,471.54331404853576,1.4376466726818127,12.705431873957444
2025-03-27 20:00:00,340.44268786484236,126.74416434817702,44.70865853559328,511.89551074861265,1.5036172871242224,10.321297777463553
2025-03-27 21:00:00,300.2864122614677,97.46605579250351,40.42630903110767,438.17877708507893,1.4592028116928064,11.183308037955467
2025-03-27 22:00:00,291.9633204448059,110.67352331927566,29.34614246005735,431.9829862241389,1.479579645710335,11.777728936525756
2025-03-27 23:00:00,231.37414453689686,101.70059680738731,37.033761623142965,370.10850296742717,1.59961046515466,11.667895014929869
2025-03-28 00:00:00,214.58353541602958,85.20223625656448,38.54666036659921,338.33243203919324,1.5766933440780635,11.634709245233525
2025-03-28 01:00:00,233.69251160779135,73.55009502618579,38.88542100782551,346.12802764180265,1.4811258831550111,11.437640174528815
2025-03-28 02:00:00,224.2983219081633,76.5865609035058,32.235550500118094,333.1204333117872,1.4851668549182462,9.238454244286494
2025-03-28 03:00:00,191.78139854894633,64.26669476238298,34.57010905431095,290.61820236564023,1.5153617846387164,8.242955828494802
2025-03-28 04:00:00,207.43440366389402,64.77206482958036,44.01247458796045,316.2189430814349,1.524428626573461,7.420600925778513
2025-03-28 05:00:00,198.46373576999432,67.24569871013968,41.74833615406938,307.45777063420337,1.5491886688585041,7.383187739311523
2025-03-28 06:00:00,219.90335282891502,84.19708599527281,33.36032022448394,337.4607590486718,1.5345866932334429,3.8848883284984628
2025-03-28 07:00:00,220.29649130540056,88.3079401186779,35.16039645134896,343.76482787542744,1.5604643807007381,4.621955380759723
2025-03-28 08:00:00,302.72873048832986,109.80448018688267,39.04392306419322,451.5771337394058,1.4916890544579944,4.203529114452975
2025-03-28 09:00:00,305.8464128570814,101.72489206725415,39.38684897698012,446.95815390131565,1.461381056347959,3.020292621390462
2025-03-28 10:00:00,330.55765852419114,101.17043816102777,43.31445356265753,475.0425502478765,1.4370943706727386,3.558318025863361
2025-03-28 11:00:00,346.1578106345653,117.05775847591119,42.14553138658867,505.3611004970652,1.4599153477734723,2.6999159423612005
2025-03-28 12:00:00,376.0391069913153,127.55811572116919,52.0314509303027,555.6286736427871,1.4775821538572569,2.649835562301874
2025-03-28 13:00:00,385.4834697734194,134.1597794881011,38.41773832774141,558.0609875892619,1.4476910979277027,3.811827393733523
2025-03-28 14:00:00,352.5792452504526,122.10228523876184,29.953577948976488,504.6351084381909,1.4312671980443046,9.682925622834833
2025-03-28 15:00:00,354.18082384991936,114.70667054454697,33.52614570611057,502.4136401005769,1.4185229867596383,4.244872208052437
2025-03-28 16:00:00,377.08160831372885,144.12296694752018,47.074298656802554,568.2788739180515,1.5070447918670382,7.4964440406257875
2025-03-28 17:00:00,367.8717911932009,113.23519536342293,35.34346956151081,516.4504561181346,1.4038870837120054,9.748936592990512
2025-03-28 18:00:00,376.5877992128153,132.81402321285032,46.60538327659924,556.0072057022649,1.4764344645909704,11.320523102159674
2025-03-28 19:00:00,343.0802512656088,129.2821552993158,44.84939408259493,517.2118006475196,1.5075534040200411,12.332124836555305
2025-03-28 20:00:00,337.2173933429529,101.20470097230165,44.27387943264194,482.69597374789646,1.4314088871951829,9.698405782916687
2025-03-28 21:00:00,298.6857000848153,87.30127677780129,37.04153318082625,423.0285100434429,1.4162998426885485,12.124634961061242
2025-03-28 22:00:00,273.107382511451,94.83049098408495,37.20796698451375,405.14584048004974,1.4834671869884826,7.241494992000707
2025-03-28 23:00:00,228.8294899815935,75.82422192604068,33.37641799910765,338.0301299067418,1.4772140161389695,9.934654864051225
2025-03-29 00:00:00,178.00333085675908,77.73237292872895,39.05374809743192,294.78945188291993,1.6560895263254356,11.071879171406845
2025-03-29 01:00:00,167.5343021623832,72.2986295322176,23.626766551165947,263.45969824576673,1.5725716754435608,10.380152827227281
2025-03-29 02:00:00,181.94585104051808,65.48457284770404,30.425082428268887,277.855506316491,1.5271329614139677,9.119816556012477
2025-03-29 03:00:00,174.8378825896436,64.70392067775838,45.97896855275927,285.52077182016126,1.6330601102639632,6.282725772594654
2025-03-29 04:00:00,162.12175615976625,53.77937499759049,34.366238378486344,250.26736953584307,1.5437000897597724,9.252649467194104
2025-03-29 05:00:00,197.24358751086734,64.52487496767822,33.27562541768436,295.0440878962299,1.4958361466629384,6.200787787410485
2025-03-29 06:00:00,211.44891341044854,87.60710983211764,25.132275480418958,324.18829872298517,1.5331755244998375,3.2552611934973914
2025-03-29 07:00:00,198.09376821239223,63.44272921870167,40.55022699467577,302.08672442576966,1.5249683377312417,1.4610041314697795
2025-03-29 08:00:00,234.71013193048597,86.3160973920835,43.36169144949425,364.3879207720637,1.552501878700253,4.078906705859538
2025-03-29 09:00:00,271.3459157410496,95.4152870228787,30.31551411398958,397.07671687791793,1.4633598438122633,0.3398554574890613
2025-03-29 10:00:00,298.47914206217325,121.84623140078853,36.13274334567153,456.45811680863335,1.5292797803390665,1.6841026182764938
2025-03-29 11:00:00,275.76506800064925,86.2975261555038,37.32013657514122,399.38273073129426,1.4482716524862893,2.879750588226656
2025-03-29 12:00:00,312.72376005968584,123.03926623309025,40.80551251607253,476.56853880884864,1.5239281425814646,2.175983873882071
2025-03-29 13:00:00,327.9330236843991,113.05237710905739,25.631027375539595,466.61642816899604,1.422901612428229,5.5953518055323626
2025-03-29 14:00:00,275.65579210409055,94.86217839413227,38.655048391654844,409.17301888987765,1.4843621306363466,6.4722212399980945
2025-03-29 15:00:00,298.2303320802974,95.63228535676288,42.57375327862425,436.4363707156846,1.4634204632082015,7.429747800796017
2025-03-29 16:00:00,331.200631071401,91.40537034531705,42.38482693498999,464.99082835170805,1.4039551399630765,8.958617224789013
2025-03-29 17:00:00,319.1009019562388,116.95677743915594,44.38984100417735,480.44752039957206,1.5056288385717576,10.825338826581486
2025-03-29 18:00:00,295.88131903115936,123.63141233660544,42.41090996677801,461.9236413345428,1.5611787957653978,8.538265629154717
2025-03-29 19:00:00,277.41832924021287,92.96564816026876,33.97786020589075,404.3618376063724,1.457588756712037,8.821229723687
2025-03-29 20:00:00,257.4545981113019,96.34998589087061,48.889936850704856,402.6945208528774,1.5641380026111862,12.171300502114672
2025-03-29 21:00:00,214.04054769314075,69.31160462687718,31.880091952208502,315.2322442722264,1.472768817262415,11.872360775787838
2025-03-29 22:00:00,216.33179312668557,82.64865894889395,29.756009449484665,328.7364615250642,1.5195938459796965,10.906976333149135
2025-03-29 23:00:00,240.22903428219777,95.88902689432103,45.750584858790056,381.86864603530887,1.5896023858078978,10.32935538058886
2025-03-30 00:00:00,197.4112512277683,61.88328675527253,50.19950814767213,309.49404613071295,1.5677629527489607,9.73550258073629
2025-03-30 01:00:00,204.32454342076738,86.59730202025453,41.2802921898881,332.20213763091,1.6258552793963823,10.783403890649453
2025-03-30 02:00:00,155.58240059041827,51.43424577937773,21.035499336159432,228.05214570595544,1.465796547941942,6.726215055238558
2025-03-30 03:00:00,175.4761335583231,61.18989781793811,27.41668586344253,264.08271723970375,1.5049494873439893,5.7133145281434805
2025-03-30 04:00:00,181.8768974214128,65.70748470554574,40.29231323232314,287.87669535928165,1.582810678215304,4.865846645115473
2025-03-30 05:00:00,193.5625075224802,72.676154629589,41.3040357578654,307.5426979099346,1.5888546901275127,5.495572820169056
2025-03-30 06:00:00,195.27193083322234,81.75208613991114,39.22714770445413,316.2511646775876,1.6195423649889091,3.9127349073626094
2025-03-30 07:00:00,206.2591116918788,83.51288901934832,45.45625019138964,335.22825090261676,1.6252772939476205,2.216892531214145
2025-03-30 08:00:00,249.3475704177456,89.80280967950814,34.71057660758955,373.86095670484326,1.4993567255477709,5.980274253013594
2025-03-30 09:00:00,232.89996509085287,75.68606170954045,35.27261615583562,343.85864295622895,1.476422045928997,1.881040810206481
2025-03-30 10:00:00,306.11281577367714,93.40999115194379,48.86826190431541,448.39106882993633,1.4647902528898098,3.2858162695890782
2025-03-30 11:00:00,296.3660502966336,94.58828125493196,37.55469909304195,428.50903064460755,1.4458775902830694,6.503525486472782
2025-03-30 12:00:00,297.43735592927146,101.65460090132896,49.99413326802658,449.08609009862704,1.509851002728173,4.6169515983125375
2025-03-30 13:00:00,322.59012628907004,114.31896592038358,43.08338622334462,479.99247843279824,1.4879329505661354,6.662776450949831
2025-03-30 14:00:00,320.2395517377999,103.39634896135937,34.06275703817852,457.6986577373378,1.429238378749931,6.9942026629347005
2025-03-30 15:00:00,327.6564307596513,130.69547696076364,41.41737976412187,499.7692874845368,1.525284537604992,9.655952842842082
2025-03-30 16:00:00,296.7047877187449,90.09798184090258,38.95245319408657,425.755222753734,1.4349455768045096,10.244154358893022
2025-03-30 17:00:00,317.6938400020114,112.96456330714534,32.58107809537567,463.23948140453246,1.4581317705171732,8.506748114722098
2025-03-30 18:00:00,303.3954596757274,93.42805248315479,34.52320522923922,431.3467173881214,1.421730957507241,9.692589794040963
2025-03-30 19:00:00,305.51126680784853,124.49712972152383,50.31127249638681,480.3196690257592,1.5721831605243433,7.643776538501749
2025-03-30 20:00:00,265.32380486062317,96.36402596674262,43.626531539694504,405.3143623670603,1.5276215512587548,12.464449967614122
2025-03-30 21:00:00,224.53040508172313,89.73245035736305,43.18484556863261,357.4477010077188,1.5919790501318398,11.472077241612896
2025-03-30 22:00:00,237.52746573620874,110.56225846722845,35.150473260594666,383.24019746403184,1.6134563482003699,10.268057035219638
2025-03-30 23:00:00,224.7195828539822,82.68708895719192,40.301920991159925,347.708592802334,1.5472999210232041,10.066953015778015
2025-03-31 00:00:00,181.1309024234096,60.71236587231343,36.508092334301026,278.35136063002403,1.5367414223960136,6.62098876367866
2025-03-31 01:00:00,216.95190649712978,87.53775318007912,36.94095651534821,341.4306161925571,1.573761769164606,12.125109691615028
2025-03-31 02:00:00,218.619938488366,70.30826099030489,38.2282271780512,327.1564266567221,1.4964619829226233,7.939830613077325
2025-03-31 03:00:00,178.75952588544342,50.94487573740787,39.58431698045147,269.28871860330275,1.5064300336971927,8.43856960852001
2025-03-31 04:00:00,217.8576221983658,90.32405038897501,37.327036799919675,345.50870938726047,1.585938127391589,5.095643575689367
2025-03-31 05:00:00,215.18609457522655,75.02778186828336,37.71077576598483,327.9246522094947,1.5239119091631457,3.8209828913786152
2025-03-31 06:00:00,260.155145888738,87.19510085894785,38.5935418908933,385.9437886385791,1.4835139521077851,6.053388642122898
2025-03-31 07:00:00,231.85698212433954,81.3164499489852,30.785150752281844,343.9585828256066,1.483494608073306,3.5811151028763692
2025-03-31 08:00:00,286.19095287236564,99.70297155098714,39.33961419108282,425.23353861443564,1.485838508682976,3.832446848918942
2025-03-31 09:00:00,318.604316258551,108.69542011829175,32.98318263796534,460.2829190148081,1.4446851330202422,5.721255680071904
2025-03-31 10:00:00,305.44516572078936,97.15688275742235,33.8387135412684,436.44076201948013,1.4288678001813104,4.276367535511488
2025-03-31 11:00:00,304.683723685493,95.546675830761,28.041797347859813,428.2721968641138,1.4056287342286582,3.752580771031734
2025-03-31 12:00:00,346.0418573495509,118.9404199794476,43.16965559373787,508.15193292273636,1.4684695568762696,5.297094807953952
2025-03-31 13:00:00,366.18776493961155,130.70385367977707,36.11283250855297,533.0044511279416,1.455549590019317,6.015217041211935
2025-03-31 14:00:00,380.01057938103105,125.21964457067926,44.16497795637008,549.3952019080804,1.445736597130918,5.851091645757331
2025-03-31 15:00:00,348.8564792136693,132.9562017433433,45.024744871031615,526.8374258280443,1.51018386419409,8.085921962256299
2025-03-31 16:00:00,371.1162823955086,143.49816883936506,51.19051797595245,565.8049692108262,1.5246029238022831,7.737322333394002
2025-03-31 17:00:00,365.4228461215079,136.47885887162926,46.45185467436751,548.3535596675047,1.5006001006438714,8.893923839490023
2025-03-31 18:00:00,371.5985120426941,124.62085141022173,37.56147520436704,533.7808386572829,1.436445037745348,8.884053639469558
2025-03-31 19:00:00,376.4113566557773,141.14940514713493,29.74201754565349,547.3027793485658,1.4540017713893425,13.481285418683816
2025-03-31 20:00:00,316.633484118351,91.63656910389436,45.054125395626826,453.32417861787224,1.431700061287356,8.245089085019131
2025-03-31 21:00:00,297.4431127990106,132.48876847544935,32.383778761461244,462.31566003592116,1.5542994278314957,12.17030068085559
2025-03-31 22:00:00,274.52559114858553,97.58699454927859,46.21798554031142,418.33057123817554,1.5238308730633288,11.238313541983894
2025-03-31 23:00:00,229.98821842453447,84.96592779908974,44.06160281715704,359.01574904078126,1.5610180012702881,12.315915697760362
2025-04-01 00:00:00,270.9822945012495,101.08938695195367,50.72368208788589,422.79536354108905,1.5602324289092604,8.409802962873284
2025-04-01 01:00:00,213.62545949021066,86.91316417340542,34.96270245033456,335.50132611395065,1.5705118992585476,11.09727090665649
2025-04-01 02:00:00,224.08512658532678,63.56100012392366,25.800868447309774,313.4469951565602,1.3987853631026528,7.239112212821277
2025-04-01 03:00:00,256.45345818556376,102.7760153290222,41.1700001989832,400.39947371356914,1.5612948897099659,5.400663445989759
2025-04-01 04:00:00,195.0464216254683,81.18050827616655,37.268914799512395,313.49584470114723,1.6072883680128605,4.941749043089889
2025-04-01 05:00:00,231.3666238182423,63.70247174260838,31.03529449058461,326.10439005143525,1.4094703232027854,6.055617261043342
2025-04-01 06:00:00,196.25078671987055,62.432277042268936,47.504312730469266,306.18737649260873,1.560184199055784,6.222650400775841
2025-04-01 07:00:00,261.1393149873485,84.55208866773263,44.844217564755375,390.53562121983646,1.495506799651201,5.5124151074337915
2025-04-01 08:00:00,291.30203220076686,104.86031592261509,40.8465438205579,437.00889194393983,1.50019170358122,1.527764839544826
2025-04-01 09:00:00,299.7423466645513,105.27748515238254,37.10114568986075,442.1209775067946,1.4750033901668975,3.855830723929675
2025-04-01 10:00:00,314.99684783292173,98.1168863598852,37.79012199573276,450.9038561885397,1.4314551376961866,4.498741176223129
2025-04-01 11:00:00,401.3114442377832,124.55919865880587,47.5863256024751,573.4569684990641,1.428957426290794,4.315995713130162
2025-04-01 12:00:00,377.282917839747,131.0996396984253,40.95026069327713,549.3328182314494,1.4560235628393374,4.337072537793015
2025-04-01 13:00:00,376.00372596339884,140.0112524008835,35.376282534096454,551.3912608983788,1.46645158764212,4.624931344646126
2025-04-01 14:00:00,368.366857365626,124.80788886482574,43.09612467072172,536.2708709011735,1.4558065151037536,7.990855520591107
2025-04-01 15:00:00,368.4770603872297,128.34924001604494,48.30425319555462,545.1305535988292,1.479415171804605,7.991456004469076
2025-04-01 16:00:00,368.40557592704,122.34309012244518,37.62589669550382,528.374562744989,1.4342197764390778,10.005246406768919
2025-04-01 17:00:00,365.0202373649339,109.9709543176435,29.736205887876,504.72739757045343,1.3827381221766217,8.734681486668102
2025-04-01 18:00:00,352.1683014191468,122.10866920530839,40.31807407632135,514.5950447007765,1.4612190893589574,11.395362558700347
2025-04-01 19:00:00,340.3968798940239,110.11061686044812,53.21098046143102,503.7184772159031,1.4797975744452365,9.681314969714572
2025-04-01 20:00:00,301.25792991831736,113.46792850904053,40.9327312222563,455.65858964961416,1.5125198190572469,12.106036476355177
2025-04-01 21:00:00,304.5356032355112,98.23311698904816,44.03868237988639,446.8074026044457,1.4671762442794227,12.346644898404591
2025-04-01 22:00:00,287.4113211606952,99.91212907782901,39.75633408029072,427.0797843188149,1.485953241487065,12.529516292670131
2025-04-01 23:00:00,285.9662167044933,106.61415550702752,49.79475399950277,442.3751262110236,1.5469489064442787,9.747141692859271
2025-04-02 00:00:00,207.53327251554686,58.846151337112175,27.7520113588092,294.1314352114682,1.417273633505847,11.941472424630787
2025-04-02 01:00:00,188.18929482858772,69.20612736681522,36.32427675641698,293.7196989518199,1.5607673072974453,9.541693950561939
2025-04-02 02:00:00,206.3144261773345,91.54753335973945,32.55741792284066,330.41937745991464,1.6015330754229837,10.335927455246106
2025-04-02 03:00:00,212.12874612695495,66.48976104101212,36.80408324345135,315.42259041141847,1.4869393996353713,8.81575431827224
2025-04-02 04:00:00,230.7088624285368,92.74129369593321,38.77103834751276,362.2211944719828,1.5700358913788264,6.324344970449072
2025-04-02 05:00:00,204.5618287417366,68.32056661704063,33.809965608085825,306.692360966863,1.499264857247968,4.3767658075861675
2025-04-02 06:00:00,266.40537365613557,80.94634287430836,44.89341477104458,392.2451313014885,1.4723619344397363,1.6179542241152962
2025-04-02 07:00:00,254.82460071840964,90.63438112595313,31.500588649063367,376.95957049342616,1.4792903410058909,5.409821408881511
2025-04-02 08:00:00,278.4816341928135,100.24214281512819,46.586953044158385,425.3107300521001,1.527248758378177,5.2380606911829
2025-04-02 09:00:00,295.0856763737755,87.56215177787456,41.89201865320581,424.53984680485587,1.438700285360869,2.24107350491068
2025-04-02 10:00:00,348.4579854728224,138.73353512774872,49.779070488265106,536.9705910888362,1.540990918489703,4.910967477408459
2025-04-02 11:00:00,350.490380788654,131.2917371132601,34.69150079541278,516.473618697327,1.473574303338045,4.201897073683043
2025-04-02 12:00:00,374.528121746662,163.5477443248984,40.24577597991384,578.3216420514742,1.5441340942687931,2.8023247098845387
2025-04-02 13:00:00,378.78904320603664,122.0161857608381,52.83909405210193,553.6443230189766,1.4616165196674658,4.534805868837298
2025-04-02 14:00:00,364.26195360325585,126.50138305987076,47.856443371675816,538.6197800348024,1.4786605482862267,8.021439182124363
2025-04-02 15:00:00,393.473167763516,146.92350887089646,52.59618863181345,592.9928652662259,1.5070731979940868,4.9488750159293735
2025-04-02 16:00:00,382.75053635956044,122.39114945125489,37.66875210130601,542.8104379121213,1.41818335011345,9.618326270288158
2025-04-02 17:00:00,362.06486563225485,122.13899783835205,47.90352209346753,532.1073855640744,1.469646563565021,9.675011761668866
2025-04-02 18:00:00,373.16127832486535,125.05741356427897,38.21955045886252,536.4382423480068,1.4375506610870714,11.900928029911992
2025-04-02 19:00:00,333.31703144694615,111.48267536216677,38.89513360914326,483.6948404182562,1.4511554909706004,10.902695794645728
2025-04-02 20:00:00,340.6528283299529,124.3299765099912,48.00807384975975,512.9908786897039,1.5059052384935026,12.69606719857225
2025-04-02 21:00:00,308.62746173887643,105.64762024440161,44.595923656032596,458.8710056393106,1.4868119740671433,8.419097502826993
2025-04-02 22:00:00,300.7662730492842,97.36530542810338,42.70505706995008,440.8366355473377,1.4657116673288073,8.500063145561366
2025-04-02 23:00:00,231.50822819611398,87.95033634944454,31.938470150356196,351.39703469591467,1.5178598075496528,13.785788904628703
2025-04-03 00:00:00,235.7581999530817,77.93536315505831,41.79087656763941,355.4844396757794,1.5078348907759072,9.511591531530044
2025-04-03 01:00:00,183.83004847791918,67.06414989638422,34.56954085342399,285.4637392277274,1.5528676709347438,10.073536774361438
2025-04-03 02:00:00,242.19438317332964,68.11631309360016,41.92853345749031,352.23922972442006,1.4543658077831447,6.089391353785912
2025-04-03 03:00:00,200.95630730771074,68.94700701939135,33.91149503970884,303.8148093668109,1.511845104227557,8.74037497855596
2025-04-03 04:00:00,228.21541388752263,69.38421126433798,36.04493826042512,333.6445634122857,1.4619720803640568,6.604417870260383
2025-04-03 05:00:00,234.2475138460018,78.75484095307402,29.552501053414616,342.55485585249045,1.4623628239559106,5.994154951678846
2025-04-03 06:00:00,259.32994859006266,89.6842879964038,33.94668735294357,382.96092393941,1.4767323481977692,2.7649839865034833
2025-04-03 07:00:00,233.95003723132527,85.29541027790002,44.30325701919317,363.54870452841845,1.5539587376468273,4.091397433984653
2025-04-03 08:00:00,264.071896870764,95.21116994610664,37.82381149523761,397.1068783121083,1.5037831856316433,3.4512665072710127
2025-04-03 09:00:00,267.4535039945084,85.3992489338415,35.35890703085642,388.2116599592063,1.4515108389351197,6.1624550197789265
2025-04-03 10:00:00,315.86721410628,112.24683816167662,35.24918464768988,463.36323691564655,1.4669557846536694,3.0850725490286193
2025-04-03 11:00:00,337.20094964348084,114.08147905926403,41.27420487256625,492.55663357531114,1.460721371324981,4.1375357961675885
2025-04-03 12:00:00,359.71865873510984,138.44656412746497,37.88501819511292,536.0502410576877,1.4901930384779545,6.181090564790105
2025-04-03 13:00:00,374.7964692008513,130.92532381181027,40.37917980460028,546.1009728172619,1.4570600784518317,2.3424811885511283
2025-04-03 14:00:00,355.1886458472988,130.56476275897248,47.88258225059029,533.6359908568616,1.50240160291126,6.8138015021901355
2025-04-03 15:00:00,399.922412684771,148.38038140202306,45.937978123947914,594.240772210742,1.4858901460947567,7.015610809863089
2025-04-03 16:00:00,393.99730082157373,141.01956152425103,47.65272940338526,582.66959174921,1.4788669631345488,6.939675801867546
2025-04-03 17:00:00,409.01433905821585,142.15807700505331,46.11399123124469,597.2864072945138,1.4603067674101782,8.478919724547476
2025-04-03 18:00:00,355.8743630601021,114.98612702727551,62.28046650230418,533.1409565896818,1.4981156608340507,10.460844795509356
2025-04-03 19:00:00,346.2600837932794,127.49047211052971,38.420422011197424,512.1709779150066,1.479151082920599,11.849212569062757
2025-04-03 20:00:00,332.3360803505362,115.58230657831443,39.0423573478863,486.96074427673693,1.4652659553639442,11.273562283712616
2025-04-03 21:00:00,321.0362933164208,102.3935164074591,34.544778019448145,457.9745877433281,1.4265508208193074,12.416204187510463
2025-04-03 22:00:00,240.86398794334272,80.69986390952396,40.986979292557706,362.55083114542435,1.5052097835011577,10.694550518640703
2025-04-03 23:00:00,264.2086974815709,97.57996818939169,40.82602195839435,402.6146876293569,1.5238509991043734,11.47269614653727
2025-04-04 00:00:00,205.06255974551587,57.74216354271552,42.89244377360776,305.69716706183914,1.4907507613345485,11.501276932029622
2025-04-04 01:00:00,240.73836830275508,81.27443463782603,39.48628342506095,361.49908636564203,1.501626387660055,8.576283116626778
2025-04-04 02:00:00,210.3849920907656,80.49611458750817,32.484102259855966,323.36520893812974,1.5370165225408357,7.542165149166273
2025-04-04 03:00:00,215.0807566189859,63.37912404339278,38.539373839512955,316.99925450189164,1.4738615368712584,7.666036282401012
2025-04-04 04:00:00,199.5527327391728,84.50202339378808,46.27238864100298,330.3271447739638,1.6553376154749075,5.51625570750247
2025-04-04 05:00:00,186.2269637530141,72.91573833434629,40.951927362091,300.09462944945136,1.6114456435398674,4.570573600368215
2025-04-04 06:00:00,243.09612059141543,74.41049224160804,30.296457515429392,347.8030703484529,1.4307224216589782,5.256597619776341
2025-04-04 07:00:00,292.8978705661324,98.96173774643775,42.128269418145486,433.9878777307156,1.4817037655202994,5.586339215374833
2025-04-04 08:00:00,304.0711459324775,124.07194359676254,33.79564987013048,461.93873939937055,1.5191797892653365,2.7281955611889668
2025-04-04 09:00:00,267.16582243432146,89.29174186394467,37.91124178012767,394.3688060783938,1.476119971054094,5.674323943761488
2025-04-04 10:00:00,324.61457550420016,99.37109014551119,43.63447007224982,467.62013572196116,1.4405395537019277,2.648010540965196
2025-04-04 11:00:00,337.4812511223894,127.71976662635358,32.776316610841405,497.97733435958435,1.4755703693269473,2.3664699756937457
2025-04-04 12:00:00,367.4266474299161,123.56192080444745,48.400194976153216,539.3887632105168,1.4680175403266067,5.003843768005451
2025-04-04 13:00:00,371.3193668561528,136.1044467545161,48.60961175643068,556.0334253670995,1.497453338011599,5.327922078903293
2025-04-04 14:00:00,406.3624095286398,153.1740075078116,50.178277531902644,609.714694568354,1.5004210041858763,7.1870994619832285
2025-04-04 15:00:00,393.1481598869327,132.4105309589817,35.60137498110231,561.1600658270168,1.4273501012656484,5.14202243507224
2025-04-04 16:00:00,391.71982021109204,151.60471158281175,40.86747616127265,584.1920079551765,1.4913516697734723,8.931751864248922
2025-04-04 17:00:00,381.37441830640546,143.1994683500041,39.5455635415104,564.11945019792,1.4791748557835693,9.565415232744645
2025-04-04 18:00:00,360.1035328353172,123.3459968925976,47.84331975862183,531.2928494865366,1.4753891618428188,10.42662241356953
2025-04-04 19:00:00,332.5084195089899,111.94677423082729,44.448323951248796,488.903517691066,1.470349287434653,12.179065634834076
2025-04-04 20:00:00,318.97410896265285,90.42348017336835,44.68791440536691,454.0855035413881,1.4235810706334,12.590225795468093
2025-04-04 21:00:00,314.24218006123857,123.70970770691245,45.83420213480319,483.78608990295425,1.5395326299247143,10.111908709580064
2025-04-04 22:00:00,297.26269365638433,111.00891373883812,41.27484155851475,449.5464489537372,1.5122868040527906,9.863164368139778
2025-04-04 23:00:00,248.4050729145345,97.1330895234176,54.13578698381712,399.67394942176924,1.6089604963876074,9.75652010097223
2025-04-05 00:00:00,204.23694352568745,83.98410927333533,34.44914300200351,322.6701958010263,1.5798816327294045,12.064249627663106
2025-04-05 01:00:00,175.8450373788554,41.678774124571504,33.549647332647915,251.07345883607482,1.4278108872367035,9.28236420415434
2025-04-05 02:00:00,174.23602087524594,40.75245221901936,28.73069839854522,243.71917149281055,1.3987875197592752,8.203475179475983
2025-04-05 03:00:00,187.10140319040903,68.3063669392512,47.61946225500211,303.02723238466234,1.6195882404809017,7.764088731274507
2025-04-05 04:00:00,176.8735256573369,63.42723685102778,38.31242002048495,278.6131825288496,1.575211335293991,6.095026770001342
2025-04-05 05:00:00,165.20861569833897,59.16900741014381,33.40086195196713,257.77848506044995,1.560321076299907,5.227157253260993
2025-04-05 06:00:00,197.75121973973117,86.48962447085529,28.136493884696286,312.37733809528277,1.5796480977786935,4.462357004371382
2025-04-05 07:00:00,204.39757120389032,66.40194761808019,27.864376442076434,298.66389526404697,1.4611910185866361,4.717666946273698
2025-04-05 08:00:00,188.95548072991215,88.05096828861083,44.99205205626281,321.9985010747858,1.704097175858274,3.270946695810938
2025-04-05 09:00:00,264.62777959658547,86.45541086803088,43.41052581710825,394.4937162817246,1.4907494477076992,4.063866776608741
2025-04-05 10:00:00,269.74071847665584,87.91117415425772,49.6340265783738,407.28591920928733,1.5099163430327078,3.4087788916207735
2025-04-05 11:00:00,268.2922364399493,99.5253270908426,30.553586498904696,398.3711500296966,1.4848403938772277,3.080344117621731
2025-04-05 12:00:00,291.13158073883034,111.25361269005748,38.09543168367087,440.4806251125587,1.5129949969519352,3.5918353523738067
2025-04-05 13:00:00,330.7231257014878,111.6037481731578,45.41039837968681,487.73727225433237,1.4747601070224714,7.5511799231211345
2025-04-05 14:00:00,319.0646576293082,107.21180305312876,34.72698802818172,461.0034487106187,1.4448590205381384,6.815122336970449
2025-04-05 15:00:00,299.53832627468336,104.29451067724645,38.275505323375576,442.1083422753054,1.4759658564356206,7.1379755439933525
2025-04-05 16:00:00,308.2752172417464,106.23839958868815,48.559373163124704,463.07298999355925,1.5021414764924874,8.394829810493277
2025-04-05 17:00:00,345.60451737883267,123.71154236266712,42.18411293018844,511.50017267168823,1.4800158763868525,9.30626143071484
2025-04-05 18:00:00,310.1071232155312,100.36515083530116,40.404484098565014,450.8767581493974,1.4539387340549035,9.977712224699317
2025-04-05 19:00:00,262.4460003999731,106.02346001491445,37.24892568807454,405.71838610296214,1.5459118656205046,12.32420983053536
2025-04-05 20:00:00,253.83283052719744,73.25165091059368,34.49622031419812,361.58070175198924,1.424483590247192,11.610500439610048
2025-04-05 21:00:00,231.8899466343109,68.8675669435256,32.492435763268794,333.2499493411053,1.43710391148021,10.003423771337657
2025-04-05 22:00:00,226.61234666018066,69.10319971834828,36.99071347299935,332.7062598515283,1.4681735781609553,7.76929600151316
2025-04-05 23:00:00,195.71680962760905,53.45873169876867,39.41853259767047,288.5940739240482,1.474549245275135,12.653295386381846
2025-04-06 00:00:00,205.52786071025363,59.80892808681519,29.546548321551896,294.8833371186207,1.4347608937278702,11.049652707853653
2025-04-06 01:00:00,197.166312763449,81.77188641268809,40.27153212786739,319.2097313040045,1.6189871729608165,10.05753686896713
2025-04-06 02:00:00,163.3033134544522,70.25915361371597,42.49004175851124,276.0525088266794,1.6904280935100235,7.6770323465934105
2025-04-06 03:00:00,191.49481866078278,48.80621867144317,43.86465192618776,284.1656892584137,1.4839340888997612,4.272580899106353
2025-04-06 04:00:00,156.27047858551367,63.83290556921113,34.120518578324926,254.22390273304973,1.6268197616988445,7.897346392722788
2025-04-06 05:00:00,192.47208479964888,50.23340117531709,42.22157670062607,284.927062675592,1.4803552576062282,3.4505725816619552
2025-04-06 06:00:00,203.5550357543934,66.94889416089904,35.24451001354452,305.748439928837,1.5020431147561915,5.425862171896796
2025-04-06 07:00:00,230.40609606515923,82.4171575807192,30.013005050809817,342.8362586966882,1.4879652255369733,5.236023773351036
2025-04-06 08:00:00,204.99441368909135,79.09830783559991,41.67157685375617,325.7642983784474,1.5891374428989269,4.28088980254197
2025-04-06 09:00:00,239.36759237585338,85.22846090921098,41.222825916318435,365.8188792013828,1.5282723762662762,5.292100057011587
2025-04-06 10:00:00,265.9230379313665,94.83837521324065,39.63913308802343,400.4005462326305,1.5057008574637751,1.7846840369496424
2025-04-06 11:00:00,268.885969949102,96.44502724090258,41.38895154229018,406.7199487322947,1.5126112709015038,2.446993365958233
2025-04-06 12:00:00,332.3799294562622,122.08163033335912,34.710890351798646,489.1724501414199,1.4717268005371247,1.6160964402580884
2025-04-06 13:00:00,291.99634653624383,88.26997183366709,37.54961993051831,417.8159383004292,1.4308944041824445,5.269590982392526
2025-04-06 14:00:00,291.29207506545384,98.17421976322849,37.496643343965076,426.96293817264745,1.4657554211754924,7.13505844252432
2025-04-06 15:00:00,345.93394561664405,129.54127458148855,41.142344407596816,516.6175646057294,1.4933994514034565,6.527213305937057
2025-04-06 16:00:00,307.5086450238815,120.05702964754892,42.176628126026515,469.74230279745694,1.52757429880053,8.454150166723554
2025-04-06 17:00:00,302.3436114785037,97.3928017470132,41.395836576028444,441.13224980154536,1.4590427350005686,9.48813252883758
2025-04-06 18:00:00,310.38958813404486,112.42288812098226,42.59777712102579,465.41025337605294,1.4994389991427832,12.567209831467492
2025-04-06 19:00:00,263.8708629019885,99.88459778737752,47.29984202574072,411.05530271510673,1.5577896634528687,9.824158433816624
2025-04-06 20:00:00,253.75711716168283,96.63970478837182,34.95602818928,385.35285013933463,1.5185893284475045,11.649380578374291
2025-04-06 21:00:00,240.08886100646563,88.92637040954332,39.98064696018061,368.9958783761896,1.5369137777960156,11.213839359559307
2025-04-06 22:00:00,241.76939519057026,78.71251347172567,37.308191737135004,357.79010039943097,1.4798816869166154,12.054715488016628
2025-04-06 23:00:00,222.92999820181058,94.7643152373939,44.984149767274836,362.67846320647936,1.6268715118283879,9.853613479324776
2025-04-07 00:00:00,220.14089634810765,67.51853747924943,42.96056345266376,330.6199972800208,1.5018563236756024,10.182478437938531
2025-04-07 01:00:00,216.58226232980402,82.67834017862435,32.034313984961855,331.29491649339025,1.5296493486105789,11.101282551765081
2025-04-07 02:00:00,200.30454751465905,60.819023371833744,44.12830702993655,305.25187791642935,1.523938830665289,8.694346715112138
2025-04-07 03:00:00,221.62823158112718,75.94497471719068,43.06079511263717,340.634001410955,1.5369612390119427,7.41094094172132
2025-04-07 04:00:00,192.83302229159844,69.45941188062658,45.40455602773038,307.6969901999554,1.595665444348333,6.996605839979134
2025-04-07 05:00:00,231.60620171384963,83.89724064300557,41.81933995189412,357.3227823087493,1.5428031704877359,3.125286642879608
2025-04-07 06:00:00,242.01785528259745,83.30016119430246,39.23909816990033,364.55711464680024,1.5063232182646902,4.135048712767133
2025-04-07 07:00:00,277.32604718347176,89.08327515532503,42.851313441107095,409.26063577990385,1.4757381787118884,5.104069543941916
2025-04-07 08:00:00,295.9964274170856,88.18071132693697,37.78808941663149,421.9652281606541,1.4255754092804205,2.2568466592123206
2025-04-07 09:00:00,310.40041359720885,102.25109306361401,43.40185833284399,456.05336499366683,1.4692421305387324,4.235655359487539
2025-04-07 10:00:00,312.2387988725584,97.15821611189688,33.87145422212932,443.2684692065846,1.4196457032474896,5.443845168459752
2025-04-07 11:00:00,307.17736142295104,98.25628875551676,42.915338878911676,448.34898905737947,1.459576926439087,3.367442455215794
2025-04-07 12:00:00,379.604289713496,148.9782033475098,42.3005721405295,570.8830652015354,1.5038899208236185,5.676754390432327
2025-04-07 13:00:00,387.7808915440677,133.96397416027102,47.68427710050093,569.4291428048397,1.4684301243866973,6.856653722704127
2025-04-07 14:00:00,375.8660050979086,110.57456248851827,40.03757607424752,526.4781436606744,1.4007069980258873,7.323456809726106
2025-04-07 15:00:00,374.5548118394384,120.88199239773368,42.66078588184487,538.0975901190169,1.4366324316497765,9.80387611773211
2025-04-07 16:00:00,392.929933308882,122.91857543345358,47.98228679071324,563.8307955330489,1.434939788844801,7.961439871980079
2025-04-07 17:00:00,377.1551363835742,123.6160637347505,44.66256328385916,545.4337634021839,1.4461788022620672,8.521240456520816
2025-04-07 18:00:00,352.3810080068299,138.82849756851175,39.60696454253025,530.8164701178719,1.5063708260565039,8.839883152845696
2025-04-07 19:00:00,336.08653108428797,127.33993404346299,31.499910704556427,494.9263758323074,1.4726159189883856,10.41462068700829
2025-04-07 20:00:00,298.8896216006999,106.23744911976364,41.51818609070519,446.64525681116874,1.4943484970109207,12.842519216400536
2025-04-07 21:00:00,285.63880784878586,114.79108841025474,33.623520102194945,434.0534163612356,1.519588390772933,12.393499715999194
2025-04-07 22:00:00,274.87299301866983,101.67492590170914,42.18056121733991,418.72848013771886,1.5233525692692484,7.661106442862091
2025-04-07 23:00:00,235.44622494573372,88.59538470309207,29.125473124771815,353.1670827735976,1.499990423949233,10.222433866189498
2025-04-08 00:00:00,213.18433403188087,68.26843270308639,25.296894141259706,306.749660876227,1.4388940081795776,8.732273175220891
2025-04-08 01:00:00,200.37246255590082,67.77107960116993,38.13513455509893,306.2786767121697,1.5285467514116253,9.015723036770817
2025-04-08 02:00:00,207.60266453884765,83.75019797474715,27.031491973903726,318.3843544874985,1.5336236420410723,4.815489858157395
2025-04-08 03:00:00,211.35088996918716,75.34335312959327,38.07884190031954,324.7730849991,1.5366535009455065,6.905048163173902
2025-04-08 04:00:00,221.58947713731018,82.46718570832915,32.25266925261856,336.30933209825787,1.5177134602373756,3.192037545593586
2025-04-08 05:00:00,221.95363042959443,87.95580278960986,35.571390570825955,345.48082379003023,1.5565450455635583,5.673839155571488
2025-04-08 06:00:00,242.57811456541086,73.59067114406082,33.52178302567308,349.6905687351447,1.4415586062313595,3.642882764133824
2025-04-08 07:00:00,286.6550124050265,102.01345269396057,39.36971047636032,428.0381755753474,1.4932171322738108,1.123147114871419
2025-04-08 08:00:00,301.6066664440081,100.3589332740971,41.30664354020654,443.27224325831173,1.4697030688497834,2.5408988849863707
2025-04-08 09:00:00,301.0596726941278,107.15834328233733,40.40843088071363,448.6264468571788,1.4901578907679762,3.811247820383528
2025-04-08 10:00:00,300.12083673731905,103.31731196680109,31.394401484822488,434.8325501889426,1.4488582496174034,0.6258882916774704
2025-04-08 11:00:00,327.60560779103173,124.69603486736342,42.80963651772426,495.1112791761194,1.5113028208355144,4.216437386049755
2025-04-08 12:00:00,350.0489118782223,139.68991670452513,49.38112366258604,539.1199522453335,1.540127490620187,3.4076257851388845
2025-04-08 13:00:00,351.1141384879624,120.00673686983845,34.53087612350514,505.651751481306,1.4401349762184008,3.132857929801453
2025-04-08 14:00:00,348.2559022448798,122.67109900316908,36.56547578848949,507.4924770365384,1.4572401322280812,7.2746866331586
2025-04-08 15:00:00,399.96232645561315,139.60716204229405,45.67893604850364,585.2484245464108,1.4632588767366324,9.620298227234956
2025-04-08 16:00:00,377.27873334284817,131.6597253091139,27.077275730821732,536.0157343827838,1.4207419793675065,10.978635666289891
2025-04-08 17:00:00,369.7164397097319,133.62850992998185,29.34434501993333,532.6892946596471,1.4408049993066763,5.440880723531769
2025-04-08 18:00:00,352.3877866283015,114.99406971395581,41.015183155519246,508.3970394977766,1.442720374511826,9.403529910562897
2025-04-08 19:00:00,345.2864614504613,117.3125021662199,36.92491587839194,499.5238794950732,1.446694079451304,11.298714760485232
2025-04-08 20:00:00,314.2549121444263,121.03777440473377,25.029945318722927,460.322631867883,1.4648064805947294,10.225734933882304
2025-04-08 21:00:00,310.1988615529965,91.82188314951367,31.394682309845862,433.415427012356,1.397217980886459,8.88458613793704
2025-04-08 22:00:00,239.95482986132077,81.21980698119565,38.782175793417906,359.9568126359343,1.5001023852862947,11.882467608234911
2025-04-08 23:00:00,231.48376285357492,85.11795645267195,40.2798778583852,356.88159716463207,1.5417133053534193,10.778999812081892
2025-04-09 00:00:00,250.7312509169556,83.92979679708317,32.42897958353218,367.09002729757094,1.4640776766162045,9.288772639702506
2025-04-09 01:00:00,222.1651121970884,73.42645445959293,35.38850313128105,330.98006978796235,1.4897931836135523,10.599940563860976
2025-04-09 02:00:00,228.6425594324596,68.21817374096713,28.88797408115516,325.7487072545819,1.424707228886699,7.372878038536813
2025-04-09 03:00:00,184.58050658923705,62.66620311472825,35.64706856654048,282.8937782705058,1.5326308476336223,7.937417822652953
2025-04-09 04:00:00,233.50453205888115,90.70542930683244,32.68106949478893,356.8910308605025,1.5284115803392966,8.689425410277865
2025-04-09 05:00:00,217.94640925734367,84.16404755737456,46.47105369584122,348.5815105105595,1.5993909314604324,7.968670348394067
2025-04-09 06:00:00,253.2737326302848,96.02496803132082,38.34840064563317,387.64710130723876,1.530546011548323,-0.10615158403890934
2025-04-09 07:00:00,243.88621101888543,73.50213189141161,44.3987084583045,361.78705136860157,1.483425610071028,3.2235557772000907
2025-04-09 08:00:00,275.32710388438545,87.97424084328489,38.67988810554762,401.9812328332179,1.4600132974994597,1.9630998486764573
2025-04-09 09:00:00,262.9149383091897,96.30064374462565,30.756412352892603,389.97199440670795,1.483262978188399,1.9964805266110366
2025-04-09 10:00:00,305.34151373898305,105.07681000635336,35.51154272032802,445.9298664656644,1.460429867544514,0.22267513673927786
2025-04-09 11:00:00,335.2636584092157,112.23425951547848,41.52750156997979,489.02541949467394,1.4586293719248864,4.835258360271808
2025-04-09 12:00:00,342.56579938041574,114.11835523325166,44.054901740885164,500.73905635455253,1.4617310229457174,4.796540481833888
2025-04-09 13:00:00,368.90763665692214,122.85348422686315,40.61998723153912,532.3811081153244,1.443128456054245,4.222630216974616
2025-04-09 14:00:00,385.4143602041134,145.01786949144608,47.723986566941534,578.1562162625011,1.500089970587273,4.860676909109564
2025-04-09 15:00:00,396.4148962585731,114.3431126082965,47.91553138964093,558.6735402565105,1.4093152036650496,6.633513002235906
2025-04-09 16:00:00,364.92645493400255,135.910223453038,38.03833117875631,538.8750095657969,1.4766674278609182,7.164316347844459
2025-04-09 17:00:00,382.67930083319436,120.90632427911717,42.42926323449428,546.0148883468058,1.4268210670344244,8.600707456421524
2025-04-09 18:00:00,361.85271713117015,136.5046258996523,33.613824713946855,531.9711677447693,1.4701317485255525,8.087093605233704
2025-04-09 19:00:00,339.59453710639946,104.7333783733799,44.75621301901365,489.084128498793,1.4402002242620189,9.940360705604935
2025-04-09 20:00:00,319.3185421853941,123.10014811575638,41.2975072446692,483.7161975458197,1.5148390514227559,11.50170958696674
2025-04-09 21:00:00,275.18003632075533,108.00084123009356,34.49005577850078,417.6709333293497,1.5178097180076833,10.349329188314163
2025-04-09 22:00:00,280.5297759299309,98.86793590388237,34.66161657429452,414.0593284081078,1.4759906574463921,11.4370566902866
2025-04-09 23:00:00,216.8848772802052,67.66280557833069,32.3218930082899,316.8695758668258,1.4610035510103594,10.246679982310804
2025-04-10 00:00:00,209.48856437428395,67.95957127770777,39.178059217589464,316.6261948695812,1.5114247205583937,11.028575164847956
2025-04-10 01:00:00,222.68862835950677,80.42208334480156,34.49470553020884,337.6054172345171,1.5160424657584652,11.937898925639498
2025-04-10 02:00:00,214.28563046674347,81.20257619020035,51.429700203609244,346.91790686055305,1.618950865276959,4.774590038118481
2025-04-10 03:00:00,171.96382547096266,41.07055165933014,43.35784885420186,256.39222598449464,1.490966052204906,5.251192921300978
2025-04-10 04:00:00,222.3225357732237,78.44746691662095,38.083215475179315,338.853218165024,1.5241514630377615,4.538866913764756
2025-04-10 05:00:00,208.63851864074016,71.55821907428742,41.50616596192857,321.7029036769561,1.5419152022973492,6.183215241414786
2025-04-10 06:00:00,253.75584266389978,91.83941469234661,37.09241565465691,382.6876730109033,1.5080940363519986,5.550629405288353
2025-04-10 07:00:00,234.05222907669048,77.84672872478748,47.702076141011595,359.6010339424896,1.536413625971754,4.845817434161697
2025-04-10 08:00:00,263.9985310238748,75.98399677441624,27.353155277766184,367.33568307605725,1.3914307842979516,1.485156785305001
2025-04-10 09:00:00,286.39016487458116,84.53658711664501,37.1457938567808,408.072545848007,1.424883239362337,-0.11835199507747518
2025-04-10 10:00:00,310.92460296475866,115.63173040878594,40.51225952706237,467.068592900607,1.5021924558139461,3.860207868030784
2025-04-10 11:00:00,361.86746097466647,129.30470019948555,53.71516971100085,544.8873308851529,1.505764926798155,5.310656802829851
2025-04-10 12:00:00,378.1274854507625,119.99598861364873,47.763033443906785,545.886507508318,1.4436573074225785,4.788418131704187
2025-04-10 13:00:00,369.2238341045409,118.17441472157432,32.07976822554016,519.4780170516555,1.4069460556670674,3.314096514029015
2025-04-10 14:00:00,382.06163389564995,126.81128243298247,30.98847156557236,539.8613878942048,1.4130217221487715,8.291603044154396
2025-04-10 15:00:00,400.3468536151794,133.17292775672763,43.2487618281763,576.7685432000833,1.4406721021828828,9.502414669231873
2025-04-10 16:00:00,384.93984739355284,148.12796567799472,35.97932423354935,569.047137305097,1.478275479034306,9.556259436184751
2025-04-10 17:00:00,377.7716484278069,117.32796803033922,50.11867669265996,545.2182931508061,1.4432483099773927,8.489576089056273
2025-04-10 18:00:00,367.09003876982695,126.22445985590373,38.0636882406274,531.3781868663581,1.4475418310098662,9.977657145397028
2025-04-10 19:00:00,345.94205625213846,129.40059499698182,41.718589027308866,517.0612402764292,1.4946469529555297,10.490106329737134
2025-04-10 20:00:00,274.11770713649565,88.75381620573543,37.74953838081984,400.6210617230509,1.4614928233131743,9.59471155592993
2025-04-10 21:00:00,265.2742944537034,99.9054593399136,40.00690546740663,405.18665926102364,1.5274252640854284,10.887469327429864
2025-04-10 22:00:00,301.54621465479056,106.86430190069072,45.337384181503104,453.74790073698443,1.5047375118153417,11.135543889944643
2025-04-10 23:00:00,266.1876665435883,88.79220714393495,34.452488792265136,389.43236247978837,1.4629992724175247,8.831787190022258
2025-04-11 00:00:00,238.1913524080337,75.00678025888948,37.37328507963498,350.57141774655815,1.471805815796418,8.840762616327158
2025-04-11 01:00:00,238.1488225352594,85.22946058284815,31.462099444051972,354.84038256215956,1.4899942766234893,9.352887608219923
2025-04-11 02:00:00,174.01677748956814,49.95824160990088,35.31334024705544,259.2883593465245,1.4900193135806583,7.76016968437433
2025-04-11 03:00:00,204.54654105985898,62.98499326658802,35.462206017620645,302.99374034406765,1.481294862157551,6.712996679488726
2025-04-11 04:00:00,229.35691088140211,87.49341390111915,33.32499593082638,350.1753207133477,1.5267703047082781,5.1136420601534285
2025-04-11 05:00:00,221.71580115490616,85.4260252108528,40.76235087254938,347.90417723830836,1.5691447133045704,5.925798160686115
2025-04-11 06:00:00,249.84833322078262,75.65716418640298,39.077835967276066,364.5833333744617,1.4592185934348083,2.4575326644681654
2025-04-11 07:00:00,233.10557053943188,80.50007914607528,42.03724700474985,355.64289669025703,1.5256730925273914,2.6602430188494512
2025-04-11 08:00:00,258.69399008060645,106.36443400878515,34.040211539284485,399.0986356286761,1.5427441337323722,-0.8333271198158525
2025-04-11 09:00:00,312.00806590938174,102.58821686745553,27.734967380162576,442.33125015699983,1.4176917153336304,2.799126967676359
2025-04-11 10:00:00,308.81015349486154,129.00735494346787,40.93898578072864,478.756494219058,1.5503262726334688,1.5876755024765195
2025-04-11 11:00:00,368.3043238347027,125.6781894625394,47.70027223888901,541.6827855361312,1.4707478312941062,3.1900465518530146
2025-04-11 12:00:00,389.93699592792666,146.35046412557472,39.234852229514665,575.522312283016,1.475936672573104,4.500791765802662
2025-04-11 13:00:00,349.2424117601686,124.4994538415139,38.69009054868264,512.4319561503652,1.467267258772288,7.209407999426713
2025-04-11 14:00:00,378.3913187833364,136.3933309591984,46.84897274173531,561.6336224842702,1.4842666694630402,6.599561454004443
2025-04-11 15:00:00,395.4041573220049,143.32664035068507,50.28840524788969,589.0192029205797,1.4896636568261994,5.391072569270982
2025-04-11 16:00:00,400.0094785350043,138.11094537879677,37.87363052565258,575.9940544394536,1.4399510145333947,8.661473110180712
2025-04-11 17:00:00,333.3224542855163,101.67685289475396,44.28780958428424,479.28711676455447,1.4379082795124514,11.249802901135158
2025-04-11 18:00:00,356.5049126681684,138.10523886845556,35.017991549530564,529.6281430861545,1.4856124677842173,11.60915688192439
2025-04-11 19:00:00,366.1857003989005,107.51422730861428,39.97072294356824,513.6706506510831,1.4027599933354071,11.843935881310522
2025-04-11 20:00:00,328.7039828394368,108.41845929540827,39.63606662481074,476.7585087596558,1.4504190203029568,12.358113059308485
2025-04-11 21:00:00,281.26406745911896,94.27185896581851,41.828225757509465,417.36415218244696,1.483887209457034,9.05649494227108
2025-04-11 22:00:00,307.1064751725396,111.07509600671979,44.36466399840694,462.5462351776663,1.5061428936586145,12.601474124075377
2025-04-11 23:00:00,266.1401327027708,104.49672612603135,37.74918119580603,408.3860400246082,1.5344774795040013,9.299200644988987
2025-04-12 00:00:00,194.72980594942644,59.48912064665368,27.282851400451914,281.50177799653204,1.4456019027186895,12.009075299804936
2025-04-12 01:00:00,167.39422466030524,55.57716240100207,35.801592215401506,258.77297927670884,1.5458895299514628,7.554855850599658
2025-04-12 02:00:00,180.57813952911255,75.59015723020393,29.888066476460395,286.05636323577687,1.5841140238885851,5.848546328912363
2025-04-12 03:00:00,158.86510525012267,56.756495005059115,31.65380755811914,247.27540781330094,1.5565117803811106,7.342883626521175
2025-04-12 04:00:00,181.55131528488084,52.4757513446734,34.86181599654516,268.8888826260994,1.481062707830968,7.59428154069875
2025-04-12 05:00:00,159.30643300616038,45.85881096990519,35.349915664731824,240.51515964079738,1.5097642643941231,3.3773387031408584
2025-04-12 06:00:00,187.79045933941495,72.74208155408436,34.50227869379139,295.0348195872907,1.5710852437611906,6.898920854953738
2025-04-12 07:00:00,229.49304185195257,84.16186550752467,35.757057346857465,349.41196470633474,1.5225383823695302,5.314248383953019
2025-04-12 08:00:00,211.72083149429193,52.654840417256935,37.00398680242923,301.3796587139781,1.4234766441586708,-0.4669124168885923
2025-04-12 09:00:00,259.3770168778884,88.80937028124923,35.250438067381886,383.43682522651955,1.4782991563475225,1.698361687740242
2025-04-12 10:00:00,262.7704280287708,109.21784433709063,47.0520085424463,419.04028090830775,1.5947010630223082,2.079616652344499
2025-04-12 11:00:00,259.5381222356118,88.09846626635894,36.121001515031494,383.75759001700226,1.4786174251065227,1.0188848440104663
2025-04-12 12:00:00,307.87713729537825,91.03433778047349,37.986557095832744,436.89803217168446,1.4190661768838106,4.528857004348019
2025-04-12 13:00:00,277.52308976320637,102.30660756379655,21.977568089379698,401.8072654163826,1.4478336406502983,4.878420903839153
2025-04-12 14:00:00,306.03929491492715,85.2537478953752,40.82698012666391,432.1200229369663,1.4119756191997732,2.0078062751762653
2025-04-12 15:00:00,289.47893271730214,98.9692867431672,39.811264153216385,428.2594836136857,1.4794150289061385,4.918674666324066
2025-04-12 16:00:00,332.40848420135995,120.28351321668325,37.43823716858188,490.1302345866251,1.4744817231852707,4.98869189147665
2025-04-12 17:00:00,312.5265237246159,126.72607815283408,44.986711014719106,484.2393128921691,1.5494342915958668,12.713197005942911
2025-04-12 18:00:00,288.61614991125145,111.3038134344267,35.81806358947453,435.73802693515273,1.5097492883511223,9.382498997896846
2025-04-12 19:00:00,310.2392065024544,123.62522862649128,46.69558004903947,480.5600151779851,1.5489983377525924,9.79394683129192
2025-04-12 20:00:00,246.22916946029187,84.3613381496173,33.58668412908932,364.17719173899854,1.4790172607787948,13.070271321097094
2025-04-12 21:00:00,252.27647393137732,87.93284984401862,31.534531594850804,371.74385537024676,1.4735573617988897,12.357905659036499
2025-04-12 22:00:00,221.78265488133405,92.71509764309477,37.342619401593176,351.84037192602204,1.5864196959598849,13.706681419300287
2025-04-12 23:00:00,215.35384557700522,75.57380882331776,33.596664953902774,324.5243193542258,1.5069353346568586,8.368901095771454
2025-04-13 00:00:00,190.76625614684002,64.72041624471967,38.14205874110177,293.62873113266147,1.5392068653202708,9.90645997766026
2025-04-13 01:00:00,193.7962435953558,71.78733778800037,38.48659402724887,304.0701754106051,1.5690199653482444,11.641468543672051
2025-04-13 02:00:00,152.47830502831476,62.592650204928105,27.032448896281522,242.1034041295244,1.5877891880065595,7.570607856683572
2025-04-13 03:00:00,171.87558000937452,52.09473215782842,36.998645496451566,260.9689576636545,1.518359720731826,5.036614711547562
2025-04-13 04:00:00,168.16553964223652,40.0,35.152108931030455,243.31764857326698,1.446893632850777,6.134706807381669
2025-04-13 05:00:00,164.5702638648351,61.43923749574059,42.531093749235126,268.54059510981085,1.6317686367105098,7.771909141983658
2025-04-13 06:00:00,195.8104655631279,70.68211605149467,24.483050337444958,290.97563195206754,1.4860065375732385,5.7248622721229285
2025-04-13 07:00:00,217.86591471635865,87.7034587192444,42.670199079921325,348.23957251552434,1.5984123673907422,3.9665735408072544
2025-04-13 08:00:00,210.95776061295635,66.28412160331484,42.35549468895795,319.5973769052291,1.5149827907568358,1.8892188448083842
2025-04-13 09:00:00,257.3292037355454,97.44681521316947,49.19889433708263,403.97491328579747,1.569875892131382,5.477101901190991
2025-04-13 10:00:00,241.41692777026387,81.96879268887619,45.09173944874256,368.47745990788263,1.5263116108350594,2.8419968081834877
2025-04-13 11:00:00,282.3631027563287,109.6472666626201,42.514424483010956,434.52479390195975,1.5388865955228657,4.281824560513101
2025-04-13 12:00:00,303.43261816452133,118.36954573516829,38.35026484491214,460.15242874460176,1.5164896626080815,3.9893284127044386
2025-04-13 13:00:00,325.00167398720845,119.61031469744911,35.53641764047985,480.1484063251374,1.4773721022250343,4.564315500685748
2025-04-13 14:00:00,314.05361154790086,123.3682290451662,44.548501770128865,481.97034236319587,1.5346753695576705,5.144023182029378
2025-04-13 15:00:00,313.9482872194375,109.29601708140576,35.12341895479446,458.36772325563766,1.4600102689372427,7.483468923887755
2025-04-13 16:00:00,307.22080269552134,129.9374753452873,49.02007135235538,486.17834939316407,1.5825046517927466,8.742130490417598
2025-04-13 17:00:00,302.53138159507995,109.5809375000401,41.160524899378956,453.272843994499,1.4982671933226994,5.543938541308024
2025-04-13 18:00:00,296.3886656701326,114.74226253576103,41.501307033470724,452.6322352393643,1.527157707653787,12.361245363637456
2025-04-13 19:00:00,311.5900129860509,96.24686197789626,37.48372750294265,445.3206024668898,1.4291876629782279,11.38043431196038
2025-04-13 20:00:00,234.94573146853764,83.5772967502503,48.72658931959668,367.2496175383846,1.5631253023533402,13.344387951460126
2025-04-13 21:00:00,269.10334053810266,95.23176779114964,48.91962733371888,413.2547356629712,1.5356730051608483,11.03002945050632
2025-04-13 22:00:00,233.84846737428015,88.83744999560231,38.921563601575635,361.60748097145813,1.5463324820200621,14.897629819215274
2025-04-13 23:00:00,214.23807462431267,71.3422086103141,36.054531914941585,321.6348151495684,1.5012962365050486,10.505059509674807
2025-04-14 00:00:00,232.78193939335716,85.28531330599819,31.13440794786652,349.20166064722184,1.5001235128346342,9.59100628280934
2025-04-14 01:00:00,228.63546071949526,80.96963711080403,35.69041219476852,345.2955100250678,1.5102447754099642,12.16108881996106
2025-04-14 02:00:00,200.59393487901062,53.72693399363956,50.60786312980173,304.9287320024519,1.5201293707427965,9.594249577285472
2025-04-14 03:00:00,217.82175588851808,94.89646797948322,25.711162626083865,338.4293864940852,1.553698734608009,6.823675151537721
2025-04-14 04:00:00,223.98475179393236,78.12456736002116,44.841720451213746,346.95103960516724,1.5489940133262499,4.869982012327624
2025-04-14 05:00:00,219.54600732818986,77.16465072307632,43.84770163898387,340.5583596902501,1.551193591879647,1.6748850324319586
2025-04-14 06:00:00,242.58168292170546,84.3639816899871,35.78099522351125,362.7266598352038,1.4952763764619268,4.619711496738615
2025-04-14 07:00:00,264.2321805725168,98.06403765570418,40.66510211249944,402.9613203407204,1.5250274189450224,8.11801738656607
2025-04-14 08:00:00,274.5831770808055,100.09086360715551,33.270882364927566,407.94492305288856,1.4856879703625716,1.3777536202276708
2025-04-14 09:00:00,331.12347310317904,110.00907646926356,34.56882692074564,475.70137649318826,1.4366283732019154,5.266056585138802
2025-04-14 10:00:00,333.7904999091777,107.02197356502745,46.09898797337403,486.9114614475792,1.4587337314275415,-1.7507505414014894
2025-04-14 11:00:00,326.12464688199367,116.49569146484707,40.065213900360654,482.68555224720143,1.4800646221070757,3.3010505439022917
2025-04-14 12:00:00,388.7029147369225,143.5861581261838,46.12834179869922,578.4174146618055,1.4880706903195813,1.9423575084787443
2025-04-14 13:00:00,367.80301410517427,144.38660380679724,36.75418229589796,548.9438002078695,1.4924940230394563,5.985229305114314
2025-04-14 14:00:00,362.2673624274476,128.41959072885066,40.13716249536812,530.8241156516664,1.4652827461319433,5.933069122438022
2025-04-14 15:00:00,377.5935431857917,130.8642108184724,37.47555750246311,545.9333115067271,1.445822687805086,7.794108409339956
2025-04-14 16:00:00,388.34019606588726,122.78894102397668,42.44631782860555,553.5754549184695,1.425491001257433,7.199296291783843
2025-04-14 17:00:00,390.11185822198877,121.9217509460968,49.8331477735195,561.8667569416051,1.4402708994861704,9.228813414716502
2025-04-14 18:00:00,372.9130479494565,130.55584072127562,40.76062934219867,544.2295180129307,1.4594005787823598,7.2069004745911
2025-04-14 19:00:00,335.55724672480807,116.30910512697739,46.77825383225324,498.6446056840387,1.4860194811795535,11.432568172934117
2025-04-14 20:00:00,340.39460066684245,123.32302493477881,40.19315773129333,503.9107833329146,1.4803724334808468,12.03413951039466
2025-04-14 21:00:00,314.7684646134149,119.80831064148624,33.85932586201781,468.43610111691896,1.4881926043392946,8.755715485512178
2025-04-14 22:00:00,286.8114166151043,95.28975349723548,35.034875053912124,417.1360451662519,1.4543913561364292,8.966754335871007
2025-04-14 23:00:00,266.6020018663708,89.80286513165495,35.85534520765038,392.26021220567617,1.471332583625119,9.657009559506045
2025-04-15 00:00:00,246.4708423527211,77.48117393443347,31.915367038004,355.8673833251585,1.44385185658546,9.77421989201116
2025-04-15 01:00:00,241.2011543305829,97.64810288763454,52.53303977162912,391.3822969898465,1.6226385735013105,9.318542732046236
2025-04-15 02:00:00,235.92807420690934,86.50134502641747,35.280790924980444,357.7102101583073,1.51618331714349,6.292858544712706
2025-04-15 03:00:00,216.29631787139007,78.93705922090787,43.42871289105417,338.6620899833521,1.5657321091555556,5.397814661973282
2025-04-15 04:00:00,216.87182480754058,68.5939566235549,35.54119024601913,321.0069716771146,1.480169090484608,8.094011032306039
2025-04-15 05:00:00,203.04153265096906,75.31582790298788,28.961795556291356,307.3191561102483,1.5135777990729304,5.39171067748182
2025-04-15 06:00:00,242.08379268036182,84.37193307065327,34.34088976521986,360.79661551623497,1.4903790605784875,3.1937733530125447
2025-04-15 07:00:00,264.22586764785706,83.75431764629035,44.029604944764884,392.0097902389123,1.4836162474499175,2.031537603454975
2025-04-15 08:00:00,285.5752753942366,86.48663333346084,44.41882938849404,416.48073811619145,1.458392143862034,3.0906062653850985
2025-04-15 09:00:00,274.15310484647114,112.68849226145761,40.63799049068306,427.47958759861183,1.5592731945822946,2.3970145452120923
2025-04-15 10:00:00,344.2148527371254,131.53680097289023,42.37889690557586,518.1305506155915,1.5052533221490134,2.4596210640458955
2025-04-15 11:00:00,326.4364355862523,109.55987243978716,47.31584535901065,483.3121533850501,1.480570489985477,3.5788385110144754
2025-04-15 12:00:00,351.7159653861861,125.80711377795221,37.269355346187,514.7924345103253,1.463659558203678,5.622774484644893
2025-04-15 13:00:00,412.3889112845384,151.00717943519342,44.167005097864255,607.563095817596,1.473276994585318,4.218568149477316
2025-04-15 14:00:00,358.0121282456093,119.86948322505198,33.363499658433966,511.2451111290952,1.4280105918042043,3.6912130974127444
2025-04-15 15:00:00,391.9004646414475,142.75017002754106,50.37344203508151,585.0240767040701,1.4927874026363117,4.222317097479577
2025-04-15 16:00:00,387.5493476047584,131.36447641438306,45.08486606657482,563.9986900857162,1.4552951606588935,5.884769880382862
2025-04-15 17:00:00,405.39488104349175,126.70688568917974,51.14314387672422,583.2449106093958,1.4387081284995897,6.198895977675512
2025-04-15 18:00:00,400.70115888808,146.06716504421826,42.49104789607333,589.2593718283716,1.4705706703307986,11.055068514248484
2025-04-15 19:00:00,326.98056196854225,107.1971158472595,33.07657934269383,467.2542571584956,1.4289970460184378,9.651170268932994
2025-04-15 20:00:00,314.8373364973328,85.80986713975321,39.69105966090297,440.338263297989,1.3986214856118864,9.609811623682301
2025-04-15 21:00:00,300.9034812305936,89.73579217710406,37.454019528070305,428.09329293576803,1.4226930548792955,11.250484385897632
2025-04-15 22:00:00,264.77109732616316,87.31353141483605,40.19866863152072,392.28329737251994,1.4815941065095883,13.506641920730567
2025-04-15 23:00:00,278.15233694503416,95.72043241819219,34.320676019076856,408.1934453823032,1.4675175835857404,9.69317852479291
2025-04-16 00:00:00,253.35209885753264,87.49212569112873,29.75592295758446,370.60014750624583,1.4627869639818742,13.602761114362098
2025-04-16 01:00:00,188.39097236541073,70.510431282418,41.50688822060649,300.4082918684352,1.5946002512570037,7.9870775166528905
2025-04-16 02:00:00,194.84486876258427,69.95419916159952,36.13744068670094,300.9365086108847,1.5444928599971066,7.606505818700667
2025-04-16 03:00:00,223.65975213370575,78.19967026298566,36.991481893371166,338.85090429006254,1.5150285246113235,6.115455357087008
2025-04-16 04:00:00,212.46232343790695,69.16852935923218,32.8342818177872,314.46513461492634,1.480098351211104,6.158177613194597
2025-04-16 05:00:00,210.83361525710433,67.07163480682897,30.808812740783377,308.71406280471666,1.4642544663869208,4.672109884754036
2025-04-16 06:00:00,191.35830627265364,61.41901159028444,36.07449453659202,288.8518123995301,1.5094814436116741,3.2467230191127108
2025-04-16 07:00:00,248.54173707463937,93.47834517502945,34.59718481673994,376.6172670664088,1.51530793781049,2.7238842240514067
2025-04-16 08:00:00,240.99276938091285,73.71322468265515,40.51464600923301,355.220640072801,1.473988788067495,2.6749930262700703
2025-04-16 09:00:00,284.26059595036065,99.98023177925118,32.24017834537116,416.48100607498304,1.46513801774943,2.763499547750369
2025-04-16 10:00:00,323.74245215937543,108.78022888674445,41.145388418177845,473.66806946429773,1.4631015064750152,2.403713151133543
2025-04-16 11:00:00,358.50936214729785,117.0315392056207,44.190056469305134,519.7309578222237,1.4496998201365967,4.08810811707448
2025-04-16 12:00:00,348.5861977925502,127.33322526379499,46.39208678951023,522.3115098458554,1.4983711723339437,4.09740555607884
2025-04-16 13:00:00,373.56813861553377,128.7006662491717,42.103376461297515,544.372181326003,1.457223261446973,5.041572242550262
2025-04-16 14:00:00,395.8070596965598,123.54453873007705,46.564673065780084,565.916271492417,1.4297781144335049,6.498562350306203
2025-04-16 15:00:00,394.25870856554377,127.89656858805691,46.60716685053896,568.7624440041396,1.4426122534452157,5.51053787643563
2025-04-16 16:00:00,412.2555210312117,137.92591534731034,39.54624818968239,589.7276845682044,1.430490689592381,8.416505519127574
2025-04-16 17:00:00,369.3913514864321,114.02291411062706,37.32803776569171,520.7423033627509,1.4097306319362435,6.195220073599334
2025-04-16 18:00:00,363.7040842064321,110.82817445244939,49.026178377531295,523.5584370364128,1.4395176182273777,9.659974347353552
2025-04-16 19:00:00,324.4688356246463,105.60630547314324,44.03566708864284,474.11080818643245,1.4611905863738968,8.654853450428082
2025-04-16 20:00:00,311.5524167690325,117.56834698002363,41.983432130479514,471.10419587953567,1.512118573064339,10.106434960442755
2025-04-16 21:00:00,291.5214612326911,99.92218198283769,35.1293824163292,426.57302563185794,1.463264570052938,11.97151233806742
2025-04-16 22:00:00,279.4040731084,93.1306423831923,34.32033831319121,406.8550538047835,1.4561529088623435,11.522998354789852
2025-04-16 23:00:00,257.3598695144048,81.40945262237541,51.61640275745463,390.38572489423484,1.5168865512359315,10.916804006184643
2025-04-17 00:00:00,265.3443890842268,89.01493422740366,43.33244945531338,397.69177276694387,1.4987758894751182,9.750669888805714
2025-04-17 01:00:00,227.0501780794637,76.87428737262395,40.32000097432745,344.2444664264151,1.5161603013847247,8.704279644031741
2025-04-17 02:00:00,227.1358539712,90.0707403861107,36.47915738042635,353.685751737737,1.5571550926635436,7.683236606874025
2025-04-17 03:00:00,218.95838786384363,90.48930769984186,33.476831317961256,342.9245268816468,1.5661630057985714,8.955819785696132
2025-04-17 04:00:00,195.004953621073,59.21611159123607,45.17627956901958,299.3973447813287,1.5353319965558794,6.927433806171922
2025-04-17 05:00:00,179.13198857879007,72.07219266077938,33.43039060497703,284.6345718445465,1.5889656230738027,7.675580893231347
2025-04-17 06:00:00,253.25845687488473,64.77724847438918,28.846464080585868,346.8821694298598,1.3696765498386783,4.005909506225957
2025-04-17 07:00:00,265.02414145817994,101.42849524820157,26.855883975611718,393.30852068199323,1.4840479003836569,4.175870636420049
2025-04-17 08:00:00,275.716598083969,101.9101774784061,40.60971717836181,418.2364927407369,1.5169071998101604,3.5942137762209443
2025-04-17 09:00:00,300.0033854010011,100.36113749685305,39.35202773490884,439.716550632763,1.4657052954419618,4.369344102368278
2025-04-17 10:00:00,295.0284920949674,103.68526774598558,32.01983886782356,430.7335987087766,1.459972884822686,2.793374858647223
2025-04-17 11:00:00,393.6639278263486,139.3674967371981,46.405204911384054,579.4366294749308,1.4719068436733413,3.1118670279137612
2025-04-17 12:00:00,320.8720245517581,105.51262313712049,40.791188290107755,467.17583597898636,1.455956893193189,5.324921038009441
2025-04-17 13:00:00,388.5660100150352,139.78220934801456,46.89099196984829,575.2392113328981,1.4804156732871199,4.717868337200546
2025-04-17 14:00:00,378.5900598753101,141.49664955265203,42.240529259664484,562.3272386876266,1.4853196063119856,6.123294840577451
2025-04-17 15:00:00,374.42560563718973,124.89135031587514,43.962500820919395,543.2794567739843,1.4509676918314456,4.420254775635248
2025-04-17 16:00:00,393.6518299885542,127.40830611952089,33.76676319846642,554.8268993065415,1.409435590132208,8.197438164377314
2025-04-17 17:00:00,381.212398078982,132.62887136222264,40.800489328130055,554.6417587693347,1.4549415537487858,8.0728126562729
2025-04-17 18:00:00,373.35583907943135,151.37480674742991,35.475599237943314,560.2062450648046,1.5004619894149316,9.575477863632994
2025-04-17 19:00:00,359.9943293733926,126.54011607460777,38.431963044527734,524.9664084925281,1.4582629937707254,9.838565021502108
2025-04-17 20:00:00,302.0578895538577,105.80770603550985,39.26584512748692,447.13144071685446,1.4802839329152162,12.128728902906232
2025-04-17 21:00:00,276.38388416882054,86.69967955799716,34.44089303833468,397.5244567651524,1.4383054857219422,10.062286243149893
2025-04-17 22:00:00,285.6530753375873,97.06523832193979,31.43363556364723,414.1519492231743,1.4498424311858917,10.231528756912574
2025-04-17 23:00:00,237.087447183962,80.87065003503697,36.79650151100801,354.754598730007,1.4963027479676902,11.10400020182477
2025-04-18 00:00:00,232.48834660065674,71.18391469116503,48.62766147146834,352.2999227632901,1.5153444373211218,7.9708949869864405
2025-04-18 01:00:00,236.80290604172131,72.5728566828371,41.12271604218476,350.4984787667432,1.4801274385753962,7.385505062587874
2025-04-18 02:00:00,219.77224065538167,75.06799895960432,38.55971224287237,333.39995185785835,1.517024856568,7.96664979967557
2025-04-18 03:00:00,175.53618927239032,63.98808793707548,33.53030980124188,273.0545870107077,1.5555458287122323,7.84162870710501
2025-04-18 04:00:00,226.02192285415575,78.21698554964907,44.7415704667835,348.98047887058834,1.5440116359676028,7.158358874513352
2025-04-18 05:00:00,231.45520735101908,89.85162377959719,37.977934383830735,359.28476551444703,1.5522863781136058,6.1245929679833315
2025-04-18 06:00:00,235.47345047959283,89.67991129524019,35.569792385789015,360.723154160622,1.5319058408747608,9.186210807915739
2025-04-18 07:00:00,246.71734224705452,85.11175802271033,30.87576148370509,362.70486175346997,1.4701230908618876,6.818005570913055
2025-04-18 08:00:00,270.7392909070956,91.93619537610589,30.359829572084323,393.03531585528583,1.4517114030196534,2.6155973142381677
2025-04-18 09:00:00,310.6165574680634,111.97703964652474,40.20697392286022,462.8005710374484,1.489941730118595,4.108947861588116
2025-04-18 10:00:00,323.48573712650045,96.12857712111348,41.739458970471254,461.3537732180852,1.426195100025912,2.1956663028086405
2025-04-18 11:00:00,334.28522382919573,118.73680482229766,43.389273991430684,496.41130264292406,1.4849932550311205,2.2453165774154407
2025-04-18 12:00:00,357.53760695589966,116.25537695916856,56.47310883007742,530.2660927451457,1.483105783640128,5.485374917633283
2025-04-18 13:00:00,421.61616385472183,154.01547244519628,37.13183060398715,612.7634669039053,1.4533680618446305,5.814408082036388
2025-04-18 14:00:00,369.10785906596755,107.59353962827265,36.11100810496196,512.8124067992021,1.3893294174144135,6.441850324434851
2025-04-18 15:00:00,395.7488599848922,133.28784313264413,29.891890256432475,558.9285933739687,1.4123315311516147,9.263784977925566
2025-04-18 16:00:00,404.94463997372475,149.54659994689266,50.95331304882744,605.4445529694449,1.4951291934836568,6.0029262906030265
2025-04-18 17:00:00,398.3357409036001,148.4867029124065,42.956125199997935,589.7785690160046,1.4806067054844947,9.10882979498212
2025-04-18 18:00:00,362.3232253036677,143.24693307285176,36.153170850237665,541.7233292267571,1.4951382947442353,6.563441581588582
2025-04-18 19:00:00,313.88003586181475,126.6083660729806,39.28109242260681,479.76949435740215,1.5285122962347946,12.06699220237495
2025-04-18 20:00:00,325.0428565016255,113.62446901966548,36.66344802492772,475.3307735462187,1.4623633900529718,9.756627983125703
2025-04-18 21:00:00,320.11362652661353,108.13939196765607,45.96029686538553,474.21331535965516,1.4813905940371774,13.493692985620875
2025-04-18 22:00:00,228.354980615598,72.21886419696753,38.24538705671153,338.8192318692771,1.483739180796014,9.405378504967626
2025-04-18 23:00:00,252.3667974316479,80.26321428262803,37.57007702875021,370.2000887430262,1.4669128130585116,9.326109538017414
2025-04-19 00:00:00,190.9645307724606,54.74140005220799,39.8943128900988,285.60024371476743,1.4955669650248709,13.206050304697717
2025-04-19 01:00:00,195.5479469146286,78.13374766260189,35.38717237256444,309.06886694979494,1.5805272917783524,12.04906194251795
2025-04-19 02:00:00,168.5188744639259,46.75725731513305,41.055802810182044,256.331934589241,1.5210873880131026,7.626411651359009
2025-04-19 03:00:00,154.0564327458614,40.45276398306652,36.27017637883928,230.77937310776719,1.4980184143850162,8.076415020838557
2025-04-19 04:00:00,180.2553061470755,40.0,37.32069451194152,257.576000659017,1.4289510037993185,5.194745011444439
2025-04-19 05:00:00,155.17063411454046,40.0,32.36611221470733,227.5367463292478,1.466364738583782,7.75239907888079
2025-04-19 06:00:00,180.95077471903724,55.52538284985676,30.7230564707789,267.1992140396729,1.4766403429582096,5.571126212540087
2025-04-19 07:00:00,190.434185639337,61.88450070811141,36.52490097814603,288.8435873255944,1.516763318286953,1.9261658640718644
2025-04-19 08:00:00,238.7782192357912,83.85302417948984,39.4650525909437,362.0962960062247,1.516454462074106,5.905460380128824
2025-04-19 09:00:00,256.03846226085625,79.6791286613643,41.72679941382975,377.44439033605033,1.47417066562251,4.024041231913641
2025-04-19 10:00:00,277.9097478947614,113.03915867054532,38.70573457126086,429.65464113656753,1.5460222046592937,3.7837681310285216
2025-04-19 11:00:00,255.791345883058,85.01854183589168,51.18908705853678,391.9989747774864,1.5324950632094467,3.0977555893025173
2025-04-19 12:00:00,292.36126160760034,86.57188404891608,37.88409952398824,416.8172451805047,1.4256924562733142,1.3673075790148759
2025-04-19 13:00:00,347.4469192307373,108.95935964573253,35.5141881653717,491.92046704184156,1.4158147325956294,5.577815424623316
2025-04-19 14:00:00,292.3436905333969,91.01049572486819,40.96686635126414,424.3210526095292,1.4514459054523545,8.012500903495496
2025-04-19 15:00:00,339.60291314172883,125.49192383442401,45.59287370865468,510.68771068480754,1.503778945711454,5.019798317217418
2025-04-19 16:00:00,327.61091532803283,140.3514730648494,47.032612243583586,514.9950006364658,1.5719714348369849,9.103750992050431
2025-04-19 17:00:00,317.80951667422727,115.49112396833677,35.772565833739584,469.0732064763036,1.4759570807853755,9.872038651302367
2025-04-19 18:00:00,254.48898615714376,102.98924379183796,32.3468602932551,389.8250902422368,1.5317955253337552,12.11408629395867
2025-04-19 19:00:00,297.7575822459735,89.64901411434228,45.59634279381696,433.0029391541327,1.4542129738158436,11.896404519192147
2025-04-19 20:00:00,271.1999743431628,91.57291938086126,33.8068421059281,396.57973582995214,1.4623147984820237,10.743965802817772
2025-04-19 21:00:00,269.3776381629287,100.65194338610766,31.749753788601645,401.77933533763803,1.49150960739595,10.35684938803533
2025-04-19 22:00:00,206.16793441834713,59.41969219395478,28.17950219324165,293.76712880554356,1.4248924287587996,11.04949888572919
2025-04-19 23:00:00,207.90245300566352,78.08062323707907,42.27005845854219,328.25313470128475,1.578880527649872,11.059782001009241
2025-04-20 00:00:00,208.21741100691105,81.74542099264274,26.471306681831805,316.43413868138555,1.5197294844420222,12.161617902905547
2025-04-20 01:00:00,196.2351825625121,80.9601351017947,39.9619539976006,317.15727166190743,1.616210036958458,9.067412625662794
2025-04-20 02:00:00,197.07469764093042,65.2313690758599,37.63626683094517,299.9423335477355,1.5219728211595667,10.316319855383952
2025-04-20 03:00:00,184.41037601289014,65.75075790715849,37.254543829395004,287.4156777494436,1.558565651042073,8.45177935462815
2025-04-20 04:00:00,160.7507417056822,41.343524698080365,34.64875396591848,236.74302036968103,1.4727336114139538,6.745308641749451
2025-04-20 05:00:00,163.55932942978387,66.30814206144603,27.350623533396302,257.2180950246262,1.5726286963963747,5.004783673342436
2025-04-20 06:00:00,204.06093791535156,68.45441280003051,35.604375365626005,308.1197260810081,1.5099397720538859,3.299071592667474
2025-04-20 07:00:00,210.1505291848245,74.88573965578468,42.273444293562314,327.3097131341715,1.5575012559036057,-0.9601210039670272
2025-04-20 08:00:00,240.82782854772245,92.32191355321591,31.514134274285553,364.6638763752239,1.5142098758863412,6.725668433095825
2025-04-20 09:00:00,243.08053433565829,87.03219430930227,37.2665514329923,367.37928007795284,1.5113480027596795,1.0288560291201323
2025-04-20 10:00:00,249.14242695202992,75.25166646445858,25.9189849469059,350.31307836339437,1.4060755634801771,1.4392989663850704
2025-04-20 11:00:00,281.12797342941394,95.95541153528573,30.279042253692936,407.3624272183926,1.4490284344495294,4.382690678767542
2025-04-20 12:00:00,293.2564694558289,110.19742002130387,40.04817450507177,443.5020639822045,1.5123351406540957,3.4710511445193455
2025-04-20 13:00:00,304.45038455397093,92.87005118803846,41.477461420536734,438.7978971625461,1.4412788402464933,5.673959637395722
2025-04-20 14:00:00,294.59823340766303,95.89676791236562,39.05245152427034,429.547452844299,1.4580788481847213,5.967452175013762
2025-04-20 15:00:00,292.4493029209381,89.38924029491056,46.24371194590022,428.0822551617489,1.4637827852079999,7.812870803484868
2025-04-20 16:00:00,320.5191317033198,103.967224707422,41.29672979362918,465.783086204371,1.4532146138331332,9.016577199293057
2025-04-20 17:00:00,309.0356073701788,125.51941148997479,45.272554267359595,479.82757312751323,1.5526611228095506,7.937388873778737
2025-04-20 18:00:00,305.07180178404985,102.02464754692157,38.722665812886156,445.8191151438576,1.4613579902721985,11.623050967351505
2025-04-20 19:00:00,284.0815357149203,97.2346190454641,32.26075692777972,413.5769116881641,1.4558387634992027,8.6224145566911
2025-04-20 20:00:00,261.0892800433513,100.14579443281546,39.383439001189174,400.618513477356,1.5344119582804672,14.61611377126366
2025-04-20 21:00:00,209.24743827750012,76.13604381621737,28.774505081565188,314.15798717528264,1.5013707683180908,8.5832946762362
2025-04-20 22:00:00,254.4558173410616,118.82032432981548,34.805020093014235,408.08116176389126,1.603740743788604,11.235393867607408
2025-04-20 23:00:00,247.00128685792674,111.56798128948708,34.654149103164585,393.2234172505784,1.5919893465039212,9.104906719247422
2025-04-21 00:00:00,235.1416109719062,73.15683574854114,43.0027298515129,351.3011765719603,1.4939983404890953,8.443941821545092
2025-04-21 01:00:00,210.2503112842379,65.70031410899078,30.95847119037375,306.90909658360243,1.4597319485947933,8.335520508660855
2025-04-21 02:00:00,218.67719927804302,66.76940340434132,27.399546510858315,312.84614919324264,1.4306299432501235,11.137209832545746
2025-04-21 03:00:00,208.22011282545157,62.43877425652847,31.229123807250303,301.8880108892303,1.4498503856940057,8.444882819613937
2025-04-21 04:00:00,243.23673866488042,107.98375700268537,41.12107141760683,392.34156708517264,1.6130029091769789,2.5074787413265613
2025-04-21 05:00:00,210.6166371372753,69.91954183859114,28.41809154022266,308.9542705160891,1.4669034446444014,5.15656530325745
2025-04-21 06:00:00,252.11761157916152,115.92588001934352,40.20379411600479,408.24728571450987,1.6192731763458172,4.721976045609947
2025-04-21 07:00:00,240.76787161140317,88.43851522841155,46.474041600154585,375.6804284399693,1.56034285606974,3.271624241412602
2025-04-21 08:00:00,249.41887045925185,92.34441178086259,39.043704531808935,380.8069867719234,1.5267769678803702,3.3946500990546586
2025-04-21 09:00:00,293.3687009016358,87.74419243889989,45.3808906718134,426.4937840123491,1.4537807976841712,5.815509518345561
2025-04-21 10:00:00,367.1038816078648,111.50215571264685,39.58846438140724,518.194501701919,1.41157456421408,-0.6351649903906913
2025-04-21 11:00:00,360.36727335519316,130.03083031493694,39.32333007680392,529.721433746934,1.4699487797961561,4.250596423235878
2025-04-21 12:00:00,365.0868137207646,114.67543215380762,46.22802849282746,525.9902743673997,1.4407265740627422,4.639505492739046
2025-04-21 13:00:00,367.48915247620545,127.96253337027349,47.99332532581595,543.4450111722949,1.4788055851729731,6.235991403829505
2025-04-21 14:00:00,374.9604065893587,133.6388117244886,44.18008630910521,552.7793046229524,1.4742337988456837,6.624565074790054
2025-04-21 15:00:00,384.44481869096404,134.1593577753485,36.806387544353065,555.4105640106656,1.4447081531800596,6.601391064120505
2025-04-21 16:00:00,423.2935002372128,156.12412090788825,46.3722977065205,625.7899188516216,1.4783830096633428,8.339992913964204
2025-04-21 17:00:00,389.17431272102107,133.65912788940997,36.497852627921404,559.3312932383524,1.4372256208988492,5.811835200312601
2025-04-21 18:00:00,328.35323789873274,124.59077083419179,39.40753707909247,492.35154581201704,1.4994569536234112,9.320234302235752
2025-04-21 19:00:00,338.4472297337291,106.0534994008918,50.15176304060387,494.6524921752248,1.4615350598803514,11.5151010743867
2025-04-21 20:00:00,329.0741783787438,110.20842725308754,40.69006446709055,479.97267009892187,1.4585546409736936,10.900841724510089
2025-04-21 21:00:00,279.4036410547905,100.38533415945791,33.55643792845471,413.34541314270314,1.4793844904177427,9.029861347523747
2025-04-21 22:00:00,267.25841962755476,87.55662405702819,46.47485523395784,401.2898989185408,1.5015051704555062,9.259971171644004
2025-04-21 23:00:00,276.595985666034,99.58457473882575,28.833920436039726,405.01448084089947,1.4642818472785786,13.174465136893858
2025-04-22 00:00:00,224.40125189992352,89.95146774557693,31.603383168039933,345.9561028135404,1.5416852619335066,12.506973746276696
2025-04-22 01:00:00,221.29274079283758,72.24325457838123,34.72133242644586,328.2573277976647,1.4833623851446696,7.542258274341289
2025-04-22 02:00:00,217.3770726349548,79.90696806849866,43.49376989517931,340.77781059863275,1.5676805583397795,9.62256328431556
2025-04-22 03:00:00,233.397531316091,83.74621391858813,40.688525416238214,357.8322706509174,1.533145053562302,5.2707344696011
2025-04-22 04:00:00,228.52578232460178,88.95290645389022,43.231616146590206,360.71030492508226,1.5784227987576622,2.520065339652662
2025-04-22 05:00:00,259.2792037588466,88.28869771450981,41.25612105743605,388.8240225307925,1.4996344361363991,7.249765087351475
2025-04-22 06:00:00,224.59328370693413,68.92311428796882,23.628832621621818,317.14523061652477,1.4120868860457967,4.785265983502573
2025-04-22 07:00:00,263.4183451525501,97.73372140199152,34.739806001980476,395.8918725565221,1.5029016765223937,3.395803336865278
2025-04-22 08:00:00,284.0108702874419,107.81766211080554,33.66060350798356,425.489135906231,1.4981438403241458,2.797615959572914
2025-04-22 09:00:00,321.0681472767446,98.42993220547164,31.728478415933502,451.22655789814974,1.4053918513106662,0.32810540275723366
2025-04-22 10:00:00,287.9913968460605,78.79867504900561,35.93886019723817,402.7289320923043,1.398406120817471,4.213392239684378
2025-04-22 11:00:00,338.3329256752466,122.69152932227357,41.58726603364266,502.6117210311628,1.4855536747659062,5.495544786369904
2025-04-22 12:00:00,368.12629625726277,133.5491894398653,44.71040549861731,546.3858911957453,1.4842348855565237,2.7061509504943304
2025-04-22 13:00:00,371.57128604942744,134.00263788574034,44.78118497393278,550.3551089091005,1.481156186099619,3.9558260637924523
2025-04-22 14:00:00,330.3702637208227,102.8018774421465,34.72041858379126,467.8925597467605,1.4162671739189885,5.60257371346161
2025-04-22 15:00:00,366.77934573445106,121.07506893054412,39.39301748824058,527.2474321532358,1.4375057872941512,6.931619355609783
2025-04-22 16:00:00,394.083785257253,133.9484537246903,32.9721123061462,561.0043512880894,1.4235661863678881,5.950187861797877
2025-04-22 17:00:00,399.6007985641163,121.6131028651391,44.71023567864138,565.9241371078969,1.4162237391452406,5.405034354550281
2025-04-22 18:00:00,346.8861872780604,114.19091135625015,54.78591989172061,515.8630185260312,1.4871247038514126,8.259901728735176
2025-04-22 19:00:00,352.0975799603755,112.43955253841435,37.85849796727398,502.3956304660639,1.4268647643718615,7.459642037711722
2025-04-22 20:00:00,307.0695082509052,103.80765811093397,43.1127181162024,453.9898844780416,1.4784596720918586,10.09663453800458
2025-04-22 21:00:00,291.9210171134209,117.73866154408627,33.77277967693531,443.43245833444246,1.519015186776204,10.787415522444242
2025-04-22 22:00:00,254.6313626244628,73.04820525805277,34.18707791039539,361.86664579291096,1.4211393367383485,10.984154342216375
2025-04-22 23:00:00,235.2312768609547,85.14030519954476,37.12207297270562,357.4936550332051,1.5197539196478524,9.402861636302807
2025-04-23 00:00:00,263.5209831066355,100.81612293233393,39.682430818822944,404.0195368577924,1.5331588858497207,7.850852324935229
2025-04-23 01:00:00,221.52043461463964,90.8141608195617,32.79870870587196,345.1333041400733,1.558020165229779,8.83145672920768
2025-04-23 02:00:00,200.544957427264,64.42750248694526,44.40821942766862,309.38067934187785,1.5426998679539856,8.626933585615392
2025-04-23 03:00:00,223.85113519891874,85.52597551961883,28.053724714992462,337.43083543353004,1.5073894315241334,8.453635374947863
2025-04-23 04:00:00,204.02809331809968,51.034715545420546,42.86677753606308,297.9295863995833,1.4602380562125925,5.187754087876097
2025-04-23 05:00:00,234.2072855822987,80.41835701296576,40.16596331662573,354.7916059118902,1.5148615254636006,6.653990127324611
2025-04-23 06:00:00,235.70653958805934,64.7705112791363,41.07635488062125,341.5534057478169,1.449062068217303,5.678737730619434
2025-04-23 07:00:00,261.76709872505387,97.45983695312638,38.486096305412005,397.71303198359226,1.5193392673130732,4.0288906076869795
2025-04-23 08:00:00,259.10110994618213,98.99795299893901,42.615036376931,400.71409932205216,1.5465549314137808,1.5659075983981154
2025-04-23 09:00:00,305.0024271125153,98.01664359176489,38.259460731201756,441.2785314354819,1.4468033438720618,0.11656523489836346
2025-04-23 10:00:00,329.3565636058455,104.43356003271194,48.03696711899039,481.82709075754786,1.4629345335718589,0.9841846388743996
2025-04-23 11:00:00,361.22711933667125,146.56173577636022,39.368708229936416,547.1575633429678,1.5147189511898345,4.29193470403386
2025-04-23 12:00:00,383.5361902400227,132.68619280480587,40.060797799339014,556.2831808441676,1.4504059721092744,4.34040316254042
2025-04-23 13:00:00,367.4789258750214,142.01141078433963,41.67347848832032,551.1638151476814,1.4998514917155568,3.182711527658152
2025-04-23 14:00:00,403.1769685464872,141.61479912838982,41.37194129145189,586.163708966329,1.4538620871116128,6.814266729136663
2025-04-23 15:00:00,376.3312283674081,133.1499743318768,38.53583573088096,548.0170384301658,1.4562093101004703,5.935555503165834
2025-04-23 16:00:00,383.9891551369176,138.44298691437808,43.20237983072341,565.634521882019,1.4730481689784516,6.268305280464766
2025-04-23 17:00:00,391.0726324132583,155.89199956078977,36.12354666823728,583.0881786422854,1.4909971455791322,7.166468278750197
2025-04-23 18:00:00,357.574539798898,117.64995621852576,53.061508603469605,528.2860046208933,1.4774150444771723,10.636237870438256
2025-04-23 19:00:00,346.71291145604187,114.66833032173545,46.93586583220855,508.31710760998584,1.466103772932128,8.168188096566407
2025-04-23 20:00:00,325.8346508902449,111.9334492209635,40.83449042302997,478.6025905342384,1.4688511158239346,10.621448164702356
2025-04-23 21:00:00,304.8046127399193,114.2093978022879,40.47476350156138,459.48877404376856,1.5074862874068005,12.529588470938798
2025-04-23 22:00:00,263.46844920367187,95.19967827797923,40.77750941052686,399.44563689217796,1.5161042549857275,10.823727977087222
2025-04-23 23:00:00,270.87222451629333,109.00679300508233,38.02907328528452,417.9080908066602,1.5428237116335362,8.588837714593875
2025-04-24 00:00:00,212.17622408463725,96.96369499548072,33.27250802242643,342.4124271025444,1.6138114842026592,9.290382235916768
2025-04-24 01:00:00,194.29278565978774,71.04235616590776,36.849120231676785,302.1842620573723,1.5553035643150726,9.44005659392011
2025-04-24 02:00:00,233.38095906750402,73.37085239942327,28.101013587146973,334.85282505407423,1.4347906804051658,9.732445091787115
2025-04-24 03:00:00,206.05352012975746,58.16840871048113,38.849228656259584,303.0711574964982,1.4708370781806888,5.004565333909145
2025-04-24 04:00:00,199.17803613368443,65.88346008071507,37.3417799321219,302.40327614652136,1.5182561391636282,5.407996767253856
2025-04-24 05:00:00,176.26056088836143,56.74244643405375,39.119900542545956,272.1229078649611,1.5438672525121275,3.345769709364555
2025-04-24 06:00:00,254.58659932019467,90.63807137316773,44.444950918042046,389.6696216114044,1.5305975359736639,4.361179791234924
2025-04-24 07:00:00,223.0148269710802,73.31686330075881,40.548076453718565,336.8797667255576,1.510571163814337,2.7205938267975474
2025-04-24 08:00:00,256.13992156392555,76.3580321152385,43.151884079385404,375.6498377585495,1.4665805918301476,2.560763611005488
2025-04-24 09:00:00,320.5762490810938,121.62714383185973,44.224693648174814,486.42808656112834,1.517355349797234,2.0995061557835397
2025-04-24 10:00:00,353.275252918669,123.2815247875524,33.69762450938316,510.25440221560456,1.4443536534190105,2.4568514596613626
2025-04-24 11:00:00,322.0119721597333,118.04783003972153,32.61208640581838,472.67188860527324,1.4678705435548385,4.094181513923209
2025-04-24 12:00:00,361.93757050922324,125.48575608900052,48.564750358383634,535.9880769566074,1.480885436133381,5.6316005120122075
2025-04-24 13:00:00,395.77187454153255,129.20273689264837,44.690494555629776,569.6651059898107,1.4393774359274984,6.483090705482205
2025-04-24 14:00:00,359.19064733451376,117.32081876012539,36.75795242925294,513.2694185238921,1.4289609774997427,7.140964970714673
2025-04-24 15:00:00,411.69043048047126,144.90566843120052,48.12307620651849,604.7191751181903,1.4688686701132234,9.257225666195975
2025-04-24 16:00:00,350.0601638338665,110.9274875721887,50.001523796278256,510.98917520233346,1.4597181513199586,7.332888307768618
2025-04-24 17:00:00,375.427259446504,131.56545026276086,43.75460477475801,550.7473144840229,1.4669880799172519,8.669758068325429
2025-04-24 18:00:00,360.83768922405204,134.86173753932286,40.01909222021203,535.7185189835869,1.4846523381069197,7.957827771721802
2025-04-24 19:00:00,349.50668464625664,118.34344664921524,35.189905691899625,503.04003698737154,1.4392858823187011,12.82038258562191
2025-04-24 20:00:00,344.5541559489955,115.82717012030676,39.85145643768352,500.2327825069858,1.4518262916585905,10.880719953752859
2025-04-24 21:00:00,275.7919141408527,93.65158872420452,35.15146603405903,404.5949688991162,1.467029844437285,11.378532138034585
2025-04-24 22:00:00,247.06500434788458,84.01796142970828,32.2070147962312,363.28998057382404,1.4704226587359441,9.730125911045121
2025-04-24 23:00:00,264.4278203302751,105.79004231371736,34.84059068813207,405.05845333212454,1.5318299444672625,10.444058079388137
2025-04-25 00:00:00,267.00939144054513,110.9738566935757,39.67810818289728,417.6613563170181,1.56421972299809,9.695746745341102
2025-04-25 01:00:00,203.71532946819832,84.2855516323001,35.31681783178598,323.31769893228443,1.5871053974009208,7.66514959037072
2025-04-25 02:00:00,175.85968062755438,54.064819012980195,30.357351864820103,260.28185150535467,1.4800541578179842,6.5024189711295515
2025-04-25 03:00:00,202.8743156784723,61.22514473539645,36.79589293661741,300.8953533504862,1.4831613964744736,10.601462037877212
2025-04-25 04:00:00,248.2956849484912,79.35303977159626,45.68747517714207,373.3361998972295,1.5035951993071401,5.283912504840814
2025-04-25 05:00:00,189.94015880217896,61.29326054426448,35.01675639965551,286.25017574609893,1.507054524705468,6.226995040132387
2025-04-25 06:00:00,242.2241108766978,96.96617226851741,25.735895918847326,364.9261790640626,1.5065642216345063,5.759284411095181
2025-04-25 07:00:00,272.0665861039067,84.20610940063114,32.817039587015266,389.08973509155305,1.4301268695412428,1.9902084140168974
2025-04-25 08:00:00,254.99813106775343,100.5728762420114,43.68927420440402,399.2602815141688,1.5657380696962233,3.7209251797221596
2025-04-25 09:00:00,302.5731059253384,105.69313564979944,37.6057743318566,445.8720159069944,1.4736009485820456,5.087504384879802
2025-04-25 10:00:00,310.72378915043,114.40152815631077,40.86298544978645,465.98830275652716,1.4996865995700424,-0.20877974105899222
2025-04-25 11:00:00,312.0139679991523,99.96519979194238,40.57440887218019,452.5535766632749,1.4504272983846171,5.465756238061346
2025-04-25 12:00:00,347.37468850320874,127.19601202530367,46.01641060756641,520.5871111360789,1.498632826068069,3.743353888249316
2025-04-25 13:00:00,396.28592627756933,155.78708031541322,48.90422727983187,600.9772338728144,1.516524292240128,8.21458518043689
2025-04-25 14:00:00,385.30628411866587,144.4904561085518,36.63780533451563,566.4345455617333,1.470089040611868,7.128906240038855
2025-04-25 15:00:00,403.65694579856006,134.74844718813029,35.60384712781783,574.0092401145082,1.4220224527016074,6.101870081428087
2025-04-25 16:00:00,389.0787546910225,140.7624715857715,53.294540649696835,583.1357669264909,1.4987602378587186,6.666840253392854
2025-04-25 17:00:00,352.3130248784879,126.14566910851595,32.14212555849835,510.6008195455022,1.4492816997657336,11.721945255180174
2025-04-25 18:00:00,357.2454348855975,126.7789507053872,39.04214383984099,523.0665294308257,1.4641657481174808,9.814881620104154
2025-04-25 19:00:00,322.67793647571676,115.40082739024186,46.55153438387923,484.6302982498379,1.5019009466310658,12.23500457448626
2025-04-25 20:00:00,301.05747885598345,112.43427753190558,40.575994794226276,454.06775118211533,1.5082427213154443,13.12313934795029
2025-04-25 21:00:00,278.26872911635496,95.34821300323235,29.97099557474649,403.5879376943338,1.4503531854834397,10.818864577876756
2025-04-25 22:00:00,271.76080269702885,96.86005172681207,47.55817463606115,416.17902905990206,1.5314166904484645,9.655191889339187
2025-04-25 23:00:00,246.0328134381148,96.97906364516729,45.491443914942096,388.50332099822424,1.5790711635947916,10.138505645118391
2025-04-26 00:00:00,182.10878952793533,67.24013309812486,43.594692516766514,292.94361514282673,1.6086187597106039,8.89801889393114
2025-04-26 01:00:00,206.50659674110506,57.617564364500524,34.354890044715546,298.47905115032114,1.4453729607704537,6.894051693929413
2025-04-26 02:00:00,159.2166190940153,62.99050892568561,42.31969288101534,264.52682090071625,1.6614271952635589,7.340043451330524
2025-04-26 03:00:00,183.42619304701242,64.28528479767101,29.531859261798786,277.2433371064822,1.5114708128703533,6.813825228610301
2025-04-26 04:00:00,181.40853355843612,76.74426190877395,31.644896173199008,289.7976916404091,1.5974865457310925,1.941782874444951
2025-04-26 05:00:00,190.86954574150565,68.12733431151004,29.530854047674957,288.5277341006906,1.5116488750460135,6.614882269334642
2025-04-26 06:00:00,197.25481696412382,53.37093583840915,41.60952871471908,292.2352815172521,1.4815115088946247,2.053820538179698
2025-04-26 07:00:00,245.04404350895086,75.24222389771782,47.73829782466537,368.02456523133407,1.5018710920752947,5.261894277872848
2025-04-26 08:00:00,211.2976077012077,80.3436395090788,43.133579736842734,334.7748269471292,1.5843758506746963,2.0914833315341115
2025-04-26 09:00:00,224.75845668409892,87.41475577733206,33.32957785269501,345.502790314126,1.5372182004245336,3.620548667584784
2025-04-26 10:00:00,262.0633377245488,100.07155275349152,39.379963746284986,401.5148542243253,1.5321290559397214,3.0368357473205823
2025-04-26 11:00:00,251.12894561060875,90.76050129885051,43.887673687533024,385.7771205969923,1.5361714662520982,1.5599553458409932
2025-04-26 12:00:00,319.8869891915031,99.39170173536607,42.01738792214308,461.2960788490123,1.4420595223798034,6.638633800055153
2025-04-26 13:00:00,303.20268102173947,104.34153972052175,41.212787770316496,448.7570085125777,1.4800562020109647,5.120865037332983
2025-04-26 14:00:00,330.286705551805,110.07490723117628,45.74530144120014,486.1069142241814,1.4717725722930626,7.741744432610668
2025-04-26 15:00:00,323.3321695664285,119.87360572409543,44.52768925491857,487.7334645454425,1.508459443424598,9.141381433193454
2025-04-26 16:00:00,344.8169121351258,134.78274500604536,51.01066304090109,530.6103201820723,1.5388175623304068,7.420325483918013
2025-04-26 17:00:00,286.5878761801089,108.01979997173756,38.541772933630206,433.14944908547665,1.51140185990722,5.661877598275974
2025-04-26 18:00:00,281.5340664644966,100.50146024022621,38.884513551742096,420.9200402564649,1.4950945210374598,11.244774475459906
2025-04-26 19:00:00,289.6454462789813,93.10807856025268,39.594600909800484,422.34812574903447,1.4581555870284124,14.504457068621424
2025-04-26 20:00:00,260.89309457182793,97.00756757395935,33.7347952794949,391.6354574252822,1.5011338574063289,9.115524642135203
2025-04-26 21:00:00,237.82086680834234,95.3469466865863,39.76062486291882,372.9284383578474,1.568106463333964,11.264534042634175
2025-04-26 22:00:00,202.4839590274306,65.05584914278893,38.64403517835093,306.18384334857046,1.5121387630863719,11.921351004491367
2025-04-26 23:00:00,191.2833178284476,65.85756746352789,34.571722610660885,291.71260790263636,1.5250290052175839,7.310607724511506
2025-04-27 00:00:00,200.15473534776552,85.99513916171773,48.445204689386316,334.5950791988696,1.6716820544740858,9.654087088517436
2025-04-27 01:00:00,157.4738162913089,49.61643637809653,25.62969404986796,232.7199467192734,1.477832646722472,6.327163165165787
2025-04-27 02:00:00,152.65054952727348,50.013728747523345,38.33010554122644,240.99438381602326,1.5787325008808155,6.630756291752318
2025-04-27 03:00:00,156.3243605257382,51.558957867020695,39.93623516885427,247.81955356161316,1.5852906912791154,7.714810449204987
2025-04-27 04:00:00,203.05194932746588,78.42872896234994,30.000156197901646,311.4808344877175,1.5339957854104924,6.309631077720888
2025-04-27 05:00:00,177.2601125626524,51.26671750721048,32.13825139381681,260.6650814636797,1.4705230505342701,6.283137252832482
2025-04-27 06:00:00,204.26086257519535,86.36029657253047,27.948156317566777,318.5693154652926,1.5596199460286546,6.131876701942021
2025-04-27 07:00:00,204.88912960109874,75.75902915758617,34.221734269163704,314.86989302784866,1.5367818372837683,4.4685948528089545
2025-04-27 08:00:00,242.83999501394965,75.752382631764,29.805796967729503,348.3981746134432,1.4346820201237027,2.1234051422223152
2025-04-27 09:00:00,274.9297580862071,81.60818501610171,37.477221214481986,394.01516431679073,1.433148477849543,4.745498029231387
2025-04-27 10:00:00,255.24958796198544,98.13478128303922,44.45370551752839,397.8380747625531,1.558623768755323,3.171360362777757
2025-04-27 11:00:00,258.6893066470428,76.52245425488384,45.90018894220572,381.11194984413237,1.4732419935862433,4.2300849608677655
2025-04-27 12:00:00,287.4186553153666,100.05735661454247,55.04405515392491,442.52006708383396,1.5396358548761708,5.835300104759484
2025-04-27 13:00:00,317.56898898394104,104.51368766574372,39.7192326218427,461.80190927152745,1.4541782267502197,6.943993959211812
2025-04-27 14:00:00,298.81200952374473,96.35273184094163,32.42648807114027,427.5912294358267,1.4309706966508273,9.742240626364426
2025-04-27 15:00:00,331.2501607776991,111.14513054108225,38.96608794045271,481.36137925923407,1.4531657226342425,6.482273637190148
2025-04-27 16:00:00,312.3730470763479,111.20679901942151,39.795348606692336,463.3751947024618,1.4834032546643086,7.00188824399473
2025-04-27 17:00:00,317.3039986003136,124.67654331123097,37.32143358473236,479.30197549627695,1.5105450218420389,10.554021399556948
2025-04-27 18:00:00,307.92796972176967,99.91044701007355,43.99580831754705,451.8342250493903,1.467337395357908,8.588805600766761
2025-04-27 19:00:00,257.972944564228,86.97011459252045,40.96371564150225,385.90677479825064,1.495919564162554,9.880967690791584
2025-04-27 20:00:00,279.84407773458315,97.79934454879015,39.94720468309401,417.5906269664673,1.4922260651251988,13.34133084008255
2025-04-27 21:00:00,271.5494296667705,94.38040530872208,39.65727255387429,405.58710752936685,1.493603238375715,13.635949296448924
2025-04-27 22:00:00,246.30318492930803,88.89496475186776,41.101446584536085,376.29959626571184,1.527790216653976,10.557187505096412
2025-04-27 23:00:00,198.9234090469674,75.64763303264058,46.225378314402874,320.79642039401085,1.612662993917766,9.916335479863113
2025-04-28 00:00:00,225.7963913695205,95.54574611377666,38.94007224470993,360.2822097280071,1.595606588496792,11.497581142120591
2025-04-28 01:00:00,223.38554949182657,87.65758452790894,37.11294862935366,348.1560826490891,1.5585434395425286,8.163375914458078
2025-04-28 02:00:00,210.22342213532266,66.28763511137824,40.343090830944014,316.8541480776449,1.507225716617262,4.654869685885425
2025-04-28 03:00:00,198.06811698609846,50.72876674194987,37.09385685281791,285.89074058086624,1.443396064602016,8.94135165311889
2025-04-28 04:00:00,218.50579005651826,56.08584922306535,41.99126985082013,316.5829091304037,1.4488536392949452,4.269383342447121
2025-04-28 05:00:00,220.98789279620604,77.91872732885761,41.084071208444584,339.99069133350827,1.5385037027664046,2.4896813376620908
2025-04-28 06:00:00,210.3374966216108,53.59590383483677,43.3046749143964,307.23807537084394,1.460690938637316,4.813650246962701
2025-04-28 07:00:00,255.93101529487393,96.81749364171786,29.83039603481655,382.57890497140835,1.4948516674722505,4.505839541987248
2025-04-28 08:00:00,285.25405559354056,93.14222683407033,43.08483789687761,421.48112032448853,1.4775639892217987,1.615365296799174
2025-04-28 09:00:00,302.57226395156863,96.75929028881501,24.579364642978213,423.91091888336183,1.401023720241639,1.953503263445384
2025-04-28 10:00:00,298.0282452078372,95.24008338825234,34.39425242137507,427.6625810174646,1.4349733218045282,2.284624885222926
2025-04-28 11:00:00,340.3368789900241,117.24205933680979,31.853396614628956,489.43233494146284,1.4380819862775112,2.2287136942017085
2025-04-28 12:00:00,346.54996159141655,111.6107143078895,40.48225996597064,498.6429358652767,1.4388774812596234,1.6099548032223567
2025-04-28 13:00:00,375.9915843902185,135.6695702091138,42.72781920248986,554.3889738018222,1.4744717616510694,3.867986090967843
2025-04-28 14:00:00,370.9660123685435,108.70652500691878,39.187634719187606,518.8601720946499,1.3986730719125235,6.92451930629553
2025-04-28 15:00:00,414.02053063795034,125.6482997566652,40.530623908560344,580.1994543031758,1.4013784616167848,7.7130330718197415
2025-04-28 16:00:00,393.1729879279804,137.82566892828143,48.42458481201812,579.42324166828,1.473710706124135,10.15367811476376
2025-04-28 17:00:00,382.27077602196476,143.70686568815194,40.4319480022098,566.4095897123265,1.4816973340378532,9.908114730008405
2025-04-28 18:00:00,365.4413029342261,127.29442070198743,41.22665235174727,533.9623759879607,1.461144024226692,9.841493941093294
2025-04-28 19:00:00,321.07005900529555,116.20535229791807,42.89755944706215,480.1729707502758,1.495539547467913,9.429035832966273
2025-04-28 20:00:00,332.8651147304503,118.62903724885976,45.148791479193356,496.64294345850334,1.4920246114125781,10.338439628932964
2025-04-28 21:00:00,295.646928483824,113.8243268683087,41.412429673554705,450.88368502568744,1.5250748158892409,12.36826245394948
2025-04-28 22:00:00,267.7192075012457,96.98315664195411,42.51417362353408,407.2165377667339,1.5210583565052542,11.577583768411408
2025-04-28 23:00:00,246.03777475279767,92.19005683874222,49.99963824330128,388.22746983484114,1.5779181478328121,8.74456820826465
2025-04-29 00:00:00,221.87479477730815,75.10150956692442,31.12502192680367,328.1013262710362,1.4787679087223304,8.278928237712442
2025-04-29 01:00:00,226.11126996303676,90.38381091282649,22.969585430926138,339.4646663067894,1.5013168797923382,8.72641611365306
2025-04-29 02:00:00,219.02320742922498,61.15983524564949,30.912414522605868,311.0954571974803,1.4203766845027483,11.123051893663742
2025-04-29 03:00:00,206.60035905014436,61.254002810901895,34.912494007001136,302.7668558680474,1.46547110208343,7.216528190114086
2025-04-29 04:00:00,173.6386097394753,64.87856582486441,41.22765577830192,279.74483134264165,1.6110750469746704,7.438931598311298
2025-04-29 05:00:00,215.1700575578821,86.92449599342164,32.61500549989686,334.70955905120064,1.555558254015718,3.888617014375453
2025-04-29 06:00:00,223.91443501901387,80.45498167118409,28.88640639062855,333.25582308082653,1.4883177274950044,5.292630639556058
2025-04-29 07:00:00,271.2342423014694,85.12420652662728,49.3441179737346,405.70256680183127,1.4957645589265385,2.9337788692974534
2025-04-29 08:00:00,263.24209550473347,110.9327235481512,27.169864879927843,401.34468393281253,1.5246219764482758,4.650811416078378
2025-04-29 09:00:00,266.8490948216054,86.08465002943203,33.89924062692456,386.832985477962,1.4496319942046967,1.5858643303621534
2025-04-29 10:00:00,332.299437231516,135.15978598389714,45.37194092264579,512.8311641380589,1.543280266769651,-1.808126777097295
2025-04-29 11:00:00,326.404773599245,116.70798473044869,35.94143083192704,479.05418916162074,1.467669065862978,0.8962468302317204
2025-04-29 12:00:00,339.373503638166,110.17387737198428,42.175119321734876,491.72250033188516,1.4489124668263758,1.2332711859259011
2025-04-29 13:00:00,347.33328929071854,112.20686897279442,43.89600284484677,503.4361611083597,1.4494325094390328,2.8698586221257605
2025-04-29 14:00:00,401.90579210763354,137.65168407460396,31.39206765920627,570.9495438414438,1.420605413142538,9.547760356911715
2025-04-29 15:00:00,386.31066216582883,126.46398296208619,52.04322862203907,564.8178737499541,1.462082021198521,6.8454541715374235
2025-04-29 16:00:00,376.5646758919165,121.74634951523447,54.774047250027685,553.0850726571787,1.4687651499630516,8.73027818443323
2025-04-29 17:00:00,365.9975943008728,127.96184038728413,33.10271681159324,527.0621514997501,1.4400699887291397,8.367626938522537
2025-04-29 18:00:00,391.5388210813628,154.56061406815047,50.69558496947123,596.7950201189846,1.5242294965049428,9.336090514650571
2025-04-29 19:00:00,350.99559557347055,85.9558475832569,44.11215200564631,481.06359516237376,1.3705687513724865,9.436855954416563
2025-04-29 20:00:00,325.08860301330003,100.96239382676264,38.1015480527387,464.15254489280136,1.42777243062505,11.435505919500125
2025-04-29 21:00:00,300.5714679234391,102.57216638709585,21.20817654716708,424.351810857702,1.4118166763779185,8.350921026277788
2025-04-29 22:00:00,283.49929739439557,98.10233127939158,48.08752824244777,429.68915691623494,1.5156621581268488,12.719763550596882
2025-04-29 23:00:00,278.3465811189995,81.09730081912846,34.222093412503924,393.66597535063187,1.4143014574421187,9.35351662866423
2025-04-30 00:00:00,235.66534122323725,77.49126635906367,34.08393457232005,347.240542154621,1.4734476455139518,14.14633626763137
2025-04-30 01:00:00,254.7630709960302,85.85737575439545,28.60798786636349,369.2284346167891,1.4493012396704175,8.65258158611774
2025-04-30 02:00:00,191.450652706876,62.169265205973005,33.450054878174484,287.0699727910235,1.4994462997759905,10.997976781439583
2025-04-30 03:00:00,213.32518052706305,77.55506055845915,29.566325608957367,320.44656669447954,1.5021506879907538,8.001374936955312
2025-04-30 04:00:00,218.8236743194136,55.109152940288354,41.189889262464774,315.12271652216674,1.4400759767071039,5.842106688749177
2025-04-30 05:00:00,214.66137085749358,69.9400285928812,39.59282493148801,324.1942243818628,1.5102588001130597,4.022218570283591
2025-04-30 06:00:00,262.5869359267231,99.9294186916739,29.956313414858972,392.47266803325596,1.4946389722251014,5.02411675550565
2025-04-30 07:00:00,272.1885743969958,102.53335275343157,38.52443674671322,413.2463638971406,1.5182355277499908,2.500966968132782
2025-04-30 08:00:00,289.93667382685186,101.4086015167633,33.202958371646744,424.5482337152619,1.4642791755581743,5.473611149733254
2025-04-30 09:00:00,289.51608002672793,104.84726171822507,46.19487660094628,440.55821834589926,1.5217055242846174,2.2059835364901015
2025-04-30 10:00:00,311.0052544144302,91.2851877397233,35.30483127040455,437.59527342455806,1.4070349848219614,3.653105185782957
2025-04-30 11:00:00,336.3213429136756,107.79624224178562,38.99989179801873,483.11747695348,1.4364758203212897,0.6000418738390727
2025-04-30 12:00:00,399.60156456596076,125.02395927118654,42.33974971344359,566.9652735505908,1.4188264607182337,5.533111975385328
2025-04-30 13:00:00,378.72008758262,129.14523044983278,37.60526685641622,545.4705848888691,1.4403001128633597,8.251044052165959
2025-04-30 14:00:00,395.66512284531774,158.034516685158,47.08986731258301,600.7895068430587,1.51842927807901,6.836563616066801
2025-04-30 15:00:00,396.89260662898863,147.90317850900854,43.397844698739135,588.1936298367364,1.4819969432854014,7.6841508623786146
2025-04-30 16:00:00,386.5701770140987,135.2720577549926,38.0166703161739,559.8589050852652,1.4482723665070687,10.756487789374766
2025-04-30 17:00:00,362.25815776460894,115.56423227767996,38.82986880967687,516.6522588519658,1.426199100774096,6.143225522839469
2025-04-30 18:00:00,349.18340197320066,112.67299819921475,41.78934435689674,503.64574452931214,1.442353049094717,8.151792506203554
2025-04-30 19:00:00,386.84844504251527,134.89538437772268,42.60910899968881,564.3529384199268,1.4588476331032,10.590621465559355
2025-04-30 20:00:00,311.9893109464257,100.26594817328515,38.71897045011384,450.9742295698247,1.4454797448085177,10.847906215514639
2025-04-30 21:00:00,302.48223151555703,96.61739344268972,42.96508003383353,442.0647049920803,1.46145676979821,14.152052406446833
2025-04-30 22:00:00,272.8475745716329,103.08441528679491,42.28287235036567,418.2148622087935,1.5327783758583353,12.078205514508516
2025-04-30 23:00:00,258.7488527047274,77.76278393618074,44.16501567028342,380.67665231119156,1.4712206385919813,7.667790533707035
2025-05-01 00:00:00,242.17137652234973,89.09710988511554,33.510318918783696,364.77880532624897,1.5062837341248871,9.637354267759315
2025-05-01 01:00:00,193.07452801905515,74.13073301422317,34.87827986970872,302.083540902987,1.5645955165726129,9.185718154940451
2025-05-01 02:00:00,201.89266520127924,74.71271325664172,40.50659221050022,317.1119706684212,1.5706958464898797,9.24704285281105
2025-05-01 03:00:00,181.08183365054828,47.77876117554984,35.597077100589274,264.4576719266874,1.4604318202180226,8.415122019646025
2025-05-01 04:00:00,176.06755253116492,56.07161178116666,24.772715348761366,256.91187966109294,1.4591665299352539,8.64684930787088
2025-05-01 05:00:00,212.18150837147732,71.08660658229593,34.50492787399395,317.7730428277672,1.497647204352159,4.267793618836587
2025-05-01 06:00:00,213.69190110395982,52.64498353661795,34.88296079528309,301.21984543586086,1.4095987909683074,1.248259040574383
2025-05-01 07:00:00,255.87496291604225,88.7034416374296,48.34434413078692,392.92274868425875,1.53560451638711,5.699720619209479
2025-05-01 08:00:00,301.64958780377157,104.58629084467302,41.076657303438154,447.3125359518827,1.482887940303991,0.7511133777040913
2025-05-01 09:00:00,281.7562020462367,92.3538897152232,28.34460781683933,402.45469957829926,1.4283792039199041,3.1423622957167074
2025-05-01 10:00:00,312.2817976919457,106.14913870452384,39.457844455390045,457.88878085185956,1.4662679164654664,5.230391807216639
2025-05-01 11:00:00,334.4284291905968,108.92088618982892,38.939585549907754,482.28890093033345,1.4421288946564657,2.488773093474423
2025-05-01 12:00:00,315.07826806275364,96.03917001469615,47.231123721680795,458.34856179913055,1.454713346678172,3.642246816597406
2025-05-01 13:00:00,361.97774608699535,135.29669503315722,41.787924774002796,539.0623658941554,1.489214107003696,5.254957993482811
2025-05-01 14:00:00,400.89494956818845,137.2945665479358,50.98706416644923,589.1765802825735,1.4696532867704788,5.757942599030181
2025-05-01 15:00:00,387.8262210755825,145.31374627944328,37.67438814063687,570.8143554956627,1.4718302282723117,8.669056056509472
2025-05-01 16:00:00,409.42030014614454,136.09319595753732,49.00661782553403,594.5201139292159,1.452102188672616,8.352293790837106
2025-05-01 17:00:00,382.0661855335287,143.24351640654425,38.12507777132006,563.434779711393,1.4747046481608828,8.391141219542213
2025-05-01 18:00:00,375.77836643527587,149.37075250930195,46.652086049652056,571.8012049942299,1.5216448206384894,6.935185792196993
2025-05-01 19:00:00,364.8607228281249,127.99452798318654,39.26877216767135,532.1240229789828,1.4584305453718314,16.369435245375513
2025-05-01 20:00:00,319.8785183469505,98.5644769626813,41.002366290276754,459.44536159990855,1.4363120223708783,11.263306916317804
2025-05-01 21:00:00,275.3956653812306,94.78716592543114,34.77348891741399,404.9563202240757,1.4704527744236429,12.749882622702298
2025-05-01 22:00:00,290.6729454773102,116.62420947324185,44.56066325054474,451.85781820109673,1.5545231340987273,7.601349195317159
2025-05-01 23:00:00,265.13816702253274,91.57149481041223,34.79084175871316,391.5005035916581,1.476590518778032,12.59186644208862
2025-05-02 00:00:00,242.3575704957045,83.43975606120996,32.21547844380377,358.01280500071823,1.4772090851895365,10.54679707617426
2025-05-02 01:00:00,261.5541736405519,87.60851578770136,38.37995948622951,387.54264891448275,1.4816917027945196,8.902845042640767
2025-05-02 02:00:00,198.39156811545806,60.23805983542586,38.11927424963962,296.7489022005235,1.4957737620573892,11.815826086183325
2025-05-02 03:00:00,244.92533442814707,96.82946667694915,43.11156277985191,384.86636388494816,1.5713620021527628,5.504410817413523
2025-05-02 04:00:00,195.11872711678618,77.12086794282389,39.11919119345221,311.35878625306225,1.5957401468015002,3.983576623937417
2025-05-02 05:00:00,209.34271782619396,82.0380245941493,31.768786222846582,323.14952864318985,1.5436387374672549,5.707359525695803
2025-05-02 06:00:00,242.0183996182909,85.199799166701,51.34526193693534,378.56346072192724,1.5641928932634621,4.464941867563674
2025-05-02 07:00:00,268.5708606542935,97.96385348050094,37.162663098976985,403.69737723377136,1.503131710753289,4.056125678564877
2025-05-02 08:00:00,285.53734135813505,104.69662537147012,33.19889964410403,423.4328663737092,1.482933420755707,1.7566610520292392
2025-05-02 09:00:00,316.7597391054719,80.50894779908307,46.899412925430674,444.1680998299857,1.4022239729212886,2.4033613058779566
2025-05-02 10:00:00,321.0089213903886,109.94261528188875,41.982600184502864,472.93413685678024,1.4732741221283094,3.4084443081081512
2025-05-02 11:00:00,347.0880651365179,114.97129507581683,38.96713580368932,501.02649601602405,1.4435140425210486,2.781926105164552
2025-05-02 12:00:00,336.28477617128533,105.88171042835572,38.87492985741205,481.0414164570531,1.430458499887716,5.432657623328211
2025-05-02 13:00:00,390.7999555837632,128.0187391305169,28.990521309969004,547.8092160242492,1.4017637622449344,9.42982741786668
2025-05-02 14:00:00,377.72980183961533,120.28964137134741,42.70294910495672,540.7223923159195,1.4315057739222574,5.082431273404124
2025-05-02 15:00:00,365.1988467818906,134.4031513742811,43.15618721509934,542.758185371271,1.4861990670398393,6.3032463693775105
2025-05-02 16:00:00,359.7149696789417,131.45624842980922,42.20607239968107,533.377290508432,1.4827775752132029,7.896534537662486
2025-05-02 17:00:00,356.1608472739845,128.93130920545346,50.95349037550542,536.0456468549434,1.5050661827592144,12.666904660315515
2025-05-02 18:00:00,419.8790168527463,148.89673751318205,57.28160562053,626.0573599864583,1.491042264219695,7.19783496559248
2025-05-02 19:00:00,343.85867912450885,129.70149569563657,35.71323128107664,509.27340610122206,1.4810543895471013,8.53739492835793
2025-05-02 20:00:00,335.6513332121619,128.9752297048125,41.15563389113396,505.7821968081084,1.506867832067893,12.248405620227816
2025-05-02 21:00:00,283.17161628152394,96.12997771921201,45.15308452495313,424.454678525689,1.4989308748504797,12.544859647599392
2025-05-02 22:00:00,286.79179580165265,110.01095177451961,38.46296583103539,435.2657134072076,1.5177062934821213,10.140563829005787
2025-05-02 23:00:00,238.11021011400123,102.91743904876456,32.06114262965363,373.08879179241944,1.5668743965821281,11.502744663891525
2025-05-03 00:00:00,199.94966472793018,91.48287415395782,33.753133328805916,325.18567221069395,1.626337671799407,9.508355380327881
2025-05-03 01:00:00,207.1007595125747,77.96565578869001,45.36527665157858,330.4316919528433,1.5955117341459109,8.836905718967655
2025-05-03 02:00:00,181.13216493971856,56.54869124142299,26.423801647796676,264.10465782893823,1.4580770782308774,6.486046194346815
2025-05-03 03:00:00,201.96340406322537,91.30917917066662,45.15830341283629,338.43088664672825,1.6757040128952334,9.240901568233383
2025-05-03 04:00:00,163.3925211773288,56.53593965719546,28.576689868953427,248.50515070347768,1.5209089676373664,6.492258252602837
2025-05-03 05:00:00,187.3953180802293,52.700170443897505,36.34484056384526,276.44032908797203,1.475172015608309,5.831977533733464
2025-05-03 06:00:00,199.98825168113206,57.26129196329469,29.5094035485862,286.75894719301294,1.433878964301518,5.331895979175999
2025-05-03 07:00:00,242.4006613417984,78.16669787212564,27.089313751157647,347.6566729650817,1.4342232856983277,2.5926054711762156
2025-05-03 08:00:00,264.04283355835474,78.15044174135889,36.44268474147518,378.6359600411888,1.4339944581662294,3.141315961363986
2025-05-03 09:00:00,239.57330783029076,78.18745314637711,29.298903087224716,347.05966406389257,1.4486574786108606,2.025146922619161
2025-05-03 10:00:00,264.3525018583031,81.81119245244444,41.65030181128028,387.81399612202785,1.4670335759859838,3.5644668304646916
2025-05-03 11:00:00,300.2875754770695,97.67205029966277,39.418414339942856,437.3780401166751,1.456530592122597,3.1332963482651097
2025-05-03 12:00:00,293.9023451392505,114.68973373331005,35.04806492135813,443.6401437939187,1.5094814693762402,6.184981999305645
2025-05-03 13:00:00,334.6028086916436,124.97322986503288,42.44746339622632,502.0235019529028,1.5003565090081097,4.156265920694152
2025-05-03 14:00:00,310.3942332119906,106.02341136263406,38.11724146306681,454.5348860376915,1.4643792873795334,5.486041151202625
2025-05-03 15:00:00,333.8648570180011,122.73832810713489,43.561870181424204,500.16505530656013,1.4981063289317467,8.010829206786607
2025-05-03 16:00:00,311.92738424738496,104.51970001353753,44.771481144515775,461.2185654054383,1.4786087682498974,7.070781984892232
2025-05-03 17:00:00,285.1131963125173,89.90210688087144,32.59532441583548,407.6106276092242,1.42964490202844,8.934006651411078
2025-05-03 18:00:00,343.8821240605069,118.81605207581535,42.97444892858398,505.6726250649062,1.4704824405933117,10.67602368064311
2025-05-03 19:00:00,276.8196799993584,105.64595494122909,39.366339003409934,421.83197394399747,1.5238511002721162,8.8037442826103
2025-05-03 20:00:00,285.8086884262187,103.7587081201468,45.067497164705614,434.63489371107113,1.5207196677762014,10.820450820633232
2025-05-03 21:00:00,221.8696857892574,86.23546385962602,34.362705560810596,342.467855209694,1.5435540641409957,9.341126030457238
2025-05-03 22:00:00,263.0060201905553,89.53797537444855,49.33188419598625,401.8758797609901,1.5280101933401358,12.83772692347718
2025-05-03 23:00:00,226.56744057514868,84.05190406997197,41.04305049817308,351.66239514329374,1.5521312076024143,9.455529713323173
2025-05-04 00:00:00,192.4428770282887,51.30948846533599,31.377993759055443,275.13035925268014,1.4296728644949355,11.536373676671808
2025-05-04 01:00:00,201.85331927670103,72.72604812068083,37.750586234532285,312.3299536319142,1.5473114574042328,9.367429600862927
2025-05-04 02:00:00,155.4429265798209,70.05482758642856,27.930970078500444,253.4287242447499,1.6303651109824717,4.963125304708143
2025-05-04 03:00:00,180.9385603420069,70.7525593083884,36.27602810527329,287.9671477556686,1.5915189510260175,8.654702438398576
2025-05-04 04:00:00,165.9184396327359,61.21733200699293,29.40366874428129,256.5394403840101,1.546177995356428,7.489214108917289
2025-05-04 05:00:00,190.73169644602467,73.10762770866438,48.211808552683095,312.0511327073722,1.636073806933709,3.9453209100053392
2025-05-04 06:00:00,195.2001042365076,86.38381268801504,42.342900368922606,323.92681729344525,1.6594602680179427,4.696192767595734
2025-05-04 07:00:00,173.2670957068824,40.47432380314539,40.633115330565886,254.37453484059367,1.468106415720856,2.1228799488775962
2025-05-04 08:00:00,222.39635632447403,78.06070766091878,46.426874659271846,346.8839386446646,1.5597554940988534,3.370588538815986
2025-05-04 09:00:00,251.83465471383823,96.9327743710526,38.47462583206871,387.24205491695955,1.5376837447450822,2.7120489118814954
2025-05-04 10:00:00,252.19142728789322,93.04386322137283,38.813557464235174,384.0488479735012,1.522846561850352,4.367771751010114
2025-05-04 11:00:00,312.10716103021747,111.20790643900948,44.077631888730615,467.39269935795755,1.497539171530594,3.3852437049633606
2025-05-04 12:00:00,314.80618151894885,119.88251154516347,42.56796192641666,477.256654990529,1.5160333024204034,9.058316539570693
2025-05-04 13:00:00,311.0428536600473,119.75875385767561,40.28338935700783,471.08499687473073,1.5145340628516761,3.6924280532654477
2025-05-04 14:00:00,330.28953983721067,113.06336956842259,35.37670243753106,478.72961184316426,1.4494240782772443,7.0608256079802825
2025-05-04 15:00:00,307.81752963309754,107.70929848379444,33.786236173723296,449.3130642906153,1.4596734137466865,10.132652169802324
2025-05-04 16:00:00,325.5567534410235,95.84206296275093,42.19240350264918,463.5912199064236,1.4239950945769764,5.186443162690843
2025-05-04 17:00:00,295.4196129691863,92.43512033371715,40.88520332611592,428.7399366290194,1.451291376086594,7.741203568981387
2025-05-04 18:00:00,302.45916514885494,137.41703219766677,42.331274681671395,482.20747202819314,1.5942895028189186,8.54963421750522
2025-05-04 19:00:00,285.90308427559125,109.78405699292567,42.35817163481484,438.04531290333176,1.5321461606936904,9.284187329919405
2025-05-04 20:00:00,256.33060931167614,87.59502727795218,43.96126971751346,387.88690630714177,1.5132289793588576,12.865084239484409
2025-05-04 21:00:00,247.8208499700749,83.86920582749443,47.483346958325605,379.173402755895,1.5300302730850988,11.978323853656638
2025-05-04 22:00:00,242.1264131932263,87.24982269760665,38.08164687845959,367.45788276929255,1.5176282418888634,11.692092964016659
2025-05-04 23:00:00,208.38238292690116,90.0130007297872,24.856965650901493,323.25234930758984,1.5512460543316857,9.832591089026092
2025-05-05 00:00:00,242.33484141679085,108.3833500101262,41.74581593988927,392.4640073668063,1.619511272387815,10.95521874934602
2025-05-05 01:00:00,198.80201415259498,69.12748490320726,30.859700742921653,298.78919979872387,1.5029485544818548,10.083315387527064
2025-05-05 02:00:00,197.0721267859942,55.780355977138754,29.795572110407004,282.64805487353993,1.434236588822502,7.045342365245724
2025-05-05 03:00:00,207.18942722607557,65.7540336341023,39.48260496745084,312.4260658276287,1.5079247527757473,6.07257695663295
2025-05-05 04:00:00,197.91392953153274,54.54523402411198,28.445408833284034,280.9045723889287,1.419326942039082,5.348810155468779
2025-05-05 05:00:00,233.88189785337178,71.97581329271772,36.240388345268556,342.0980994913581,1.4626959274369775,3.9629654686974787
2025-05-05 06:00:00,248.22048628089348,92.3013876773612,45.188187454442044,385.71006141269675,1.5539009982287122,4.072961302500859
2025-05-05 07:00:00,259.43797414251094,86.44175852475584,37.37361565303544,383.2533483203023,1.4772446076447496,5.336041502301587
2025-05-05 08:00:00,287.690738891469,102.51699563995547,42.29129952263209,432.4990340540565,1.5033470862515887,3.956045133687174
2025-05-05 09:00:00,308.2410031713041,98.45346854684482,51.78707395158203,458.48154566973096,1.4874125796136572,2.6296618065483495
2025-05-05 10:00:00,335.46587363958105,111.35880720315326,47.57688948102104,494.4015703237554,1.4737760504811652,2.8456661505758962
2025-05-05 11:00:00,336.19045037946194,129.91524777440276,38.11308881925756,504.21878697312223,1.4998010395714834,5.4608273988145335
2025-05-05 12:00:00,337.10654043623583,118.84111615391609,37.072385352138,493.02004194228994,1.4625051216873242,7.503906828808525
2025-05-05 13:00:00,382.0877743916853,132.21905637956183,34.7986595773383,549.1054903485855,1.4371187123765108,6.219656103299868
2025-05-05 14:00:00,384.4462015414015,146.88287861141248,36.94277349292715,568.2718536457411,1.4781570252672744,7.320664183103419
2025-05-05 15:00:00,382.3798048295051,140.63954793383752,42.92819511655917,565.9475478799018,1.4800665221643847,9.422437892168356
2025-05-05 16:00:00,390.02125018730686,130.6672899874735,43.958156689183845,564.6466968639643,1.447733159649106,11.539544795770254
2025-05-05 17:00:00,377.4354145014311,132.533599471004,51.46632272854351,561.4353367009787,1.4875004176346307,11.882542970425703
2025-05-05 18:00:00,341.37017230786813,133.37605068804993,41.04979387723454,515.7960168731526,1.5109580704900507,9.384708567673485
2025-05-05 19:00:00,358.38256172940237,118.5471597176824,49.831230052303525,526.7609514993883,1.4698286349577478,9.419654249067356
2025-05-05 20:00:00,318.51865166432066,104.72111112909542,33.73341918296647,456.97318197638253,1.4346826460196618,10.496401862739255
2025-05-05 21:00:00,293.5633204503207,94.8059774876487,42.44078528052016,430.8100832184896,1.467520133501811,10.868556766335574
2025-05-05 22:00:00,303.7477392670268,111.3125864661558,45.02561115435988,460.08593688754246,1.5146974854784931,9.734319169153132
2025-05-05 23:00:00,237.89012502836113,71.21757764905988,40.936905828475204,350.04460850589624,1.471454977225995,10.354020504715239
2025-05-06 00:00:00,224.52594063676767,84.57951322162835,25.948297290251435,335.05375114864745,1.4922718960598358,10.526531601293401
2025-05-06 01:00:00,220.50500082407694,74.14288735008574,33.63689870242191,328.2847868765846,1.4887861302451657,7.770221562384178
2025-05-06 02:00:00,229.57597932840585,77.10781776329472,28.429919253531622,335.1137163452322,1.4597072277577254,8.024568696181632
2025-05-06 03:00:00,215.77224919715775,65.08873306495296,43.940987367800446,324.8019696299112,1.505300013502337,5.691226980830433
2025-05-06 04:00:00,213.2509815386353,63.67565185777296,39.378705660405416,316.30533905681364,1.4832538484682551,5.84206532794677
2025-05-06 05:00:00,204.34425328507442,64.28497667316525,38.11002452145567,306.7392544796953,1.5010906817710834,7.045406638317915
2025-05-06 06:00:00,212.44139267754795,67.15607354558837,52.7439439941176,332.34141021725395,1.5643910352333974,6.138391758818412
2025-05-06 07:00:00,278.92237208042,102.73043636975446,40.39369306780353,422.046501517978,1.5131324833143607,3.303079092540706
2025-05-06 08:00:00,257.8849025772448,86.48553429649446,38.318867603200225,382.68930447693947,1.483953890485356,2.9452021865964837
2025-05-06 09:00:00,311.0539864290244,128.9618539394047,38.11864783224645,478.13448820067555,1.5371430975367846,5.392298454262629
2025-05-06 10:00:00,339.0101357888758,112.28292949925493,36.18633143970649,487.4793967278372,1.4379493273659023,2.4745646480171315
2025-05-06 11:00:00,353.8636030179666,142.21975603597517,49.806565983415176,545.889925037357,1.5426563240233573,4.219925408816555
2025-05-06 12:00:00,375.9561174886556,141.83457816599395,40.10396185494978,557.8946575095994,1.483935575343933,5.518021579450371
2025-05-06 13:00:00,389.78488194947374,136.55065371546843,47.04101021956157,573.3765458845038,1.4710076568819523,4.154645334880687
2025-05-06 14:00:00,358.6674794024435,142.9683250014904,42.41226687589615,544.0480712798301,1.5168592150764244,5.843654043368506
2025-05-06 15:00:00,392.3341749772993,159.7168467031176,47.50971695284186,599.5607386332587,1.5281889187143833,8.163647490924161
2025-05-06 16:00:00,387.1763732239472,129.58999029817068,46.19487644556526,562.9612399676831,1.454017545750551,7.936944963738548
2025-05-06 17:00:00,389.1723271058685,150.2083298615199,60.380685279123945,599.7613422465123,1.5411202196896088,6.479307983007726
2025-05-06 18:00:00,357.4976120404915,142.37249948024197,46.785836533800065,546.6559480545335,1.5291177609114133,8.68155227491918
2025-05-06 19:00:00,367.6364767109384,119.20243543171681,61.68674322484493,548.5256553675001,1.4920327282942316,10.988619769065986
2025-05-06 20:00:00,326.8822489061171,116.82372977710689,40.14127550267582,483.8472541858998,1.4801882200855274,11.324761034453056
2025-05-06 21:00:00,287.8230491437211,91.99639514863922,40.77075246397881,420.59019675633914,1.4612804568904496,10.778134079626973
2025-05-06 22:00:00,254.9069356281242,88.83048584456698,31.64263425736304,375.3800557300542,1.472616093418833,12.230482116261706
2025-05-06 23:00:00,285.3646272896681,119.62510442161557,42.43758788508336,447.427319596367,1.5679144393120323,11.249247739618202
2025-05-07 00:00:00,206.79373929374248,53.767877150718924,35.51214180717303,296.0737582516344,1.4317346321160773,8.870148544861346
2025-05-07 01:00:00,231.64765256678675,69.09920889426336,36.457386658733206,337.2042481197833,1.4556773806398204,12.640015916777966
2025-05-07 02:00:00,248.53226323274737,91.98797264057923,40.40847428972648,380.9287101630531,1.5327133194225093,8.207367489784588
2025-05-07 03:00:00,198.74820134587372,85.09424505534446,38.734276039443266,322.57672244066146,1.623042222552212,5.658135143918414
2025-05-07 04:00:00,230.5933648594595,73.20135948207476,35.900420140503165,339.69514448203745,1.4731349476992652,4.113035869173053
2025-05-07 05:00:00,230.31758673926035,96.98986019287292,43.83166714806127,371.1391140801946,1.611423249672881,3.5345024538105863
2025-05-07 06:00:00,253.18889460404722,79.7209535338138,27.353839115816648,360.26368725367763,1.4229047755711433,6.6214998586450005
2025-05-07 07:00:00,237.94532348536586,92.917652106178,37.73331938332741,368.5962949748713,1.5490798036110205,2.522801818913006
2025-05-07 08:00:00,271.5171406726337,96.98071825117607,37.322840184505814,405.8206991083156,1.4946411784647171,1.5946573814197593
2025-05-07 09:00:00,286.7445422555777,110.55981197164644,28.661425958044838,425.965780185269,1.4855235842836105,5.282350752092778
2025-05-07 10:00:00,327.8737021555226,113.07181619229749,36.928416835084896,477.873935182905,1.4574939436778365,4.540645718588637
2025-05-07 11:00:00,365.1748444227611,114.44179372976055,32.84037637786835,512.45701453039,1.403319594317732,4.495300901088127
2025-05-07 12:00:00,363.64171931583616,134.98668028982613,49.30468190026528,547.9330815059275,1.506793781903851,3.993048613268993
2025-05-07 13:00:00,348.5853820693818,129.81389690623362,36.48402970732276,514.8833086829382,1.4770651185265615,4.928408213008527
2025-05-07 14:00:00,395.696494151252,134.79166683978056,38.435471788827996,568.9236327798606,1.4377777948227002,7.192164274157647
2025-05-07 15:00:00,409.2331126341303,143.0033342890142,39.014024623405156,591.2504715465496,1.4447767135479814,8.838544209053543
2025-05-07 16:00:00,352.64135905123476,131.34984542190423,52.676503367458,536.6677078405969,1.521851291874772,8.171814390772784
2025-05-07 17:00:00,378.029841109161,132.2514366776868,46.0491411515252,556.330418938373,1.4716574154729902,9.858559428477243
2025-05-07 18:00:00,363.2604611326665,130.44639831254207,34.61778002267666,528.3246394678853,1.4543962142770492,7.682904138351464
2025-05-07 19:00:00,311.5825833502743,116.7783427730545,41.060244794354126,469.4211709176829,1.5065706364914817,11.554367040977384
2025-05-07 20:00:00,326.0087979868999,131.7055064046845,39.82805567792523,497.54236006950964,1.5261623708986607,12.629640819517924
2025-05-07 21:00:00,326.0254947273825,126.063567581883,43.41525476861934,495.5043170778848,1.519833034812869,11.800501303225285
2025-05-07 22:00:00,267.9784177600928,97.64382939642677,42.86046301699233,408.4827101735119,1.5243119710453898,11.027335038107918
2025-05-07 23:00:00,257.23836748424986,105.30992516138059,37.6467813058126,400.1950739514431,1.55573633072425,9.728531685555527
2025-05-08 00:00:00,243.4318678293982,84.85315232277982,39.70057543940036,367.9855955915784,1.5116574459736303,7.649720620292293
2025-05-08 01:00:00,238.86047367374692,80.98293008522464,31.614915013732123,351.4583187727037,1.471395888014319,10.363808259393274
2025-05-08 02:00:00,212.14482761018036,86.24478931200052,37.61140960252829,336.0010265247092,1.5838285114455708,6.803031678807456
2025-05-08 03:00:00,183.78564209864817,59.52661791458773,30.634360429236327,273.94662044247224,1.4905768335016594,3.578266185200777
2025-05-08 04:00:00,218.82786511111468,78.17236522634849,39.89875124553423,336.8989815829974,1.539561615756428,3.2272069415816262
2025-05-08 05:00:00,253.71352276592438,73.81784867389223,37.660877480261014,365.19224892007765,1.439388192394472,1.9525951213747557
2025-05-08 06:00:00,251.39446136315155,79.98624919035592,37.99520332280365,369.37591387631113,1.4693080821010198,7.785474013004005
2025-05-08 07:00:00,262.77281221864666,93.25737595164797,39.70910884422162,395.7392970145163,1.5060130980568551,2.1002055423911647
2025-05-08 08:00:00,279.88949997556665,83.51761289314909,46.03234537844121,409.43945824715695,1.4628610872608638,1.650939744391435
2025-05-08 09:00:00,290.32065901326536,106.83623775686459,39.03607782645323,436.19297459658316,1.5024524127187675,1.9264545396624178
2025-05-08 10:00:00,322.65252964538314,114.98473287941582,37.65612827910809,475.2933908039071,1.4730812472671035,1.9595883282615938
2025-05-08 11:00:00,345.3186519069494,119.2936557213085,42.67122553026664,507.2835331585245,1.4690302141432505,4.048081323046595
2025-05-08 12:00:00,374.03713476720657,145.79652997248508,41.546256626510754,561.3799213662023,1.500866810231541,5.460541477560024
2025-05-08 13:00:00,394.3701594623388,135.3237840242606,40.998949442446225,570.6928929290457,1.4470995820451906,8.35222727777505
2025-05-08 14:00:00,412.3070077121441,142.32275406148742,32.856335114884615,587.4860968885162,1.424875362047387,4.430661752352745
2025-05-08 15:00:00,383.580051497365,121.71979684663913,41.27992165187022,546.5797699958744,1.42494315818097,5.670170588361739
2025-05-08 16:00:00,384.4731378221638,129.77392359321203,43.19049678941204,557.4375582047878,1.449873875096647,8.186662482210952
2025-05-08 17:00:00,374.9712253683446,124.05239254439437,42.39510615089856,541.4187240636376,1.4438940575554484,11.032868326953265
2025-05-08 18:00:00,352.9218035649797,118.53069397381351,42.627146023092294,514.0796435618855,1.4566389448568982,10.930287639402755
2025-05-08 19:00:00,322.2712528248895,105.44143589527212,40.45912425807224,468.17181297823385,1.452725953290725,11.577879495486384
2025-05-08 20:00:00,302.97126965646373,96.85688359469592,40.76195540782402,440.59010865898364,1.4542306574434092,10.599630815405702
2025-05-08 21:00:00,294.31461136766717,113.66721545915625,31.886323766912227,439.86815059373566,1.49455084322755,13.649318263800344
2025-05-08 22:00:00,267.5233079420591,89.20686496778032,26.203746409052947,382.9339193188924,1.4314039485555001,11.85498723986069
2025-05-08 23:00:00,238.46470269601232,78.32994598883487,38.26045104734347,355.0550997321906,1.4889209837684207,12.587613105671437
2025-05-09 00:00:00,264.24151021277606,107.69069803966563,29.64639180481935,401.57860005726104,1.5197407846098692,7.3222387636361255
2025-05-09 01:00:00,235.3494402146164,71.67747889634913,41.25591122263878,348.2828303336043,1.4798540842757193,11.913041371460684
2025-05-09 02:00:00,207.42588805579646,67.05549586849715,34.203375236935045,308.6847591612286,1.4881689168817445,9.703286265863536
2025-05-09 03:00:00,196.3888508086715,72.84792655401486,40.895649931766016,310.1324272944523,1.5791753249607514,7.188738703531517
2025-05-09 04:00:00,203.6376476991975,82.48058106585653,36.81051815433024,322.92874691938425,1.585800811235048,6.306871095137299
2025-05-09 05:00:00,197.00821227681408,69.80888837664826,20.390611421142143,287.20771207460444,1.4578463951089107,4.123429656837129
2025-05-09 06:00:00,236.33070140185683,96.17095038105326,46.20170640468629,378.70335818759634,1.6024297983343645,5.613719243262068
2025-05-09 07:00:00,240.11445160200861,91.8947572635424,40.67610958521657,372.6853184507676,1.5521153181920768,3.8578261135682057
2025-05-09 08:00:00,315.74995666699385,104.80884341731635,34.45298838793933,455.0117884722495,1.4410509926122599,2.7424945631822215
2025-05-09 09:00:00,312.4780759287699,124.38359035408591,44.99132361268869,481.8529898955445,1.54203775245142,5.829922335161575
2025-05-09 10:00:00,305.3287147681961,98.0814948234644,38.22458402420703,441.6347936158676,1.4464240415486447,2.432312502888764
2025-05-09 11:00:00,347.2199118055311,133.1138412067013,41.916269205845424,522.2500222180779,1.5040900722035107,0.739183639778259
2025-05-09 12:00:00,358.0716331647202,120.19324662883574,31.78243661810169,510.0473164116576,1.4244281567454564,4.080822554343786
2025-05-09 13:00:00,390.169815223738,144.65203999052156,37.85541144981445,572.6772666640741,1.4677641486327677,5.25041704438551
2025-05-09 14:00:00,390.22862623216065,126.30054331104094,33.968319008838684,550.4974885520402,1.4107050368583929,7.101627299244897
2025-05-09 15:00:00,426.03610165743345,155.45765426200703,45.54036700399834,627.0341229234388,1.4717863591466798,10.246731805672798
2025-05-09 16:00:00,359.1179770619091,112.55815265943673,37.509218564951645,509.1853482862974,1.4178776357901959,9.311485077358151
2025-05-09 17:00:00,382.48568264742676,135.86619571565427,38.35018659100176,556.7020649540827,1.4554847154037076,9.240351443195694
2025-05-09 18:00:00,345.4673473988873,117.18667012924428,36.74297225862871,499.3969897867603,1.445569294889514,12.470679539793577
2025-05-09 19:00:00,328.66840558666155,112.22277495666965,42.76464646130445,483.6558270046356,1.4715616675759478,9.625412627947128
2025-05-09 20:00:00,328.1999030569208,99.11263545483355,50.301432975599326,477.61397148735364,1.4552532375505287,11.659057144870452
2025-05-09 21:00:00,321.3679193351566,110.4409499181709,47.59612417503531,479.40499342836284,1.491763690726044,12.793745784333346
2025-05-09 22:00:00,263.0870884879763,83.7543349546652,43.398936234988255,390.2403596776297,1.4833124723848417,11.811799421003409
2025-05-09 23:00:00,238.20478272878375,80.21551963335371,36.24715196885524,354.6674543309927,1.488918275561291,9.264764894382566
2025-05-10 00:00:00,200.30635130691556,64.57661994428946,44.499572937444704,309.3825441886498,1.544546851210945,11.90587759281074
2025-05-10 01:00:00,157.2238961006698,44.70722685269084,24.232055709326595,226.16317866268724,1.438478401005124,10.509970538124206
2025-05-10 02:00:00,163.83434667482638,40.0,39.020647133697395,242.85499380852377,1.482320397019895,11.80094426091523
2025-05-10 03:00:00,214.21348585006604,77.22588169053371,37.65725433886296,329.0966218794627,1.5363020706819857,8.79302570027934
2025-05-10 04:00:00,197.04185534842935,64.20551599269777,40.49873982585258,301.7461111669797,1.5313807852316539,7.803877116081537
2025-05-10 05:00:00,152.7292645509145,62.11210135081791,46.03752151231835,260.8788874140508,1.7081132956486085,5.035523788711114
2025-05-10 06:00:00,220.6755052704008,75.8335978202806,39.11857753436467,335.627680625046,1.5209104436570366,4.3946299755360805
2025-05-10 07:00:00,191.5004181974298,85.44128923661467,46.57155721452382,323.5132646485683,1.6893606170355102,3.6641330534493095
2025-05-10 08:00:00,224.94540710843805,90.14189042228277,32.19836060643959,347.28565813716045,1.5438664100829878,3.9889072767131855
2025-05-10 09:00:00,229.9941879957232,89.08194518591486,38.445755468174546,357.5218886498126,1.554482275249759,4.633045161526322
2025-05-10 10:00:00,262.6369206213827,95.73388272602992,27.67589179343043,386.0466951408431,1.4698873799901417,4.731998348261323
2025-05-10 11:00:00,278.24903717576314,110.34612347161445,38.25875037336007,426.85391102073766,1.5340714755145926,5.18404262257071
2025-05-10 12:00:00,331.51237895765564,109.61371524150148,51.87791424988821,493.00400844904533,1.4871360460178085,5.619056657714948
2025-05-10 13:00:00,309.6188286378434,100.39121725263198,43.31205087301055,453.32209676348594,1.4641296162699786,7.2102299126615685
2025-05-10 14:00:00,303.8667194808082,108.96495534587093,42.255058263873735,455.0867330905528,1.497652437450609,8.604669513318411
2025-05-10 15:00:00,306.7535430561569,114.91246371671782,36.05259876781816,457.71860554069286,1.4921379586376906,4.464113341036023
2025-05-10 16:00:00,324.8101106594762,112.56808957506604,37.7493395793245,475.12753981386675,1.4627855606132287,10.174824749683225
2025-05-10 17:00:00,307.858215041078,106.94166680077103,41.43000820196366,456.2298900438127,1.4819480778933811,8.46150093328888
2025-05-10 18:00:00,301.7210154988806,86.35502217172939,38.20086489108181,426.2769025616918,1.4128180692248575,9.975947951242132
2025-05-10 19:00:00,296.20778961519136,95.7483853401558,24.44791705775536,416.4040920131025,1.4057837322713904,9.52564895385822
2025-05-10 20:00:00,246.9711077298316,68.77353433345327,33.93263847864867,349.67728054193356,1.4158631094794094,9.784863849936116
2025-05-10 21:00:00,253.55914949585576,96.11865225143761,49.552007582108004,399.22980932940135,1.5745036616630805,9.581432486457523
2025-05-10 22:00:00,234.42150177676842,66.4253418280872,36.95910296884489,337.8059465737005,1.4410194628621633,12.90950273882276
2025-05-10 23:00:00,224.52513164605068,89.82830228853788,33.34099420981103,347.6944281443996,1.5485768813288898,14.61800713503885
2025-05-11 00:00:00,172.49201260974843,66.73262046371211,28.852284329230237,268.0769174026908,1.5541410488913292,7.581258272448176
2025-05-11 01:00:00,164.59119814563203,51.54464495938643,32.678713695098935,248.8145568001174,1.5117124099185648,9.460740987399012
2025-05-11 02:00:00,169.65019355983605,58.24465004699253,26.52779007618729,254.4226336830159,1.499689616288474,11.218175986809186
2025-05-11 03:00:00,176.88130598168772,64.77295180668973,36.78756957753755,278.441827365915,1.5741732899390832,6.324876024653384
2025-05-11 04:00:00,151.21880416585947,59.82460650987973,39.04152643386326,250.08493710960246,1.653795230620293,8.567743067982017
2025-05-11 05:00:00,139.950212255245,53.370355210475346,26.877590689204027,220.19815815492436,1.5734035312023749,6.52051737797918
2025-05-11 06:00:00,198.26374843883823,63.24004320619291,42.07399879683559,303.57779044186674,1.5311815338521984,3.8775365909035244
2025-05-11 07:00:00,224.34203388200535,92.53900995372801,25.222784622332025,342.1038284580654,1.5249207762732413,3.77782126805701
2025-05-11 08:00:00,249.35023977253883,112.8645246763593,28.982823857635154,391.19758830653325,1.5688679050936136,6.496312950880247
2025-05-11 09:00:00,229.19072867406706,78.53979869335204,31.256247290326318,338.9867746577454,1.4790597185971674,2.918831327309979
2025-05-11 10:00:00,273.83282168342635,94.27882300406428,42.06670749517765,410.1783521826683,1.4979152230950195,6.855121548692939
2025-05-11 11:00:00,291.6858670779762,109.74835481525061,34.9025035046461,436.3367253978729,1.4959131540001125,1.9371278030900103
2025-05-11 12:00:00,306.5131360418086,99.23239075626995,42.0210082253046,447.7665350233832,1.4608396260129861,5.833200214149587
2025-05-11 13:00:00,337.10502791052687,127.9389079686314,46.76448064324528,511.80841652240355,1.5182461670617555,5.881052869943877
2025-05-11 14:00:00,318.00929478548534,105.12173601226644,37.020651814486705,460.1516826122385,1.4469755763668355,5.544566658910386
2025-05-11 15:00:00,317.11239161297874,105.73575959354372,34.355790457447306,457.2039416639698,1.4417725505409023,8.092346107674372
2025-05-11 16:00:00,316.04004275323666,129.01045918899206,42.88297449946006,487.93347644168875,1.5438976409159206,10.936271293388897
2025-05-11 17:00:00,310.35164482013164,110.67646532703041,27.574599781319016,448.6027099284811,1.4454658688484627,7.43502123143349
2025-05-11 18:00:00,291.0305600091579,91.55441057834912,44.715873932858706,427.30084452036573,1.4682335920561738,9.436127498667837
2025-05-11 19:00:00,256.720161056031,93.9296245157845,42.976768913442434,393.6265544852579,1.5332903846197967,10.72391638313926
2025-05-11 20:00:00,270.66265356255656,83.21514970374291,30.81314031412042,384.69094358041986,1.42129303218225,12.531615074341303
2025-05-11 21:00:00,247.34861878280074,78.78098013068796,30.938039676293915,357.06763858978263,1.4435804830724657,12.442501057800099
2025-05-11 22:00:00,218.9799139390244,43.25341351836552,34.23424316138426,296.4675706187742,1.353857371143759,9.140914341465892
2025-05-11 23:00:00,217.83523541582747,53.370330461268544,44.56784981034723,315.7734156874433,1.449597513848762,10.615345805759445
2025-05-12 00:00:00,234.3208743121885,73.46064225345826,39.373628891207176,347.1551454568539,1.4815374280070968,10.345246241944247
2025-05-12 01:00:00,168.50518135998107,64.7042207336127,26.612635327649834,259.82203742124364,1.5419231344950783,11.444335871014133
2025-05-12 02:00:00,173.260297646197,40.0,29.028417251430657,242.28871489762764,1.3984087421596658,7.4453413810670614
2025-05-12 03:00:00,199.33512716549467,68.85714789239852,43.90673777785648,312.0990128357497,1.565700021234264,10.186562862481837
2025-05-12 04:00:00,229.34546284111028,72.82282369416696,53.16877334099835,355.3370598762756,1.5493529083784485,5.013941853722003
2025-05-12 05:00:00,200.5610572723801,58.63623342672055,31.203207657451934,290.4004983565526,1.4479406037542093,6.35308276015006
2025-05-12 06:00:00,261.7377260566685,88.32955777045963,53.49184377542338,403.55912760255154,1.5418454713524081,4.704766430221583
2025-05-12 07:00:00,266.27232097936843,80.96590375968626,36.115105501569225,383.3533302406239,1.4397040174157916,4.585865428187711
2025-05-12 08:00:00,250.18852151295906,84.9881004611838,31.50436648044986,366.6809884545927,1.4656187511608108,4.314701595663086
2025-05-12 09:00:00,293.5602840481622,93.71530955439847,35.038911391954066,422.3145049945147,1.438595504714898,4.308837582696416
2025-05-12 10:00:00,315.81113874817487,108.4918980897286,49.73090100502816,474.0339378429316,1.5010044918679144,2.7863446903549525
2025-05-12 11:00:00,367.1141737768738,150.89845981810498,32.94535864003128,550.95799223501,1.5007810419487468,3.9492367147618186
2025-05-12 12:00:00,362.9475088873682,132.94418603087038,35.43647092041485,531.3281658386535,1.4639256444202184,2.952732291504425
2025-05-12 13:00:00,386.5628274171027,127.23569006467525,42.44865882744091,556.2471763092188,1.4389567150724145,7.037069046199646
2025-05-12 14:00:00,380.10088975058034,141.96208165013016,40.12413914353405,562.1871105442445,1.4790470785615577,6.463208749431997
2025-05-12 15:00:00,366.14915255833057,127.16014785229835,42.910956358427335,536.2202567690563,1.4644858605363889,6.590022346778827
2025-05-12 16:00:00,418.3943204584506,155.05942712047928,42.8854273603377,616.3391749392677,1.4731059787425445,7.4818185235559005
2025-05-12 17:00:00,359.55589025115506,120.19377590723265,36.52480448763587,516.2744706460236,1.4358670922770818,11.195750746577623
2025-05-12 18:00:00,357.0818370014116,129.68821898692659,38.962622115365825,525.732678103704,1.472303051083569,11.773421352938435
2025-05-12 19:00:00,348.6281401294917,106.25399360323046,49.57924584889237,504.46137958161455,1.4469898482498897,10.735682628593517
2025-05-12 20:00:00,279.7210004995837,90.5195124383291,42.600189275052585,412.84070221296537,1.4759017073284773,14.46629225565334
2025-05-12 21:00:00,306.62537032679796,117.08689465913407,40.17532097682929,463.88758596276136,1.512880638247106,10.964557687632995
2025-05-12 22:00:00,257.9261677341976,83.69067572541726,35.06792921887464,376.6847726784895,1.4604364341452822,9.938940261727799
2025-05-12 23:00:00,284.4001973854247,107.4232084455765,40.36712020815256,432.1905260391538,1.519656209849393,8.718816058534507
2025-05-13 00:00:00,222.2726294611353,75.25101671046127,34.50691927232377,332.03056544392035,1.4937987022913066,10.15058804247746
2025-05-13 01:00:00,213.07860995460746,60.72436874236398,34.67159923650705,308.4745779334785,1.4477031645700777,10.646020978920518
2025-05-13 02:00:00,199.95667501481262,57.954413072992764,41.715804437345,299.6268925251504,1.4984590662099893,8.07575004914913
2025-05-13 03:00:00,222.6088239653658,65.9208293131464,24.085063425488613,312.6147167040008,1.4043231132321978,6.545533028763312
2025-05-13 04:00:00,185.3935542833412,48.44966107975987,32.152418415421934,265.995633778523,1.4347620380156032,4.763626879512848
2025-05-13 05:00:00,219.3613957606265,93.72261355463945,39.2524074078528,352.3364167231187,1.6061915338448995,6.977336950733809
2025-05-13 06:00:00,244.418893800506,88.73042540196867,36.318719264816515,369.4680384672912,1.5116181598008946,5.220722083551969
2025-05-13 07:00:00,254.19700857441123,109.00385579887924,39.523979750287026,402.7248441235775,1.5843020591868517,6.386392014383601
2025-05-13 08:00:00,285.39384317180816,104.32790945961503,44.71866202349664,434.44041465491983,1.5222487276762486,4.978260886653159
2025-05-13 09:00:00,276.67904219374464,102.32585203181033,41.2303216953403,420.23521592089526,1.5188545275743197,6.044906125287326
2025-05-13 10:00:00,266.9563983950519,81.49656668269856,36.00641034697914,384.4593754247296,1.440157934914122,4.211157434164855
2025-05-13 11:00:00,332.31304193010055,108.06590535166255,38.792880126260116,479.1718274080232,1.4419290456521212,6.761556049433144
2025-05-13 12:00:00,346.0927455764962,118.75126675990643,44.24730056705845,509.09131290346113,1.4709678819053364,5.792151866747142
2025-05-13 13:00:00,367.70480725218994,138.82873978531842,45.067415273767004,551.6009623112753,1.500118985208046,3.989142534046077
2025-05-13 14:00:00,391.8064237494228,127.95024631856171,43.13731866445909,562.8939887324436,1.436663501700112,6.315452314726239
2025-05-13 15:00:00,436.01365025300953,147.012771660208,51.06938706020529,634.0958089734228,1.4543026545280644,7.939499294183758
2025-05-13 16:00:00,394.0657458840687,147.76556963371735,36.91174372506223,578.7430592428483,1.4686459436977055,10.874609554905101
2025-05-13 17:00:00,403.17683832381704,124.63910828359556,46.35943074992215,574.1753773573347,1.424127883299134,6.3203133625924455
2025-05-13 18:00:00,367.50581437748747,118.83295664460924,32.86692387001349,519.2056948921102,1.4127822597081485,11.912597038432821
2025-05-13 19:00:00,355.97164013679765,120.13848473151594,40.183678809071125,516.2938036773847,1.4503790343494114,9.7859561636077
2025-05-13 20:00:00,322.12926383309303,118.26843928680807,54.159325946904616,494.55702906680574,1.5352750730621414,10.503215165827148
2025-05-13 21:00:00,312.9925586984009,118.80719211938555,44.79652889978083,476.59627971756726,1.5227080212370627,13.707452065838073
2025-05-13 22:00:00,260.58584893701334,93.25703911059051,47.60222584335633,401.4451138909602,1.5405484047907536,11.022438449699393
2025-05-13 23:00:00,255.6891305648116,85.87240112124118,28.30381329075306,369.86534497680583,1.4465430898833342,13.292504037308746
2025-05-14 00:00:00,223.72022276427754,84.37721814098428,49.108386971535616,357.2058278767974,1.5966631154894153,9.743724186542702
2025-05-14 01:00:00,239.15900383235973,82.34852136136084,33.05694307885201,354.5644682725725,1.4825470193089911,6.401730745635932
2025-05-14 02:00:00,228.09262112166851,84.97158461578321,44.309138522977335,357.37334426042906,1.5667904665350836,9.825097551219603
2025-05-14 03:00:00,190.9505998193098,62.63049532669057,34.20188624437705,287.7829813903774,1.507106977735063,6.989788063306232
2025-05-14 04:00:00,207.31778693339226,55.68610724587614,34.75726045251569,297.7611546317841,1.4362547422303413,6.009988935836253
2025-05-14 05:00:00,223.81327284125288,84.93807871468418,30.310765805674656,339.0621173616117,1.5149330200899342,10.882391718998942
2025-05-14 06:00:00,232.22513318978537,87.76058832140919,40.368990344174094,360.3547118553687,1.551747250203404,7.035595129811471
2025-05-14 07:00:00,246.15186557685806,90.33464273333146,41.3386796317158,377.8251879419053,1.5349271761823549,3.6443974298953834
2025-05-14 08:00:00,279.6463461272755,89.90934310161246,39.45536214718504,409.011051376073,1.4626010925596709,5.091433312629487
2025-05-14 09:00:00,341.6044873373378,110.35054067991273,54.737369465447024,506.6923974826976,1.4832720771092618,3.940915141704301
2025-05-14 10:00:00,298.2264885006303,96.5090874437364,46.021324063472456,440.75690000783914,1.4779267335500534,5.244816605061931
2025-05-14 11:00:00,350.36364530129055,119.07839011570472,45.60384376247833,515.0458791794736,1.4700323109624194,4.390609791664926
2025-05-14 12:00:00,379.1165585061291,118.5667002248839,43.99070876659393,541.6739674976069,1.4287795015654792,8.522999172959228
2025-05-14 13:00:00,377.404104397455,119.56397083721255,34.49546634612101,531.4635415807885,1.4082081656989325,4.360630371437966
2025-05-14 14:00:00,345.09403867526464,125.77274245650962,45.78891020329357,516.6556913350678,1.4971446430033628,6.674549323004698
2025-05-14 15:00:00,406.98626356367726,159.45290442837623,42.02633483283046,608.465502824884,1.4950516941210799,8.259125654096847
2025-05-14 16:00:00,350.8257009353773,138.4185735522782,28.417291886222536,517.661566373878,1.4755520048664625,10.68233086140206
2025-05-14 17:00:00,370.1816571672902,133.4519068843438,44.25342154776871,547.8869855994028,1.4800489840365187,10.325263118594943
2025-05-14 18:00:00,391.9720715988726,150.84502740639894,50.1340256103378,592.9511246156094,1.512738196364179,8.848194654157158
2025-05-14 19:00:00,371.80433332703353,118.44512343709746,39.95542899358347,530.2048857577145,1.426032023385145,10.315416787900357
2025-05-14 20:00:00,333.8618266816673,119.13725312823838,40.86159395951494,493.86067376942066,1.479236721005274,14.01853052691096
2025-05-14 21:00:00,306.6380306530528,111.05516831024946,35.23095367108634,452.92415263438863,1.4770645104581044,12.487401178712217
2025-05-14 22:00:00,266.8282119674673,86.37349121625446,34.04261426393163,387.24431744765343,1.4512870081926257,11.723378170612515
2025-05-14 23:00:00,240.99416442594577,81.41297449106965,40.71884950404465,363.1259884210601,1.506783325173186,11.772014824385849
2025-05-15 00:00:00,227.40138248266368,83.61959182606671,35.1801546950376,346.20112900376796,1.522423149868762,13.04903580557759
2025-05-15 01:00:00,238.32119876151887,90.22768151060379,40.029168445798526,368.5780487179212,1.5465600652955198,7.2890816628075665
2025-05-15 02:00:00,230.50937301440368,75.64787291206657,38.59333880987599,344.75058473634624,1.4956033250535286,10.07653991155528
2025-05-15 03:00:00,233.69315928846135,79.80481196123623,31.210977007674664,344.70894825737224,1.475049373746869,6.300909414847364
2025-05-15 04:00:00,213.1889955780656,65.80885948332278,34.437428460944545,313.4352835223329,1.4702226194764312,7.146802161925847
2025-05-15 05:00:00,208.02901263301825,65.76717403226888,29.561906233122556,303.35809289840967,1.4582489675781927,4.135231331864281
2025-05-15 06:00:00,234.32703008930977,83.35945454963961,44.96909249517994,362.6555771341293,1.547647221901414,6.720631336993218
2025-05-15 07:00:00,244.74822754693886,76.01078038024622,22.349659413274935,343.10866734046,1.401884176156729,3.357647045249652
2025-05-15 08:00:00,265.96136956414773,77.25305941469459,34.24417768576029,377.4586066646026,1.4192234281361025,3.950131601968617
2025-05-15 09:00:00,276.9900779000686,87.61917265102026,38.59734560146093,403.2065961525498,1.4556716226420827,5.044918796669307
2025-05-15 10:00:00,318.8729438239593,104.60978754496053,39.51221203710594,462.99494340602575,1.451973120872971,3.740361335169454
2025-05-15 11:00:00,399.0531703273323,141.91853867433326,45.061729215337536,586.0334382170031,1.4685597854949908,5.478941244451238
2025-05-15 12:00:00,371.76524706192623,128.88062494347508,30.822943871294214,531.4688158766955,1.4295817591259867,5.373304660267266
2025-05-15 13:00:00,390.3911096352481,135.94535892147903,35.569324295701634,561.9057928524288,1.4393406483498845,6.674822575687881
2025-05-15 14:00:00,360.3130247222981,109.33502264388423,53.58548029871242,523.2335276648948,1.452163790271427,5.38009531250684
2025-05-15 15:00:00,372.39312728233,116.7208245636449,41.921767263528736,531.0357191095036,1.4260083771817267,6.206084889962496
2025-05-15 16:00:00,391.6056775768634,139.898402706729,52.11035234938153,583.614432632974,1.4903114690374313,7.851833350431612
2025-05-15 17:00:00,377.85565904727184,136.51023826097963,50.81569589398503,565.1815932022365,1.495760562716699,8.623885296883143
2025-05-15 18:00:00,380.76589702882654,128.6183435712117,42.75793563815413,552.1421762381924,1.4500830577177228,10.772084562726937
2025-05-15 19:00:00,316.87741466711714,108.6363797341551,38.565117968945906,464.0789123702181,1.4645376757372803,13.419178695572509
2025-05-15 20:00:00,354.20354828824446,124.96919556361553,43.20059533819039,522.3733391900504,1.4747829086256143,10.686213447764446
2025-05-15 21:00:00,298.12726006060257,109.4707688992339,48.16192600923451,455.759954969071,1.5287429766617961,10.938465621862598
2025-05-15 22:00:00,295.57279658590346,93.06074751265182,35.374712460148984,424.00825655870426,1.4345307195260546,12.902291712747804
2025-05-15 23:00:00,269.2460578516839,85.96665967252873,37.14052808140203,392.35324560561463,1.457229304437004,13.375167963618402
2025-05-16 00:00:00,271.6800751678036,83.44220963478483,31.973891109576364,387.09617591216477,1.424823574835491,9.666963458967892
2025-05-16 01:00:00,217.38174800785086,77.99575507120237,37.96881348806222,333.3463165671154,1.533460465848662,8.90601553052994
2025-05-16 02:00:00,211.67143265297844,69.8672471673195,31.023656200036434,312.5623360203344,1.4766392049358876,8.45648176859941
2025-05-16 03:00:00,230.9909673448809,63.81460891888993,30.206365244071513,325.0119415078423,1.4070331201418085,8.565358076276329
2025-05-16 04:00:00,238.94604841343227,85.92251152290712,36.21462138773314,361.0831813240725,1.51114941519901,7.921209198966344
2025-05-16 05:00:00,225.58150710118207,79.94731921485099,33.387187310841604,338.9160136268747,1.502410450138795,6.907960265533192
2025-05-16 06:00:00,218.5919689604019,84.663818627479,39.35108304672233,342.6068706346033,1.5673351233533506,4.157139813192565
2025-05-16 07:00:00,256.95420481734067,99.41476439106678,40.306629203192685,396.67559841160016,1.5437599034177405,5.612946609274856
2025-05-16 08:00:00,255.29934817913954,83.90208858223137,36.123683609285294,375.32512037065624,1.4701374016329116,5.992410756058346
2025-05-16 09:00:00,289.29189693161885,116.4934103525129,44.32001167895989,450.10531896309163,1.5558863685334572,4.263067847155385
2025-05-16 10:00:00,323.5937530536998,122.45750245014834,40.72396566437937,486.7752211682275,1.5042787957882735,3.7516869383840974
2025-05-16 11:00:00,331.22955301089956,131.945817727045,35.62435546789196,498.7997262058366,1.5059034487463832,4.398620917090915
2025-05-16 12:00:00,383.7388762397613,151.02088585998428,40.93339329854106,575.6931553982866,1.500221090548542,4.947239547566245
2025-05-16 13:00:00,381.2291218674522,125.8186914463103,44.83899414037202,551.8868074541346,1.4476512307105898,5.527269551831054
2025-05-16 14:00:00,422.27987225756567,151.44905997128046,49.09628534110951,622.8252175699556,1.474910973710983,5.37509358105465
2025-05-16 15:00:00,391.85715736099047,139.6906518190943,42.44789689064338,573.9957060707281,1.4648085285372145,7.882631788215658
2025-05-16 16:00:00,422.9714926685229,147.76135614027314,40.7680084342241,611.5008572430202,1.445725936244704,7.358616306241148
2025-05-16 17:00:00,420.2354053919538,145.6096636663803,55.35943071394061,621.2044997722746,1.4782298012060093,11.577359182959444
2025-05-16 18:00:00,353.37660852368475,124.98637595392667,44.877172230394955,523.2401567080063,1.4806870180059941,10.690364926156189
2025-05-16 19:00:00,303.556136628561,113.88755179924536,36.66235075254482,454.10603918035116,1.4959540736809642,10.004127002830474
2025-05-16 20:00:00,357.46025304981373,134.490854395284,34.23367948908131,526.184786934179,1.4720092162550245,12.55134843114212
2025-05-16 21:00:00,327.32777622393934,101.43289611436539,30.29087546966388,459.05154780796863,1.4024216126831572,9.418178020322367
2025-05-16 22:00:00,311.9991659229787,115.84716216415664,29.33303256018771,457.17936064732305,1.4653223808943903,11.350824270777345
2025-05-16 23:00:00,260.59855592536877,91.65621395150022,37.32620061403595,389.5809704909049,1.4949467740046674,11.54143068967373
2025-05-17 00:00:00,177.09067176105214,70.17469832730684,37.630088592426176,284.89545868078517,1.6087547460726428,10.154005064232399
2025-05-17 01:00:00,187.8004470635776,47.97615328515735,41.219557944286365,276.9961582930213,1.4749494083964965,7.8576338060406545
2025-05-17 02:00:00,192.06825447228596,57.19666077811542,39.367205273141785,288.63212052354316,1.5027580758546992,9.916331683392533
2025-05-17 03:00:00,183.71186334260125,51.56813000638749,31.26860680924718,266.5486001582359,1.4509057570286235,8.697009714684224
2025-05-17 04:00:00,177.08846062271084,65.58061622097573,33.7925929343645,276.4616697780511,1.5611501099840497,7.532601203498541
2025-05-17 05:00:00,177.3344376713306,82.65253007484087,27.672352223521152,287.6593199696926,1.6221289206264424,8.545264439720507
2025-05-17 06:00:00,186.66157107517364,67.04274434945125,36.52990769613769,290.2342231207626,1.5548686398009446,5.505398799923785
2025-05-17 07:00:00,204.2574463382731,60.68210417763326,35.05755303163656,299.9971035475429,1.468720523660686,4.175348939038131
2025-05-17 08:00:00,231.16948070976426,71.82433688480465,40.26492055192124,343.25873814649015,1.4848791332340932,4.4380629834322844
2025-05-17 09:00:00,222.6924391573938,90.04606774979504,48.04702424021556,360.7855311474044,1.6201067827561475,5.27954587138325
2025-05-17 10:00:00,233.8092826728509,80.62700940685019,43.794616925679655,358.23090900538074,1.5321500708191396,1.572586598810625
2025-05-17 11:00:00,318.5001164507519,114.35600804731513,54.35062628766562,487.20675078573265,1.5296909659405638,5.407143689863648
2025-05-17 12:00:00,316.784255883341,105.39383104670533,39.29724952513412,461.47533645518047,1.456749594983418,6.873490923916794
2025-05-17 13:00:00,323.3324508015588,112.63678756287028,41.491509041091504,477.4607474055206,1.4766867545211415,6.474559382326587
2025-05-17 14:00:00,309.91008364910533,99.91115029404305,45.33020502729373,455.15143897044214,1.4686564361222458,3.8416475199362345
2025-05-17 15:00:00,295.4370143232861,111.81122943584133,37.455994377781415,444.7042381369088,1.5052421212539229,5.203486103494997
2025-05-17 16:00:00,322.93933707675035,91.49281139078079,40.268391817084925,454.70054028461607,1.4080060496827957,8.890726897822848
2025-05-17 17:00:00,339.5274040395338,117.0714348465392,47.89124988253064,504.49008876860364,1.4858597060691512,11.80830162916265
2025-05-17 18:00:00,322.54975626776456,97.96716503631438,38.45504543736948,458.97196674144845,1.4229493522246939,11.101515217946565
2025-05-17 19:00:00,272.90794901863404,90.3203065982895,35.918024357452,399.14627997437555,1.4625674386169016,8.31847407979284
2025-05-17 20:00:00,260.72647892689844,78.99160319989674,40.59195063289535,380.31003275969056,1.45865519422874,11.959949890736953
2025-05-17 21:00:00,264.51874726093325,95.01777321990873,31.61063170395603,391.147152184798,1.4787124021835503,13.875836118498631
2025-05-17 22:00:00,246.9627261361903,106.03829327977212,38.63244310379934,391.6334625197618,1.5857998842456542,12.620632054204462
2025-05-17 23:00:00,205.8553783685507,63.27402086618793,41.59311023299489,310.7225094677335,1.5094213808270542,10.003642267506434
2025-05-18 00:00:00,172.80524574603567,51.19915013067079,31.422985820393738,255.42738169710017,1.478122846296522,10.549978286536481
2025-05-18 01:00:00,172.8386888691823,59.982619239493076,34.24255798618204,267.0638660948574,1.5451625318506785,12.028296150473182
2025-05-18 02:00:00,153.58798058883696,63.15197042284761,37.73691498682935,254.47686599851392,1.6568800828221173,8.556313944456763
2025-05-18 03:00:00,153.87376199125353,55.21424942408967,40.125202428487356,249.21321384383054,1.6195952488507839,6.739474177584864
2025-05-18 04:00:00,198.3123120184645,65.10155567358508,33.10974777652866,296.5236154685782,1.4952355325319864,5.946218346572207
2025-05-18 05:00:00,206.60048563084828,68.46170891893415,42.82935160605646,317.8915461558389,1.5386776327517662,7.133871108917077
2025-05-18 06:00:00,204.98811280030463,64.4229306572003,37.48027166657428,306.89131512407926,1.4971176178544885,4.380870985010597
2025-05-18 07:00:00,231.29355554736443,92.92529018800855,38.16057277470706,362.37941851008003,1.5667510391826363,5.369164463401161
2025-05-18 08:00:00,221.4301393927662,86.76704054349594,37.618109304432885,345.81528924069505,1.5617354086893211,4.788353476382948
2025-05-18 09:00:00,246.3069247366406,87.67789626802615,21.923240477732257,355.908061482399,1.4449778944012535,1.9729211681782601
2025-05-18 10:00:00,249.90125755910805,93.08796865137629,35.367727155203234,378.35695336568756,1.5140258078781235,1.16550440029126
2025-05-18 11:00:00,307.30686097013194,127.25453268546654,39.1914854791729,473.7528791347714,1.541628057503138,3.9554010593018227
2025-05-18 12:00:00,256.8196604004621,98.3381814966998,40.191055854709774,395.3488977518717,1.5394027744425764,2.556343668568575
2025-05-18 13:00:00,315.39660758807224,121.77646887032002,34.28928449190225,471.4623609502945,1.49482381740153,4.927948835759394
2025-05-18 14:00:00,314.0553473567954,98.84240531189893,40.99870165071563,453.89645431940994,1.445275357160986,7.651361814615443
2025-05-18 15:00:00,314.4961410660838,114.40180992557602,30.13601141321676,459.03396240487655,1.459585357228347,6.042594981350646
2025-05-18 16:00:00,323.2471359693388,114.19454145465765,46.40596956765894,483.8476469916554,1.4968350625620088,9.28855166943536
2025-05-18 17:00:00,290.6587172827494,104.13434906093322,23.41308645984244,418.2061528035251,1.4388219858436209,10.636932022393214
2025-05-18 18:00:00,296.3189635648866,112.9621967809478,52.95890660226764,462.240066948102,1.5599408873029579,10.873222350308907
2025-05-18 19:00:00,276.0514806197986,97.66006705932156,39.48937705019091,413.20092472931105,1.4968256058673572,10.188745544594218
2025-05-18 20:00:00,281.39491121806475,88.24346166089566,29.31977513288404,398.95814801184446,1.4177873589998045,12.583793085789758
2025-05-18 21:00:00,254.3517180077284,74.42493823173207,31.314665006805786,360.09132124626626,1.4157219934143515,12.939597346550947
2025-05-18 22:00:00,207.74197132128347,68.94253995160909,48.113212978957606,324.7977242518502,1.5634670364686878,12.419805631644891
2025-05-18 23:00:00,151.56695973076606,56.53041861831974,22.234434538537094,230.3318128876229,1.5196703377620673,13.467854828124462
2025-05-19 00:00:00,216.51474502249596,64.49264260937552,36.60170390905772,317.6090915409292,1.466916682778023,8.325055986264225
2025-05-19 01:00:00,196.71860967618213,75.30926654639939,32.345996067192765,304.3738722897743,1.5472551010339242,10.441458271687
2025-05-19 02:00:00,219.8210875565905,74.56795410439591,36.21043171670899,330.5994733776954,1.5039479471803916,7.001103462079134
2025-05-19 03:00:00,195.0346106080593,74.17771489891906,42.35008157874088,311.5624070857192,1.5974723979213805,6.912863480869696
2025-05-19 04:00:00,186.4878121664047,60.15713948065619,39.52091912180675,286.16587076886765,1.5345017320140972,9.493412751712228
2025-05-19 05:00:00,225.22990631372434,100.00204382823009,22.23108204196674,347.46303218392114,1.5427037992900348,6.209153040700386
2025-05-19 06:00:00,227.3283245836023,90.39565490003388,42.62003434896713,360.3440138326033,1.5851258944200908,6.975057329560956
2025-05-19 07:00:00,254.3884250552001,83.99931674320264,39.45680188735439,377.8445436857571,1.4853055660994328,4.886445730331033
2025-05-19 08:00:00,286.95474198772706,100.72757225287485,41.234740869165336,428.91705510976726,1.4947202201248582,2.1456305703612206
2025-05-19 09:00:00,308.06155263009197,120.93340473706037,38.526050790614335,467.5210081577667,1.5176220601573975,4.364155154842063
2025-05-19 10:00:00,296.4754505136058,110.92795463679046,46.373195090876116,453.7766002412723,1.5305705732301356,5.01941594930623
2025-05-19 11:00:00,313.9673358377429,98.45492982941002,33.76276949949626,446.1850351666492,1.421119282921953,5.419106249688723
2025-05-19 12:00:00,406.8748889251591,140.5574513165784,43.022777512990615,590.4551177547281,1.4511957700671396,7.125956780533781
2025-05-19 13:00:00,405.17183501597907,139.11658041849606,51.70814685789292,595.996562292368,1.4709723400908734,5.391373635639248
2025-05-19 14:00:00,354.45190875251524,125.5785860188781,39.73115162215157,519.7616463935449,1.466381287726262,5.780713573590305
2025-05-19 15:00:00,382.0439013688093,138.89618591502793,43.25546636120272,564.1955536450399,1.476781991869539,8.772188633774356
2025-05-19 16:00:00,388.50503371425424,126.96171843782042,41.8715116421566,557.3382637942312,1.4345715381493718,7.927969226156817
2025-05-19 17:00:00,390.8532453393905,129.07687086658834,49.48370598357164,569.4138221895505,1.4568481366839108,11.33633045912129
2025-05-19 18:00:00,362.5203329338546,139.93486933288156,50.90612722125639,553.3613294879925,1.5264283937115293,10.450168165487472
2025-05-19 19:00:00,327.59437141517344,123.80126603283071,55.087669624754454,506.48330707275863,1.546068404303785,10.368596449184508
2025-05-19 20:00:00,324.56763809201567,122.40885662521482,49.155533681658184,496.1320283988887,1.5285936432708491,9.48363560525862
2025-05-19 21:00:00,291.35874708306676,115.50951182247464,46.00969861284323,452.8779575183846,1.554365407087876,9.417130795101734
2025-05-19 22:00:00,280.85551868432657,94.09995842140908,32.46100611718752,407.4164832229232,1.4506265895413915,11.598180173562975
2025-05-19 23:00:00,244.02672631072372,94.86146503440764,41.08887100558392,379.9770623507153,1.5571124855680092,12.142965842342173
2025-05-20 00:00:00,214.6290892169916,71.86253045482616,40.42001038434572,326.91163005616346,1.5231468914525998,11.860580922111575
2025-05-20 01:00:00,227.0440151781593,82.05656044103284,40.48177527824493,349.58235089743704,1.539711807083411,10.865118867050416
2025-05-20 02:00:00,211.96876848409804,76.59950175167958,37.35775761756193,325.9260278533395,1.5376134426982369,9.344309963316691
2025-05-20 03:00:00,192.29920769028766,78.2612751290377,38.419983439940985,308.98046625926634,1.6067693152272506,8.766010164682406
2025-05-20 04:00:00,215.22383628504576,73.9584092619782,33.32220818504804,322.504453732072,1.4984606691284053,7.571175489261655
2025-05-20 05:00:00,207.05061138684772,64.29306626814034,38.548749213976905,309.89242686896495,1.4966989220329825,8.140286343128551
2025-05-20 06:00:00,259.7510860202069,90.96033922826199,33.98636410630169,384.69778935477063,1.481024758159601,5.6819441484407935
2025-05-20 07:00:00,267.5367467445263,108.01255508684575,38.191299173668355,413.7406010050404,1.5464813938255957,4.024213265780703
2025-05-20 08:00:00,268.45053169940275,86.26531768579275,30.954514820141558,385.6703642053371,1.4366533817753475,3.5693333972935775
2025-05-20 09:00:00,278.66581447653925,78.19766105790656,40.40862951553282,397.2721050499786,1.4256219615464343,4.7825664114781405
2025-05-20 10:00:00,312.7292888974572,115.73199404478518,34.347586967977506,462.8088699102199,1.4799025430009316,4.316409186517127
2025-05-20 11:00:00,327.97779616441414,134.70636243512465,50.21589799099314,512.9000565905319,1.5638255473044793,5.709774321220502
2025-05-20 12:00:00,367.7948945928034,152.3513684754314,38.1561206815146,558.3023837497494,1.5179720870455868,7.43333800467871
2025-05-20 13:00:00,359.78585020518085,135.43533478479586,39.927428319270234,535.1486133092469,1.4874087266190683,6.034406502417679
2025-05-20 14:00:00,411.224630413552,159.33899571441972,45.21555938322468,615.7791855111964,1.4974277802667901,4.965593808715639
2025-05-20 15:00:00,391.39995973078896,128.49313493736557,35.31961376401485,555.2127084321694,1.4185303156751814,7.2292613503572225
2025-05-20 16:00:00,383.2600018830471,121.29374533431982,37.286578238418265,541.8403254557852,1.4137669540092768,6.868117726212297
2025-05-20 17:00:00,367.2241393306019,128.98199401680722,46.4599093724608,542.6660427198699,1.4777515544296027,11.715504559120653
2025-05-20 18:00:00,350.25874612747214,131.00169295020294,31.878893190072613,513.1393322677477,1.465029318871019,12.13516311988642
2025-05-20 19:00:00,314.76411132318907,109.9379677217596,37.178169835917075,461.88024888086574,1.4673853602281324,10.318248288579708
2025-05-20 20:00:00,317.3426494156794,111.19538708913443,38.888570668373035,467.4266071731869,1.472939764112564,10.718163199250553
2025-05-20 21:00:00,266.0119257064277,103.19651406544708,32.56035858457029,401.768798356445,1.510341302516788,13.906320305500337
2025-05-20 22:00:00,280.18811066653865,88.27105235453651,36.180774377573506,404.63993739864867,1.44417240416109,13.469199756456492
2025-05-20 23:00:00,264.21186307169773,98.9074964913583,44.257304133027525,407.37666369608354,1.541856065658702,13.314957792770437
2025-05-21 00:00:00,216.72115539813373,76.22306184884295,42.1802647398194,335.12448198679607,1.5463394949659905,13.032140602319997
2025-05-21 01:00:00,216.8743302221855,82.64656271440187,47.38846233298455,346.9093552695719,1.599586981613577,10.431204693381046
2025-05-21 02:00:00,195.2703101228421,82.4216773512537,27.65495219984986,305.34693967394566,1.5637141124109228,8.160210506209474
2025-05-21 03:00:00,222.96317173677835,52.13376981802018,36.8340714360678,311.93101299086635,1.3990248280066628,7.570415080332413
2025-05-21 04:00:00,220.04741715611576,82.81822921445826,43.39993493809094,346.265581308665,1.5735952995212934,8.12063178010442
2025-05-21 05:00:00,225.18223347633455,88.43695597555451,40.70599976431805,354.3251892162071,1.5735041958958311,5.5959892109091225
2025-05-21 06:00:00,211.36006789015786,90.46471383055557,29.693663565658802,331.51844528637224,1.568500845952887,4.116804867142198
2025-05-21 07:00:00,262.5961066014865,95.14030265682106,38.01037394936384,395.7467832076714,1.5070550296019931,5.626308276500149
2025-05-21 08:00:00,290.71045733794296,95.69690892922517,30.636950965457558,417.0443172326257,1.4345693686134693,8.201400491129416
2025-05-21 09:00:00,301.5011826277584,100.44489833841996,38.701274708457376,440.6473556746357,1.4615112014955876,4.895300430544793
2025-05-21 10:00:00,338.8358553359738,115.58379828634767,38.36296492034372,492.78261854266515,1.4543402381487784,3.212542791796631
2025-05-21 11:00:00,339.624375779494,100.21129952975014,51.92327035690418,491.75894566614835,1.4479495016736663,7.0694513345590115
2025-05-21 12:00:00,358.99811895188117,105.91099944253742,44.19721873377069,509.10633712818924,1.4181309323139601,6.305724870761562
2025-05-21 13:00:00,392.5262656114977,140.90780078829948,45.8268287248385,579.2608951246357,1.4757251829307094,4.900332524854603
2025-05-21 14:00:00,396.990485118256,154.89799054558142,31.60434394363173,583.4928196074692,1.469790439520629,6.630454441989478
2025-05-21 15:00:00,372.8686707827881,128.4899905254197,46.28814698626784,547.6468082944757,1.4687391331236388,8.764487912943611
2025-05-21 16:00:00,403.2928571562415,160.74782109343843,44.284668362016845,608.3253466116968,1.5083960348348613,5.426621108248851
2025-05-21 17:00:00,397.28273282703424,147.0227446831883,44.27150654492477,588.5769840551474,1.481506583150185,10.799216624937731
2025-05-21 18:00:00,335.5142759600471,125.82998448394599,45.664227009655626,507.00848745364874,1.5111383442712976,9.31348720599196
2025-05-21 19:00:00,322.9543127991471,118.12714004941058,46.66935222461673,487.7508050731744,1.5102780354462029,11.441022480080317
2025-05-21 20:00:00,313.8934477038259,87.94761450449079,37.844775019686345,439.68583722800304,1.4007486949611911,13.214295374319958
2025-05-21 21:00:00,293.56393891016995,108.20730286557568,46.01130521289672,447.78254698864237,1.525332262031213,13.967986961396221
2025-05-21 22:00:00,285.81785956451495,88.15175771288979,36.189298444632946,410.15891572203765,1.4350359923168354,13.069144101775027
2025-05-21 23:00:00,248.28512272073016,88.59739011930094,36.88912569111861,373.77163853114973,1.505412947966142,11.389518344681832
2025-05-22 00:00:00,219.82602719639692,81.27647891158213,32.596739232678786,333.6992453406578,1.5180151758941824,9.650893533459444
2025-05-22 01:00:00,208.5475339090046,63.1524645935399,37.71535246407671,309.41535096662125,1.4836682322104475,8.594520050897797
2025-05-22 02:00:00,220.55451377818207,67.6374576866323,37.767663514977656,325.95963497979204,1.4779096079059115,7.988506984821631
2025-05-22 03:00:00,215.3841961103059,65.4475054977882,30.55961955142319,311.3913211595173,1.4457482340071168,8.642738787155745
2025-05-22 04:00:00,215.43909048319824,67.50168880179834,29.11853680000999,312.05931608500657,1.448480474853024,9.657367877365848
2025-05-22 05:00:00,218.98546800047365,72.50310235662285,41.05278528089216,332.54135563798866,1.5185544441573147,5.740545440000085
2025-05-22 06:00:00,209.9444866828995,69.72091730123918,39.61720972803509,319.2826137121738,1.5207954195740268,2.8172277364982268
2025-05-22 07:00:00,265.63236304803183,92.98350414843414,36.40709337628257,395.0229605727485,1.4871040412395842,4.969058650843412
2025-05-22 08:00:00,283.3682852366983,86.49272082179442,39.58529037894376,409.44629643743644,1.44492633004228,2.0280178207543265
2025-05-22 09:00:00,308.81258173190656,117.05998123191037,47.50555282221404,473.37811578603095,1.5328977632038023,5.3154282653401745
2025-05-22 10:00:00,308.3629791967904,107.27207847453683,32.45020884856795,448.0852665198952,1.4531097983520815,7.330278635911327
2025-05-22 11:00:00,385.37081714452097,119.43081121227061,45.14671061569212,549.9483389724837,1.4270627523055106,3.4869340578742625
2025-05-22 12:00:00,379.5104745947313,126.91718928296082,50.513012344766445,556.9406762224586,1.4675238590376196,8.23363445707067
2025-05-22 13:00:00,388.46764074242395,144.5032209207489,42.526947433426265,575.4978090965991,1.4814562366037245,3.452178304053584
2025-05-22 14:00:00,376.55361788498584,115.08477812035194,40.88102836742282,532.5194243727606,1.4141928242883401,6.77619930550977
2025-05-22 15:00:00,379.4200162639992,113.23466634626841,47.65480170474834,540.3094843150159,1.4240405385968629,7.256062229834929
2025-05-22 16:00:00,399.489656415091,113.62031177803856,43.727817610134124,556.8377858032637,1.3938728496756863,8.559101694912389
2025-05-22 17:00:00,383.49617143315635,112.00777917667074,36.54339235515353,532.0473429649807,1.387360246587799,10.627293601263563
2025-05-22 18:00:00,395.70610901858606,143.08462105498126,37.95852147422475,576.7492515477921,1.4575192002423762,13.843243401901265
2025-05-22 19:00:00,366.2004716760823,108.69288708871585,38.66176834703769,513.5551271118359,1.4023879454914907,9.812108717786213
2025-05-22 20:00:00,273.5828884130095,87.76187773640878,38.064790679449445,399.4095568288678,1.4599215584927456,12.405392815475352
2025-05-22 21:00:00,288.13500999996796,113.38599014272192,40.69534640118282,442.2163465438727,1.5347539562926487,12.598659115621821
2025-05-22 22:00:00,261.53071476869553,95.31334219518696,36.5590835326025,393.403140496485,1.5042330337544514,9.92689825196938
2025-05-22 23:00:00,243.07208019522056,100.21031606479346,39.77365171076873,383.05604797078274,1.57589488543125,12.01248326180416
2025-05-23 00:00:00,219.6142989232398,81.16887245030956,40.98974470599293,341.77291607954226,1.5562416370666268,11.411178980589307
2025-05-23 01:00:00,201.254418156363,77.59770717546748,43.87467665835275,322.7268019901832,1.6035762342342381,7.960314638244768
2025-05-23 02:00:00,181.84082066575206,72.39968203016606,22.61855564644524,276.85905834236337,1.5225352444447424,7.420482797301824
2025-05-23 03:00:00,168.89338532652226,56.41331309843387,36.80498533422068,262.1116837591768,1.5519357567049485,7.435563401698753
2025-05-23 04:00:00,206.1472776435557,96.09296338521736,29.43212527339099,331.67236630216405,1.608909756623858,9.411570070131116
2025-05-23 05:00:00,242.4862082399364,76.29845584381664,31.625371977593126,350.41003606134615,1.4450720253525544,3.589867311954656
2025-05-23 06:00:00,226.8732922505212,83.5553927530815,46.41925423345971,356.8479392370624,1.5728953183392729,4.699657814015231
2025-05-23 07:00:00,247.31868292949673,93.5780268054768,44.269704186030665,385.16641392100416,1.5573688544621749,3.820715481750076
2025-05-23 08:00:00,258.90565859388556,99.50864869043279,37.78425586608638,396.1985631504047,1.530281590994016,5.5248280986039635
2025-05-23 09:00:00,299.55147064289815,99.60064216885488,41.69655772668654,440.84867053843953,1.4716958978444972,7.211157321015447
2025-05-23 10:00:00,310.9960946697531,111.58733109606919,34.372584461747266,456.95601022756955,1.469330380861571,3.3303374766842797
2025-05-23 11:00:00,362.29928158045783,119.51400961519268,42.41203032299384,524.2253215186444,1.4469399973188375,4.592114384271191
2025-05-23 12:00:00,359.54372137451475,138.35820568961074,42.58764823338055,540.489575297506,1.503265230807663,5.937682407468348
2025-05-23 13:00:00,380.29852825474137,132.81164319096877,49.26974933501466,562.3799207807249,1.478785425127959,2.212576871610322
2025-05-23 14:00:00,392.2984370073404,139.87864234246697,52.8971772167586,585.074256566566,1.491400937076939,6.407332602540689
2025-05-23 15:00:00,387.9946836083778,154.09117931593985,29.18807874311849,571.2739416674361,1.4723756943124797,6.711128440812741
2025-05-23 16:00:00,392.6174314299684,166.0764284122585,41.87797185898697,600.5718317012138,1.529661659478149,7.388493603343661
2025-05-23 17:00:00,379.379618701036,121.49263211185068,42.387590908578176,543.2598417214649,1.4319689697130833,8.833841872717565
2025-05-23 18:00:00,391.83071244793587,138.0903062800567,52.058881591390175,581.9799003193828,1.485284031676595,9.536879189286683
2025-05-23 19:00:00,323.6626616518703,97.48204485357269,34.03563042070044,455.1803369261434,1.4063418208422596,13.655271528881178
2025-05-23 20:00:00,323.6189890425266,123.57210543574851,48.330344759020264,495.52143923729534,1.5311877733237067,13.879499138414904
2025-05-23 21:00:00,303.24423354946583,116.00566547556465,39.917519995611556,459.167419020642,1.5141835135530834,13.177744524941083
2025-05-23 22:00:00,256.15105110449156,105.8038576932102,44.38556017658914,406.3404689742909,1.5863314525636385,14.171315111645548
2025-05-23 23:00:00,252.42040587990692,120.7674014785763,28.672458447897625,401.8602658063808,1.592027650876896,11.309567513837191
2025-05-24 00:00:00,216.8902391052748,94.9851768535091,34.22976912803179,346.1051850868157,1.5957619232409173,10.355427727570431
2025-05-24 01:00:00,148.11406060162489,50.340318498578156,29.563050765135394,228.0174298653384,1.5394718701192434,10.174071896818907
2025-05-24 02:00:00,171.23384384496728,57.18127882540637,27.59423158425438,256.009354254628,1.4950861845186125,9.504624580476108
2025-05-24 03:00:00,159.54135910875064,58.87491570699428,28.908391081267776,247.3246658970127,1.550222884389652,9.517936064991835
2025-05-24 04:00:00,155.0891158700543,40.08545196674307,37.8953114312568,233.06987926805417,1.5028126117073117,9.08884690827853
2025-05-24 05:00:00,170.712637596831,46.310519908946006,31.324159140960923,248.34731664673794,1.4547682007775862,4.82239049076928
2025-05-24 06:00:00,193.1814982390332,63.634459886266754,25.51151719703178,282.32747532233174,1.4614622926932357,5.975882894141188
2025-05-24 07:00:00,223.9089364946287,84.87309393299637,35.6584568163251,344.44048724395014,1.5383061196050691,6.885277513624921
2025-05-24 08:00:00,220.33289545490376,82.52745015421668,41.37930846610071,344.23965407522115,1.5623615954598926,3.6804798767185796
2025-05-24 09:00:00,244.2930574684396,84.03034401447125,40.91579308026652,369.23919456317736,1.5114600406148655,0.460996626469087
2025-05-24 10:00:00,261.30192052807826,91.94946099420297,41.119795294456615,394.37117681673783,1.5092547962132585,6.054489068069543
2025-05-24 11:00:00,291.738995754376,109.90853455683293,43.71571329282334,445.3632436040323,1.526581122459876,3.503943268120697
2025-05-24 12:00:00,289.0992221165691,109.85116080834865,47.912203576008906,446.8625865009266,1.5457066374282564,1.291638956791826
2025-05-24 13:00:00,302.82087991762023,102.63337380261282,34.28047709988519,439.7347308201182,1.4521281720723624,6.485113475776955
2025-05-24 14:00:00,318.4320022955954,94.72222644539605,43.76368434933216,456.9179130903236,1.4348994755438367,8.464952866075459
2025-05-24 15:00:00,323.9955103565648,101.58345286134687,42.045298298145795,467.62426151605746,1.4433047575302071,6.326186833252091
2025-05-24 16:00:00,316.5360770803819,124.20267596946721,48.869610356162816,489.60836340601196,1.5467695433708166,11.624996609757336
2025-05-24 17:00:00,317.3869903502907,116.60439158298065,37.42817928111826,471.41956121438966,1.4853146964029549,9.56062226356771
2025-05-24 18:00:00,304.0411564286055,104.58217038635212,42.641725739036914,451.26505255399456,1.4842235763563802,11.38876535278505
2025-05-24 19:00:00,249.83559749635893,62.99506748896986,37.87661783929471,350.70728282462346,1.4037522528379272,12.313041590698417
2025-05-24 20:00:00,296.6776621829608,96.47756914094194,40.11033135160716,433.2655626755099,1.4603915896044628,12.630428796029246
2025-05-24 21:00:00,252.23310705461566,100.6166264907392,43.52216727341793,396.3719008187728,1.5714507324089975,11.894431482209416
2025-05-24 22:00:00,187.10032124814833,50.54696259485201,37.97237112825517,275.6196549712555,1.4731116073590558,11.668404214997958
2025-05-24 23:00:00,228.73003172184102,73.70392349972046,28.97214036570378,331.4060955872652,1.4488962953071625,11.784968103635068
2025-05-25 00:00:00,204.35622730057665,81.38716108620524,31.806096080740474,317.54948446752235,1.5539016777817873,13.392259070026313
2025-05-25 01:00:00,162.37980811098888,68.24809398298707,30.749325468918748,261.3772275628947,1.6096658236240782,12.734942863131543
2025-05-25 02:00:00,155.62044678141478,59.348787826859564,31.778262308505802,246.74749691678016,1.5855724746977682,9.79773199193109
2025-05-25 03:00:00,166.30416340487105,50.36483512856874,40.08029050770954,256.7492890411493,1.5438536461416643,8.657925493254954
2025-05-25 04:00:00,161.30773856085204,47.315829301502205,29.13970248610221,237.76327034845647,1.4739731179032194,9.001932018813697
2025-05-25 05:00:00,198.2399950774418,73.94017001519519,33.45250197636214,305.6326670689991,1.541730602594117,8.202795639635141
2025-05-25 06:00:00,166.24588195750258,58.29771676322043,28.36782076557659,252.9114194862996,1.521309379266016,6.687794709027487
2025-05-25 07:00:00,241.30428100668087,73.58143838950168,42.0481290881099,356.9338484842924,1.4791857276432248,7.280966302383068
2025-05-25 08:00:00,250.21937913232034,66.25310149485058,28.248055756312567,344.7205363834835,1.3776732145162478,4.672451495678648
2025-05-25 09:00:00,223.54984376040784,85.14841247853404,32.292581335113184,340.9908375740551,1.5253458997695208,6.283214821243787
2025-05-25 10:00:00,240.64134206101247,77.71572703688726,35.54426014306368,353.90132924096343,1.4706588909865492,6.129622856237448
2025-05-25 11:00:00,284.532870068338,93.92777130163441,47.45175976671852,425.91240113669096,1.4968829472475251,7.792181443473769
2025-05-25 12:00:00,295.33084427694706,120.90850859857402,43.00524092348998,459.24459379901106,1.5550173735607296,6.275731979932354
2025-05-25 13:00:00,326.767311331953,119.41182599877291,42.347533158329156,488.52667048905505,1.4950291952329822,4.683778721410956
2025-05-25 14:00:00,320.0519146042313,111.73190010371525,46.08254153013938,477.8663562380859,1.4930901345458416,5.495273347521428
2025-05-25 15:00:00,340.02667536295854,115.13558790770728,43.077162611756435,498.2394258824222,1.4652951135394916,10.901870338041359
2025-05-25 16:00:00,301.9937365081283,103.7101505526203,40.44627807429285,446.15016513504145,1.4773490678772179,8.594899533542582
2025-05-25 17:00:00,323.3413377977685,113.2522088685187,32.37428787978971,468.967834546077,1.4503800774133913,7.988260894132829
2025-05-25 18:00:00,296.9053428400366,101.87975021167648,26.83090541730487,425.61599846901794,1.4335073744305324,11.091105321340082
2025-05-25 19:00:00,233.65140363191583,107.35060466739685,25.412665319682805,366.4146736189955,1.5682108813530995,11.462615333123585
2025-05-25 20:00:00,235.96639998565675,72.99318903631355,41.167079161355886,350.1266681833262,1.4837988298529312,13.52705773894826
2025-05-25 21:00:00,238.3854749733022,82.5504852406191,37.49801345457752,358.4339736684988,1.503589821102319,13.133119004159168
2025-05-25 22:00:00,239.86087675228646,78.00446786880025,32.01990778623835,349.8852524073251,1.458700798332631,11.954547862042206
2025-05-25 23:00:00,201.99814442140146,75.02894924962465,40.47860108449785,317.505694755524,1.5718248089108915,10.69239712697531
2025-05-26 00:00:00,220.33482560787905,66.88662908584686,32.08604727401223,319.3075019677382,1.449192160552943,14.358103744489027
2025-05-26 01:00:00,228.79026198532313,75.62004905972677,37.41597594595597,341.8262869910058,1.4940595986245864,11.54188914089956
2025-05-26 02:00:00,201.27140052079247,61.31525261725278,50.33369826834533,312.9203514063905,1.554718408063465,10.518751657887394
2025-05-26 03:00:00,213.03238101603677,81.63974578317908,27.983546897010108,322.65567369622596,1.5145851168604125,2.5169068487478654
2025-05-26 04:00:00,207.91436784363935,55.192223378896585,28.10455561001306,291.211146832549,1.4006302202816134,9.342682704468263
2025-05-26 05:00:00,276.41266917363146,103.82299749330755,38.49836341497033,418.7340300819093,1.5148872565565263,6.510257532784792
2025-05-26 06:00:00,236.54185463624972,87.14475920599173,40.3633548731928,364.04996871543426,1.539050961087899,8.765899648864306
2025-05-26 07:00:00,271.87210888902916,89.93307645101261,39.916813265134614,401.7219986051764,1.4776138686927554,6.177171515004906
2025-05-26 08:00:00,280.90030079888857,85.76337642556499,45.448009983296856,412.1116872077504,1.4671101669727402,5.753769088788471
2025-05-26 09:00:00,302.9597777061779,101.8746817088994,38.844762440990635,443.6792218560679,1.4644822663104975,2.9764802002882025
2025-05-26 10:00:00,320.4632977014573,112.45821195988121,31.519733484013454,464.44124314535196,1.4492806086581063,3.012729384002835
2025-05-26 11:00:00,364.1507740120545,137.3075562887333,43.802926090522114,545.2612563913099,1.4973502606732343,6.743794790787701
2025-05-26 12:00:00,350.19648250068,128.5123836060669,43.175685877923904,521.8845519846708,1.4902621187340377,9.0032733234975
2025-05-26 13:00:00,347.9170528238686,108.53260973574254,49.640965698844354,506.09062825845547,1.4546301313797962,5.401356704651445
2025-05-26 14:00:00,405.93747559671095,145.90576785201827,47.95012974628108,599.7933731950103,1.4775511236387804,5.689233603617447
2025-05-26 15:00:00,395.8102500139365,143.43001953677748,40.434722239315484,579.6749917900295,1.4645274895473754,8.664327229102186
2025-05-26 16:00:00,375.6313469879576,119.19997671430218,46.89163028545052,541.7229539877103,1.4421665239910806,10.819506157144207
2025-05-26 17:00:00,390.87021831535014,147.59778365227567,53.786158505407954,592.2541604730337,1.5152194583297953,10.610881954275964
2025-05-26 18:00:00,368.58812574704643,140.70947255807562,36.876622493651226,546.1742207987733,1.4818009117678417,14.823132301822447
2025-05-26 19:00:00,354.3429674424942,102.04180068878478,45.28429946578734,501.6690675970663,1.4157726092827887,14.297935227423158
2025-05-26 20:00:00,329.3883238977374,91.85657484152293,43.015845000159075,464.26074373941935,1.409463268903104,11.886550614405174
2025-05-26 21:00:00,300.3928464128987,108.16388330884837,31.33353287768258,439.8902625994296,1.4643832829320698,12.955653232553825
2025-05-26 22:00:00,265.56538305322755,105.10217052187498,46.74414859436226,417.4117021694648,1.5717850623844394,13.219785552922344
2025-05-26 23:00:00,247.31281234708317,92.71607154100835,33.98038133552894,374.00926522362045,1.5122923138277578,12.647023773467037
2025-05-27 00:00:00,250.27298157377012,96.71964067139697,38.33473537460117,385.3273576197683,1.5396282698865347,10.302594100457659
2025-05-27 01:00:00,237.55808103812038,79.87046402711671,37.78235032226703,355.2108953875041,1.4952591544570704,12.346686400879124
2025-05-27 02:00:00,213.2432996637959,61.51185884262026,35.11356768207706,309.86872618849327,1.4531229195807753,8.490374525588416
2025-05-27 03:00:00,230.53542076100382,94.6222200483717,32.66032024516186,357.81796105453736,1.552117066754299,8.394481333977932
2025-05-27 04:00:00,211.164710611642,56.30142084536914,35.15403274299871,302.6201642000098,1.4331000825065212,8.60043230710185
2025-05-27 05:00:00,242.32607641790614,91.69298279447243,37.06687491666657,371.08593412904514,1.5313495749796433,7.200372537010292
2025-05-27 06:00:00,262.5807647448148,82.5087886543331,43.986446991616596,389.07600039076453,1.4817383930193144,6.204739994685245
2025-05-27 07:00:00,263.6853175931176,102.46050614029991,42.532454171091665,408.6782779045092,1.5498711935684053,4.627136686617506
2025-05-27 08:00:00,267.24251805323127,94.87976265998769,23.891822873531552,386.01410358675054,1.444433716605909,6.635357247293228
2025-05-27 09:00:00,298.00974951680274,113.22851874610177,38.57249369593991,449.8107619588444,1.5093827053919342,3.417480197054166
2025-05-27 10:00:00,316.6031294872205,107.82779347991952,37.68339908168915,462.1143220488292,1.4596012452475844,4.107552035567764
2025-05-27 11:00:00,341.7962293585382,120.15685481317108,45.27756605987759,507.2306502315869,1.4840147627828595,4.122236028789562
2025-05-27 12:00:00,350.38402158165763,111.9021054054403,59.89334146459444,522.1794684516924,1.490306167771402,5.752633710261011
2025-05-27 13:00:00,381.63111036873966,134.92221026189284,40.11783103452596,556.6711516651584,1.4586629248524616,8.62984310710927
2025-05-27 14:00:00,358.45968244423324,115.95723362172797,47.40692828143462,521.8238443473958,1.4557392920431929,8.402237404744394
2025-05-27 15:00:00,364.95450954635055,132.20020937817918,36.53061148008944,533.6853304046192,1.4623338428342922,8.299180203250941
2025-05-27 16:00:00,384.39571987439416,125.21996814442737,51.17504970378015,560.7907377226016,1.4588891309868035,11.679209708452413
2025-05-27 17:00:00,375.9867074906185,122.76824099282494,43.097720630574194,541.8526691140177,1.4411484723234205,12.473951547710795
2025-05-27 18:00:00,335.2377669181549,119.20098126149615,38.77856204660931,493.21731022626034,1.4712462583211117,10.091587052490564
2025-05-27 19:00:00,347.2527022974538,98.07818198885262,43.08251183055083,488.41339611685726,1.4065071139417262,11.011917779785854
2025-05-27 20:00:00,327.47233260998456,119.83588819465977,42.910732963193766,490.2189537678381,1.4969782328196952,13.252634259588286
2025-05-27 21:00:00,303.0022973598492,107.11513655140409,50.33956601472313,460.4569999259764,1.5196485437175815,12.76137813760791
2025-05-27 22:00:00,262.39403109886905,95.28308594319226,35.41448100522253,393.0915980472838,1.49809657026523,14.0046580885157
2025-05-27 23:00:00,261.1222565062862,67.63428449759662,47.65622758742451,376.4127685913073,1.4415192853629681,10.979043805806118
2025-05-28 00:00:00,237.05502197647755,88.22085984836673,41.207101241884764,366.48298306672905,1.5459827849717285,11.960618365963812
2025-05-28 01:00:00,211.6703860263995,85.63331635057729,32.103155466229055,329.40685784320584,1.5562255260503104,11.721549860792848
2025-05-28 02:00:00,205.07543226322537,69.33716153793956,39.76341218431813,314.176005985483,1.532002163878027,10.058141178834457
2025-05-28 03:00:00,170.47490163184037,66.67139446170813,38.61596712779825,275.76226322134676,1.617612097626466,9.369985734373994
2025-05-28 04:00:00,210.30746668458272,72.21739194089434,32.41225707897311,314.9371157044502,1.4975080089609472,10.543989958978134
2025-05-28 05:00:00,210.74241161515945,60.37510059523022,31.95441557130506,303.07192778169474,1.4381154958743658,6.387183017055788
2025-05-28 06:00:00,226.80941240978822,83.90503199593066,42.55068226523608,353.26512667095494,1.5575417391968402,9.495732093888957
2025-05-28 07:00:00,271.5309614476681,78.39077106847539,34.69644677116874,384.6181792873122,1.4164800111070917,4.475465766458624
2025-05-28 08:00:00,270.2264528032955,105.9919672640655,47.91433623275621,424.1327563001172,1.569545660316438,3.970547049175779
2025-05-28 09:00:00,269.99565323457045,91.597568732165,44.12513054072527,405.7183525074607,1.5026847567615291,4.811231788994588
2025-05-28 10:00:00,310.9386629700217,110.4458962592042,36.77679868497837,458.1613579142043,1.4734782530353154,7.841885094926864
2025-05-28 11:00:00,357.3879747062245,123.01939431039756,35.380478694862084,515.7878477114841,1.4432154527176395,3.484751641710265
2025-05-28 12:00:00,346.01947743334307,123.63748437407295,33.2088485274127,502.86581033482867,1.4532875838808823,3.424672113854139
2025-05-28 13:00:00,380.5363397169851,127.24929529293892,38.8547287653867,546.6403637753107,1.4364997681479292,8.837640959494559
2025-05-28 14:00:00,391.30314829079686,130.00577432519927,42.80534262596991,564.1142652419661,1.441629763793121,5.938842194911382
2025-05-28 15:00:00,403.378509971106,138.17532478357128,51.658011083389766,593.211845838067,1.4706084513043562,9.109900783553107
2025-05-28 16:00:00,381.10730879173195,132.25608320924846,47.78895392805424,561.1523459290347,1.4724260936063391,9.910750950006722
2025-05-28 17:00:00,373.38617882921244,126.32398018454369,35.21548263392376,534.9256416476799,1.4326337501966184,8.202759775988948
2025-05-28 18:00:00,325.29728515394726,110.83290860593702,47.08027372117442,483.2104674810587,1.4854426690108369,8.072104741634496
2025-05-28 19:00:00,343.75825137604926,135.78387975316681,35.43395690514426,514.9760880343603,1.4980762962719687,11.288807019789607
2025-05-28 20:00:00,338.52206554365677,126.72568142465371,43.990562743919234,509.2383097122297,1.504298719477584,12.05501038011064
2025-05-28 21:00:00,292.75731886585567,111.97717671855452,40.81032843818905,445.54482402259924,1.5218913253770858,14.970612418337414
2025-05-28 22:00:00,283.5494946201062,117.9266816088128,40.35882357088023,441.8349997997993,1.5582288389960304,12.098685906116458
2025-05-28 23:00:00,284.3179939718743,89.08400884453437,32.3500818358289,405.75208465223756,1.4271065963288134,12.781273791624312
2025-05-29 00:00:00,198.59013604459815,67.83798084679005,42.49543298653193,308.9235498779201,1.5555835553108435,12.594954518645695
2025-05-29 01:00:00,228.68298111010253,79.15472243916597,30.183336558016236,338.02104010728476,1.4781206649765508,10.66218377059186
2025-05-29 02:00:00,230.489901122913,78.97150563023305,40.20963119809583,349.67103795124194,1.5170774782222385,12.728771358463193
2025-05-29 03:00:00,206.1688380051076,52.73958406056555,40.10749146394252,299.01591352961566,1.4503448553277867,5.629159201105182
2025-05-29 04:00:00,206.62912920699642,63.74362303970362,40.951409931974865,311.3241621786749,1.506680899123363,9.004128407122467
2025-05-29 05:00:00,194.85622419755305,58.376201332252144,43.425395395390744,296.65782092519595,1.5224446750257892,7.703095867026743
2025-05-29 06:00:00,212.75838025189597,70.66348153893958,51.290538468253956,334.7124002590895,1.5732043074533923,4.154644407175693
2025-05-29 07:00:00,232.97175809175465,85.2771822685947,30.580945565903026,348.8298859262524,1.4973054621876858,5.641472060809557
2025-05-29 08:00:00,278.84969696605964,104.23486714873835,43.577538938850175,426.6621030536482,1.5300791347303477,4.337828516488454
2025-05-29 09:00:00,271.82351231867267,88.54744760223402,50.78632333116437,411.157283252071,1.5125891051324882,6.109871471379554
2025-05-29 10:00:00,295.88333349124946,111.3171513495406,36.69738812180472,443.89787296259476,1.5002462887140708,2.067968208552872
2025-05-29 11:00:00,306.4524515057536,94.78265728140174,43.668942524125626,444.9040513112809,1.4517881946293647,5.524413355025486
2025-05-29 12:00:00,385.82985871153903,133.3196781322331,47.44796045807638,566.5974973018485,1.4685164574716292,5.913482052740738
2025-05-29 13:00:00,372.8667241785001,137.70776286467816,49.607508241347205,560.1819952845254,1.5023652124461317,8.308621784789239
2025-05-29 14:00:00,374.46346190415613,134.8722321118129,44.777596086034784,554.1132901020038,1.4797526233516183,9.166645532375732
2025-05-29 15:00:00,360.11757386054774,110.86483026908402,48.684522612239014,519.6669267418707,1.4430479500650724,7.607328238494631
2025-05-29 16:00:00,420.3407721425886,149.28417844572877,45.76308904740079,615.3880396357181,1.4640217661944182,9.344809089228457
2025-05-29 17:00:00,368.34896748411285,136.52389913985508,46.0464819943625,550.9193486183304,1.4956451551397167,8.100613029900709
2025-05-29 18:00:00,391.69643734865093,150.43798545389947,41.229073421936214,583.3634962244865,1.4893255097575264,12.02013526448744
2025-05-29 19:00:00,359.5345692613062,126.98618724942475,36.80649961712853,523.3272561278595,1.4555686736968827,11.00279899931785
2025-05-29 20:00:00,331.59062404434707,117.11721445870063,34.90219116604248,483.6100296690902,1.4584550786466506,12.898942814199982
2025-05-29 21:00:00,320.33967611377324,120.00879354830009,47.03429271667633,487.3827623787497,1.521456125233918,12.268613788705297
2025-05-29 22:00:00,297.012647502318,82.47737414555195,38.871196834583515,418.3612184824534,1.408563648722024,12.546723599895484
2025-05-29 23:00:00,282.73270312245165,87.55852895079404,43.108494467532466,413.39972654077815,1.4621574440284488,12.261332400082525
2025-05-30 00:00:00,240.8893601650315,77.89653756032409,41.61567614252351,360.4015738678791,1.4961290678051147,10.59064471049964
2025-05-30 01:00:00,224.4204192227931,91.86986636657817,22.78325949520486,339.0735450845761,1.5108854455349772,13.465297929163338
2025-05-30 02:00:00,196.85502198665444,67.71262770739175,33.285873383953394,297.85352307799957,1.5130603226276453,12.804065431081046
2025-05-30 03:00:00,193.73464147350754,61.55130308369996,34.268124265171004,289.5540688223785,1.494591089234673,6.729904483526231
2025-05-30 04:00:00,202.20159269644836,68.58228895747062,37.53227960580982,308.3161612597288,1.5247959086186977,6.419616049763057
2025-05-30 05:00:00,217.16508836810328,81.18721351946706,30.253469476136363,328.6057713637067,1.5131611339236404,5.85444172943661
2025-05-30 06:00:00,260.2140874196267,98.18251806832487,42.23763964467021,400.63424513262174,1.5396331886003949,5.99647569823782
2025-05-30 07:00:00,280.6841162622178,106.98624975059793,43.05700503721555,430.7273710500313,1.5345626848640115,3.9097101961929823
2025-05-30 08:00:00,292.5056013746987,104.81668323437408,35.03188222082684,432.3541668298996,1.4781055979712858,3.2745008793656063
2025-05-30 09:00:00,303.03015057607047,108.1803809450566,40.83165273178337,452.04218425291043,1.4917399585274373,4.198981337223901
2025-05-30 10:00:00,338.87390058592547,122.83364774937799,46.592615672628106,508.3001640079315,1.4999684635761614,5.8409028023094205
2025-05-30 11:00:00,362.32674341229676,142.05083698563598,42.34482727756792,546.7224076755007,1.5089209328757096,6.2088677535982795
2025-05-30 12:00:00,358.8059074493823,123.76774680652589,39.38070863714172,521.95436289305,1.454698353779706,7.432745596736384
2025-05-30 13:00:00,363.0049407673551,115.88964609537334,39.54242310901426,518.4370099717427,1.4281816905186475,6.377088249006946
2025-05-30 14:00:00,399.49448325577,141.97363915276202,42.115892159155855,583.5840145676879,1.4608061913937807,7.886803395744488
2025-05-30 15:00:00,388.83467624644976,141.64485224320885,42.82280332954566,573.3023318192043,1.4744115348802787,10.485438202801577
2025-05-30 16:00:00,438.66510175452316,165.77395620337705,49.465087941545114,653.9041458994453,1.4906682644323275,8.991466068019827
2025-05-30 17:00:00,372.0205424792243,142.07140872682947,41.58889558041525,555.680846786469,1.4936832334131156,10.4651156590716
2025-05-30 18:00:00,372.5966939785254,119.1412662470909,39.552011951069865,531.2899721766862,1.4259116647108712,10.371677922999355
2025-05-30 19:00:00,336.2467119592505,128.09628526231995,41.03062202219153,505.373619243762,1.5029845683814682,14.477440720872501
2025-05-30 20:00:00,325.8305719559434,111.23482746767642,38.93910809153246,476.00450751515234,1.460895779845712,14.327951036778648
2025-05-30 21:00:00,305.3068187501768,91.91086928190157,43.22372170883854,440.44140974091687,1.4426189743941376,14.650787759809855
2025-05-30 22:00:00,274.3858227696178,90.09882856235083,46.395702330303784,410.8803536622724,1.497454750084735,13.71646215848264
2025-05-30 23:00:00,257.4959172347017,89.92179878096856,27.272120216859783,374.68983623253007,1.4551292317812121,12.370679250197469
2025-05-31 00:00:00,235.7949946488799,96.1396376876562,44.96424417512182,376.89887651165793,1.5984176299963215,10.78470068867207
2025-05-31 01:00:00,164.26821184022072,54.92979133880053,38.92037618977405,258.1183793687953,1.5713227561024412,11.510329682839522
2025-05-31 02:00:00,184.9303237721079,72.01929771310428,38.3907881308478,295.34040961605996,1.5970361355123774,10.22643478318618
2025-05-31 03:00:00,174.85574144377503,73.3463056223922,37.6171282067473,285.8191752729145,1.634599887386711,7.2529083783563015
2025-05-31 04:00:00,157.81858990357364,48.62673087945029,33.40976764679494,239.85508842981886,1.519815178784509,7.132408784394128
2025-05-31 05:00:00,159.388188359118,61.84659947893499,25.254314892686057,246.48910273073906,1.5464703204692543,7.354605252722763
2025-05-31 06:00:00,221.67200787737247,85.09164367635464,23.36019951922852,330.1238510729556,1.4892446467827276,4.596303369725861
2025-05-31 07:00:00,228.18438586849425,78.490676913735,39.9312143832839,346.6062771655131,1.518974560184267,5.8815387741760325
2025-05-31 08:00:00,256.4773006841467,77.3406757227564,43.31332132312778,377.13129773003084,1.470427584523241,5.610043117139894
2025-05-31 09:00:00,250.17578607603977,82.18209042865084,43.821429489863576,376.17930599455417,1.50365993406019,4.674159292811402
2025-05-31 10:00:00,254.7824543138663,95.59825086697573,31.135904640636895,381.51660982147894,1.497421048277873,4.9795523866828955
2025-05-31 11:00:00,282.6357010087746,100.63026583910633,43.88715992551159,427.1531267733925,1.5113204922407564,2.7810374102495095
2025-05-31 12:00:00,286.97869267556104,81.14634947350162,37.85224795626318,405.97729010532584,1.4146600443409807,5.45864575858025
2025-05-31 13:00:00,299.8424144167119,109.77211654354511,37.39349514998678,447.0080261102438,1.490809854168949,8.395426745637792
2025-05-31 14:00:00,318.9959835098782,127.78460163268352,43.29941971564875,490.0800048582105,1.5363202992900202,7.592016465824867
2025-05-31 15:00:00,325.6904108461016,106.95648650598693,33.81536384263751,466.46226119472607,1.4322259595636155,7.5858086414148085
2025-05-31 16:00:00,331.9238089771726,132.82931192274214,33.10166154557503,497.8547824454898,1.4999068128906918,10.72369716635443
2025-05-31 17:00:00,273.70402865050244,84.66650669752082,39.280752832053686,397.65128818007696,1.4528514254638356,8.489266620705738
2025-05-31 18:00:00,298.9467569314238,106.49611207632574,32.31157535399815,437.7544443617477,1.4643224394040353,11.375240600857357
2025-05-31 19:00:00,262.0322162051423,84.44590884061434,38.74281741188098,385.2209424576376,1.4701281698737843,14.4500681812476
2025-05-31 20:00:00,268.2018738051823,99.87386157101088,44.37356183539408,412.44929721158724,1.5378315272740564,11.778629770233383
2025-05-31 21:00:00,266.8250568421238,89.42553759363916,39.96291879024255,396.2135132260055,1.484918687604511,14.991118450625699
2025-05-31 22:00:00,256.40936522538107,107.95881277072516,28.493727145709435,392.86190514181567,1.5321667552840526,12.371782785373412
2025-05-31 23:00:00,201.88158686583208,72.85928860482032,23.758208909401283,298.49908438005366,1.4785849914010847,11.189264367315118
2025-06-01 00:00:00,215.052730372768,63.56000265145946,36.23102946264673,314.8437624868742,1.464030528424961,13.428934127288874
2025-06-01 01:00:00,204.84477456658922,68.06296063182283,43.75217908447967,316.65991428289175,1.5458530243345534,10.683591509310787
2025-06-01 02:00:00,186.09258809405767,56.60691561534325,43.76577892610804,286.46528263550897,1.5393696523298361,10.071864790551256
2025-06-01 03:00:00,187.7344457101279,81.8196314971797,40.75847901581702,310.3125562231246,1.6529335096142341,6.842504572176957
2025-06-01 04:00:00,202.91938653652164,65.81740668183397,32.54826199306891,301.28505521142455,1.4847524445733475,8.49724858351822
2025-06-01 05:00:00,163.32492656304507,62.98226112414547,41.95953803306538,268.2667257202559,1.642533882399771,9.93138285728332
2025-06-01 06:00:00,199.50047442865508,69.54436064962975,44.212967485029424,313.25780256331427,1.5702108150892686,8.012969300251509
2025-06-01 07:00:00,232.12919278826035,89.2893882119989,47.870305725452035,369.2888867257113,1.5908765385772177,5.379282366205958
2025-06-01 08:00:00,198.53975275824624,74.7470937654357,30.47502328506804,303.76186980874996,1.5299800951128835,2.779842289741359
2025-06-01 09:00:00,250.24264013426503,84.34361188242501,29.85292776654487,364.4391797832349,1.456343249846225,5.970171631459226
2025-06-01 10:00:00,234.53570500509036,82.76436088903533,29.47425414527692,346.7743200394026,1.478556623316165,2.0802939962011338
2025-06-01 11:00:00,263.3794600873876,112.54670835381393,32.50806972041285,408.43423816161436,1.5507444583039942,4.974459414124922
2025-06-01 12:00:00,288.4926924230628,92.72155425951082,46.696256904740004,427.9105035873136,1.483262886117754,5.362509753005387
2025-06-01 13:00:00,307.8175455658949,114.28084273429322,45.47755723954608,467.57594553973416,1.5190035534853539,7.7346562083114545
2025-06-01 14:00:00,349.8918455815131,127.43836697386502,53.35274930626143,530.6829618616396,1.5167057151036352,9.538002325141695
2025-06-01 15:00:00,325.6590991094282,103.82429898667806,37.613210267435534,467.0966083635418,1.434311553526062,8.352711818266032
2025-06-01 16:00:00,315.0270274068359,109.12623874065649,27.812815581596528,451.9660817290889,1.4346898596272046,8.261393063299497
2025-06-01 17:00:00,318.44161249978544,125.46927709588843,48.411531069366596,492.3224206650405,1.546036702930501,11.245404869891065
2025-06-01 18:00:00,308.68352120588725,115.04568625141928,39.47261704790748,463.201824505214,1.5005719213506878,12.89523902763245
2025-06-01 19:00:00,260.94183404103717,110.85047335819765,41.2866275619492,413.078934961184,1.5830307029122088,13.457901366585077
2025-06-01 20:00:00,264.2187457403493,103.61329439462723,39.97359624070956,407.8056363756861,1.5434394529161881,10.168169329379895
2025-06-01 21:00:00,236.21335713957774,82.4976488556252,37.82392602709586,356.5349320222988,1.5093766768304444,14.772436957028622
2025-06-01 22:00:00,257.3383744335231,87.41178433197535,34.420408314189814,379.1705670796882,1.4734318887121027,13.157857963268679
2025-06-01 23:00:00,216.25385978274988,67.95492611024919,41.04335001666041,325.2521359096595,1.5040292748365742,10.789364104923145
2025-06-02 00:00:00,225.08169916933213,77.06934286849395,43.292424460557555,345.4434664983836,1.5347470175196325,13.57534842994637
2025-06-02 01:00:00,220.92346799519004,57.399335867936756,36.05681855558719,314.379622418714,1.4230250198025984,9.628732084341117
2025-06-02 02:00:00,215.75301677588524,82.26027663577203,30.655762566754326,328.6690559784116,1.5233578695208634,11.053654543053138
2025-06-02 03:00:00,187.81022910993102,67.89808911320388,41.28696544002946,296.99528366316434,1.5813584013537623,10.876368787674886
2025-06-02 04:00:00,207.98763512129477,70.65168942147231,43.572101681037566,322.21142622380466,1.5491854890118664,8.579815756355327
2025-06-02 05:00:00,203.0217426007005,74.62841088735594,32.37868551506631,310.02883900312276,1.5270721009073491,5.157334248320071
2025-06-02 06:00:00,218.07647199779555,85.73046882440005,36.50556173535519,340.3125025575508,1.5605191125844646,6.338445428305007
2025-06-02 07:00:00,256.2127056592422,80.79028631940602,36.85396394236528,373.8569559210135,1.4591663397764347,4.522701849135395
2025-06-02 08:00:00,254.48445219836768,96.52680874686743,37.03353750897675,388.04479845421184,1.5248271362045152,3.999472144129977
2025-06-02 09:00:00,298.2011922367817,114.87356411492755,45.54966040214184,458.6244167538511,1.5379697623398099,3.749627748371868
2025-06-02 10:00:00,339.58678384808485,112.40117557239451,37.87146149700445,489.8594209174838,1.4425161526210157,2.6982526371257065
2025-06-02 11:00:00,329.58997408793704,129.01487597135895,41.59834246433294,500.2031925236289,1.51765293804165,6.623424382830988
2025-06-02 12:00:00,378.19754745830863,129.36294515620833,47.476626805769165,555.0371194202861,1.4675851896725263,4.115783847026671
2025-06-02 13:00:00,363.71565009175873,136.69319251295192,48.03775351891107,548.4465961236217,1.5078993603526787,10.060147775671254
2025-06-02 14:00:00,355.57441082962345,138.09541114741475,39.168721298756694,532.8385432757949,1.498528935286935,9.069587938602968
2025-06-02 15:00:00,409.2777624449486,138.87061859966246,49.72880490557721,597.8771859501884,1.4608103366735152,7.536358419522009
2025-06-02 16:00:00,393.68127921276096,126.37812484824843,42.27512453416739,562.3345285951768,1.4284004810177142,11.458044388482364
2025-06-02 17:00:00,349.20513780292606,105.84881438649481,41.71180649562009,496.76575868504096,1.4225614256723529,9.593161702785945
2025-06-02 18:00:00,339.76656933438454,106.64991015228645,40.14264599053685,486.55912547720783,1.4320394335157676,14.113302645355086
2025-06-02 19:00:00,311.9126117579147,106.88867070549152,43.2834606561846,462.0847431195908,1.4814557850524797,13.088999321974214
2025-06-02 20:00:00,320.5920258713103,134.46934210380132,49.18419143039661,504.2455594055082,1.57285745967967,12.507796421419291
2025-06-02 21:00:00,291.476041490793,109.888830197735,43.46542202734993,444.83029371587793,1.52612987139778,14.422141317685846
2025-06-02 22:00:00,207.7094384704666,61.54419236957346,38.78708441251433,308.0407152525544,1.4830366762382514,12.943062725767792
2025-06-02 23:00:00,251.78321802569727,76.39423238767762,35.53461564987472,363.7120660632496,1.4445445129950192,13.730762082408237
2025-06-03 00:00:00,221.04117047912126,76.8642477424986,35.668462525281754,333.57388074690164,1.5091029423335858,15.335631905492772
2025-06-03 01:00:00,232.45899553957636,59.90249763456585,43.818030317870246,336.17952349201244,1.4461884889061114,10.164337905432115
2025-06-03 02:00:00,226.115935609146,76.96412391713423,20.255173079496004,323.33523260577624,1.429953319011886,10.220953735373477
2025-06-03 03:00:00,194.71224803905588,78.1643961058655,45.865173021518714,318.7418171664401,1.6369890460229604,9.333387140159111
2025-06-03 04:00:00,202.05420837323945,78.8339724967569,39.53083615197568,320.419017021972,1.5858071930384454,10.001241260214414
2025-06-03 05:00:00,210.35876367177198,76.01999306293223,34.4743008489356,320.85305758363984,1.5252659408298999,9.164792422591592
2025-06-03 06:00:00,240.31553965014714,86.27422239355919,37.77111137458315,364.3608734182895,1.5161769145213344,10.74584572889858
2025-06-03 07:00:00,282.54352723451655,99.04155639232242,52.310880697008415,433.8959643238474,1.5356783026344307,4.5936741162479695
2025-06-03 08:00:00,260.1864116749101,82.31514509504373,37.09074619017207,379.5923029601259,1.4589243939241818,4.3910557325914965
2025-06-03 09:00:00,283.53730035005714,102.70308814174236,39.189492512503165,425.4298810043026,1.5004370870395674,5.72447718838902
2025-06-03 10:00:00,296.9141449935345,97.46001369149772,44.57563736311015,438.94979604814233,1.4783728005201664,3.0883860224163544
2025-06-03 11:00:00,345.0562032406903,129.08707495298145,32.35209247630056,506.4953706699724,1.4678633970729456,8.11789415689983
2025-06-03 12:00:00,375.56104173828317,126.39073376930699,41.88677421489309,543.8385497224832,1.4480696592099331,7.683442413019526
2025-06-03 13:00:00,357.79760990742074,128.9747829758264,42.608986297508146,529.3813791807553,1.4795553813725346,8.343275182810974
2025-06-03 14:00:00,413.65622523737346,141.3837325779406,41.94021381869937,596.9801716340135,1.4431794693563258,8.102750046792709
2025-06-03 15:00:00,395.4424695767106,141.7890978840726,51.457824094256665,588.68939155504,1.4886853002541296,9.081715508112444
2025-06-03 16:00:00,390.88225614206516,135.57072557477875,43.879183347204126,570.332165064048,1.4590894216921482,10.215606574856167
2025-06-03 17:00:00,399.9484939955928,138.75378819117788,41.13000734089236,579.832289527663,1.4497674031347956,10.963514951043377
2025-06-03 18:00:00,384.7276948919205,138.9215789058302,46.650509571711844,570.2997833694626,1.482346581598899,13.462906090251385
2025-06-03 19:00:00,314.1760496311115,105.97430913250409,35.9730062636101,456.1233650272257,1.4518081997745567,13.656998525350005
2025-06-03 20:00:00,320.0463942636206,117.32134700286566,48.74104063333063,486.10878189981685,1.5188697345529583,13.313659430599781
2025-06-03 21:00:00,334.48476087549085,120.68416281800472,42.879891002923685,498.04881469641924,1.489003006871855,14.149532953913317
2025-06-03 22:00:00,260.78017784156646,98.23757213941708,30.833722574524337,389.8514725555079,1.494942889380024,16.038290917782493
2025-06-03 23:00:00,261.02947225006756,96.35079534397822,32.328809705408474,389.7090772994543,1.4929696403251775,15.011702219445118
2025-06-04 00:00:00,194.0319302499831,75.04818145034922,31.684960960166567,300.7650726604989,1.5500803000465182,10.769321246286989
2025-06-04 01:00:00,187.29171951887798,65.80372488850942,41.19454515842135,294.28998956580875,1.5712920481577721,12.563919753628543
2025-06-04 02:00:00,203.31073072981047,73.81007208269061,34.9129115242847,312.0337143367858,1.5347626424670255,10.932532674707947
2025-06-04 03:00:00,200.74624814656696,67.52111550168091,37.755930595722724,306.02329424397055,1.5244284616494537,8.299033593870295
2025-06-04 04:00:00,191.03495819020873,61.71343012823881,30.697257934874862,283.4456462533224,1.4837370549274165,9.447874406138677
2025-06-04 05:00:00,221.150044173181,73.12032043341011,39.27448064208884,333.54484524867996,1.5082287073272453,7.5294695221235886
2025-06-04 06:00:00,215.65087950194643,63.32458310961954,37.05445792850496,316.0299205400709,1.4654701212902703,9.769668148252926
2025-06-04 07:00:00,245.6177765701122,88.78581825861914,34.44477004237908,368.84836487111045,1.501716895339706,6.39842697770225
2025-06-04 08:00:00,276.4668935118018,98.35385243927342,34.63594900313832,409.4566949542135,1.481033369866163,3.044737224808687
2025-06-04 09:00:00,288.65417082074134,107.93836974372532,39.11531690089203,435.7078574653587,1.509445909707433,8.266947374190265
2025-06-04 10:00:00,320.6625467011108,112.19862737383784,37.37098071598652,470.23215479093517,1.4664392821318109,5.598061988163517
2025-06-04 11:00:00,354.72011985278056,138.64173163262197,43.94037944644861,537.3022309318511,1.5147216096872305,5.0407226281290765
2025-06-04 12:00:00,364.0084706762239,145.5675261257653,45.96871087578192,555.5447076777712,1.526186208375117,4.952459011309861
2025-06-04 13:00:00,395.7139386525166,160.84516736128325,39.7870587451149,596.3461647589148,1.5070132904329583,10.151262859199955
2025-06-04 14:00:00,380.6520697652468,118.93759093235958,48.483080583545075,548.0727412811514,1.4398259849714075,9.000139671301712
2025-06-04 15:00:00,389.3156920343645,124.36278893662232,40.87467065669167,554.5531516276785,1.424430514808863,9.56238395105234
2025-06-04 16:00:00,364.92979080244555,131.81762972358726,48.20983399780548,544.9572545238383,1.4933208202200474,8.322839174705155
2025-06-04 17:00:00,386.2086479134414,136.08925328197174,25.927120907423742,548.2250221028369,1.419504780808811,12.660675522889944
2025-06-04 18:00:00,340.0826686538745,128.1718742422685,43.70903811421287,511.9635810103559,1.5054092084046082,10.873846138873517
2025-06-04 19:00:00,349.7752971825301,127.92829811911923,40.48488982488225,518.1884851265315,1.481489657218746,18.045427521331632
2025-06-04 20:00:00,322.05984823530804,125.22706234239881,43.40593856428811,490.692849141995,1.5236076519028783,14.489235424043097
2025-06-04 21:00:00,286.4863348607041,98.56736804954056,49.31656490238828,434.37026781263296,1.5161989070921418,15.149878856553762
2025-06-04 22:00:00,295.75895810420275,108.94051854710435,44.72492611015179,449.4244027614589,1.5195631119417057,10.683693968579075
2025-06-04 23:00:00,275.24835318824375,96.92180688222025,38.08288225361076,410.2530423240748,1.490483185719555,11.26721143583295
2025-06-05 00:00:00,238.44074569742838,90.40455639421913,30.946533118054063,359.79183520970156,1.5089360426101954,11.929074788338657
2025-06-05 01:00:00,214.56412763411328,77.93960289296565,33.810279139686656,326.31400966676557,1.5208227641072156,11.013338411205417
2025-06-05 02:00:00,217.25152854504165,72.55177021239001,35.761553880383225,325.5648526378149,1.4985618504880494,9.407348282586952
2025-06-05 03:00:00,247.25934290463954,81.68609647983456,37.40946710366063,366.3549064881347,1.4816625417848284,8.226112334526581
2025-06-05 04:00:00,191.63820556932097,46.475617122435594,47.391755099363536,285.5055777911201,1.4898155456159532,7.071834116884938
2025-06-05 05:00:00,200.99132803184537,55.54346315046307,36.62305777376673,293.15784895607516,1.4585596892500097,8.555083570120292
2025-06-05 06:00:00,233.94695214968056,81.43883280109121,49.48541274898716,364.8711976997589,1.5596321916017624,8.797652219330125
2025-06-05 07:00:00,286.42178119469634,98.47273941764706,45.224427974694535,430.11894858703795,1.5016977647194467,5.651542069499714
2025-06-05 08:00:00,300.18554075405376,105.73746992015624,46.06898615712095,451.99199683133094,1.5057087549784895,6.369931843456168
2025-06-05 09:00:00,289.95237929723925,107.09558216801821,32.513224754034624,429.5611862192921,1.4814887439807332,8.033191431256933
2025-06-05 10:00:00,362.09195627910645,122.9126821276088,46.130434877383486,531.1350732840987,1.4668513455590022,7.573926367427849
2025-06-05 11:00:00,333.9379079409512,127.30705988217143,39.941859817729636,501.18682764085224,1.5008383766046558,9.228436567490599
2025-06-05 12:00:00,367.7370319187822,124.35070071469352,43.321833772464494,535.4095664059402,1.455957708725375,5.267189444580052
2025-06-05 13:00:00,365.48703797800397,139.48029409470465,47.22410303047199,552.1914351031805,1.5108372602160873,4.388648559399643
2025-06-05 14:00:00,389.55882090234905,153.07352356918182,43.095320189183816,585.7276646607146,1.5035666842403226,6.600907725712583
2025-06-05 15:00:00,386.8070099838565,138.66680070416956,41.971233838664,567.4450445266901,1.466997830650413,10.28312410851858
2025-06-05 16:00:00,378.2250185882104,146.1421614514946,44.31662998504499,568.68381002475,1.503559474059806,9.697602853023431
2025-06-05 17:00:00,400.8626838300362,144.41018676676202,41.73571461623184,587.00858521303,1.464363256775277,12.48755115287118
2025-06-05 18:00:00,340.5669554203258,129.32604228085822,36.334953746335266,506.22795144751933,1.486427098667678,13.463591121389536
2025-06-05 19:00:00,336.51649236103117,108.21150282399374,39.52929619642093,484.25729138144584,1.4390298911766595,13.774782556874241
2025-06-05 20:00:00,277.1637491018616,92.63911592882988,43.91845062481334,413.7213156555048,1.4926963464599996,13.632236141719204
2025-06-05 21:00:00,282.52180407185415,86.7075534366278,25.82526700472469,395.05462451320665,1.3983155240390999,12.511786141510497
2025-06-05 22:00:00,272.01603104462424,85.80908820640902,33.822650335969094,391.64776958700236,1.4397966475834378,13.646361604040681
2025-06-05 23:00:00,246.19022903872553,79.45315550429682,43.659535133710754,369.3029196767331,1.5000713924298028,14.80697994560456
2025-06-06 00:00:00,233.60137034867398,76.95182258514953,35.56875469927637,346.1219476330999,1.4816777278167395,13.709805954764551
2025-06-06 01:00:00,214.73954158992652,88.62464057297777,41.68389066638554,345.0480728292898,1.606821316067651,10.400248711999309
2025-06-06 02:00:00,246.3667903780328,101.12109016251965,39.023476604098796,386.51135714465124,1.5688452025192856,11.805137426985977
2025-06-06 03:00:00,206.8748073626314,79.05704191339869,39.69544817410593,325.62729745013604,1.574030698089512,9.909909920354101
2025-06-06 04:00:00,213.2770425857352,80.23254146953121,48.289049310390425,341.79863336565677,1.6026039615973071,8.96740426502033
2025-06-06 05:00:00,240.4994177877573,91.36985356338262,31.516531828841508,363.3858031799814,1.5109633383839305,6.389895532342138
2025-06-06 06:00:00,224.21834773264644,69.92636256299433,44.97171142133746,339.11642171697827,1.512438322493278,6.0417329381256115
2025-06-06 07:00:00,254.00741386774092,84.68679220383453,40.2636351305365,378.9578412021119,1.4919164579953221,7.180117098835155
2025-06-06 08:00:00,292.93344201497064,106.4591986039884,44.38364941047871,443.77629002943775,1.5149389805987332,8.274173631653875
2025-06-06 09:00:00,281.2166585037811,111.62341345991345,34.74635644804906,427.5864284117436,1.5204875510815248,8.500775631953047
2025-06-06 10:00:00,337.9850180001159,136.90260968938773,41.339482437169394,516.227110126673,1.527366843599251,4.604495222496148
2025-06-06 11:00:00,353.43632815214926,130.41864615021277,37.47874388904837,521.3337181914104,1.4750428200662602,4.656427833321274
2025-06-06 12:00:00,348.93146496002163,135.11342618854485,43.49359548733894,527.5384866359054,1.5118684888344691,7.366912375498445
2025-06-06 13:00:00,378.63364585250736,127.26061824816655,45.97257575775053,551.8668398584244,1.4575219236417205,5.235681264621368
2025-06-06 14:00:00,380.48031767558666,139.014518433033,30.08770381556639,549.5825399241861,1.4444440734324213,9.87600571708659
2025-06-06 15:00:00,397.6547443130516,138.41971150663997,51.10389471590378,587.1783505355954,1.4766034076871024,9.373629371237886
2025-06-06 16:00:00,404.62769849822354,117.87964481278667,35.76966632974579,558.277009640756,1.3797300869732896,10.809318659941457
2025-06-06 17:00:00,383.46374356153336,139.5483657675934,40.25940152524431,563.2715108543712,1.4689042192693884,14.110732299909026
2025-06-06 18:00:00,379.56225122567355,145.92394596049374,49.8351180743256,575.3213152604928,1.515749559927729,10.797723495062728
2025-06-06 19:00:00,357.02638884435675,119.88060803281603,51.19268918884599,528.0996860660188,1.4791614921670126,14.32460079330502
2025-06-06 20:00:00,289.2542159825446,112.07046289259425,29.121577332505844,430.44625620764475,1.4881243986211095,13.81436021458524
2025-06-06 21:00:00,291.26685487124456,108.41842715902723,47.35338650319182,447.0386685334636,1.5348078954300461,15.591335849717712
2025-06-06 22:00:00,261.59376707359377,88.7027890234134,35.897489408404205,386.1940455054114,1.4763121072252614,12.546760802193967
2025-06-06 23:00:00,291.23528004941585,108.81384079149464,41.8563409936417,441.9054618345522,1.517348659680143,11.642558507587465
2025-06-07 00:00:00,186.8754895338763,61.58284397958062,27.93093262983149,276.3892661432884,1.4790022320887901,12.262843941029843
2025-06-07 01:00:00,194.28102310265547,63.64378281539871,41.75356543089385,299.678371348948,1.5424994503482825,10.551042020350271
2025-06-07 02:00:00,136.90717560740865,59.89021930743449,33.19895454512434,229.9963494599675,1.6799437168983666,11.278505851966905
2025-06-07 03:00:00,219.49263277923205,70.9903791280814,30.5114133285459,320.99442523585935,1.4624382657923596,8.778339628394694
2025-06-07 04:00:00,149.2920135957887,61.83877933189874,30.165988542704483,241.29678147039192,1.6162738760005482,6.357063472202085
2025-06-07 05:00:00,194.57539542850287,68.60571112849641,31.95570002986122,295.13680658686053,1.5168249096289728,5.610081006629473
2025-06-07 06:00:00,200.64453015602146,96.82430090347509,34.58919500266456,332.0580260621611,1.6549567825444946,8.062875032702232
2025-06-07 07:00:00,227.7975658809349,76.38296811585812,39.21995602135041,343.40049001814344,1.5074809455937375,6.60641972008615
2025-06-07 08:00:00,219.0076605905783,71.95686908711848,32.246866134412976,323.21139581210974,1.4757994991615115,5.737687819148563
2025-06-07 09:00:00,225.92886356207038,93.65550074817833,40.369577987306194,359.9539422975549,1.5932180449297184,8.20297717731834
2025-06-07 10:00:00,285.34628106989044,105.24804885045627,31.870381889509954,422.4647118098566,1.480533442475045,1.931636162408962
2025-06-07 11:00:00,288.5023392062234,93.62952024657476,47.28676388436039,429.4186233371585,1.4884406986738754,7.4665318058288666
2025-06-07 12:00:00,310.9537690695498,112.31058242533753,37.74425485509725,461.00860634998463,1.4825631724273218,5.522860531881501
2025-06-07 13:00:00,322.8676497600254,108.86427664212583,44.62328471380755,476.3552111159588,1.4753884802952992,6.25951444363302
2025-06-07 14:00:00,343.07914486370515,116.61772510354248,37.76882572555588,497.4656956928035,1.4500027271853886,8.747677831760994
2025-06-07 15:00:00,309.6220778347664,121.47754313866518,42.164241218079376,473.26386219151095,1.5285210457248917,12.627006501519613
2025-06-07 16:00:00,330.08789511017517,109.15033500861097,38.61532438099038,477.8535544997765,1.4476554929113072,10.563807498456857
2025-06-07 17:00:00,299.384578802541,100.61855486150117,40.50839579804348,440.5115294620856,1.471390180563124,10.603500996629723
2025-06-07 18:00:00,291.45095884767437,98.41505659467613,39.532366897078,429.3983823394285,1.4733126425013814,12.99314858750169
2025-06-07 19:00:00,267.78984162126045,93.61069342462763,41.0963294729983,402.4968645188864,1.5030326097587536,14.924463645184497
2025-06-07 20:00:00,243.85671087325662,70.13451716801879,38.25023677854826,352.24146481982365,1.4444608211044867,14.709375664915745
2025-06-07 21:00:00,238.30538489696625,92.7133717810722,49.358095170852614,380.3768518488911,1.5961739681768035,14.142482966059907
2025-06-07 22:00:00,220.8076319394837,60.078457618428956,36.53108238798108,317.41717194589376,1.4375280834173685,13.52934716137076
2025-06-07 23:00:00,206.62739356456905,80.04586576683438,44.275744998370044,330.94900432977346,1.6016705172557633,13.093582382678818
2025-06-08 00:00:00,177.0916563919264,70.51452950533694,26.64017439259696,274.2463602898603,1.5486125426650152,12.30437768387066
2025-06-08 01:00:00,195.88392594506968,61.1125453961025,24.893666374515096,281.8901377156873,1.4390672249173508,10.91535521135691
2025-06-08 02:00:00,192.15576242140145,76.0228226127135,30.08794121270777,298.2665262468227,1.5522122391142152,9.211140797774922
2025-06-08 03:00:00,176.68051983627717,70.55810034007932,25.66975604903362,272.9083762253901,1.544643271812215,11.059618165435008
2025-06-08 04:00:00,192.4568344672132,86.96227544140916,39.480845184258186,318.89995509288053,1.656994702088421,6.473291473745302
2025-06-08 05:00:00,179.7375329631231,71.89305248516507,40.2477585163503,291.8783439646385,1.6239142662791717,8.861764167990453
2025-06-08 06:00:00,201.33288515568424,73.9018781848551,34.196735207084515,309.43149854762385,1.536914837873358,8.229130805955117
2025-06-08 07:00:00,168.90931522839597,51.13137041582799,20.38353390435151,240.42421954857548,1.4233923050571746,6.2184240757069125
2025-06-08 08:00:00,210.06074377249723,70.01266950531812,37.290483918824435,317.36389719663975,1.5108196395817555,5.884046105168683
2025-06-08 09:00:00,236.6462142870896,71.54357102076877,27.332958234375027,335.5227435422334,1.4178242595302657,5.616256605125173
2025-06-08 10:00:00,252.78727670277223,76.13156145808111,35.44184807609517,364.3606862369485,1.4413727264658358,7.037924649390639
2025-06-08 11:00:00,280.6489008064163,100.42566016709588,34.84845478668828,415.9230157602004,1.4820047916278583,7.96317801869873
2025-06-08 12:00:00,268.36808881452714,96.47137964666682,43.04623291187501,407.88570137306897,1.5198740773347474,9.339464557167393
2025-06-08 13:00:00,278.3623920127166,113.41656734989502,47.573145454690454,439.3521048173021,1.5783457730785375,9.091230160488024
2025-06-08 14:00:00,345.3309876010771,112.33386838351626,32.934910107132126,490.5997660917255,1.4206653434138423,8.115818211097793
2025-06-08 15:00:00,311.97941968642584,128.70519211754063,29.475233851886575,470.1598456558531,1.507021989233829,10.512732696019144
2025-06-08 16:00:00,310.0979106425694,125.00443426526985,43.413428137053074,478.5157730448923,1.543111890219885,9.807030417040655
2025-06-08 17:00:00,322.6719019177346,125.9572049838769,43.338909965546556,491.9680168671581,1.5246695294608752,12.751376215980331
2025-06-08 18:00:00,283.32009094010357,89.45992097825147,50.13596186012445,422.9159737784795,1.4927143796092024,15.056901393175712
2025-06-08 19:00:00,255.50882084579888,100.04815620971006,35.70193371746248,391.2589107729714,1.5312931642743501,13.758025231748546
2025-06-08 20:00:00,243.38197210088248,92.75574358670309,38.90838922962724,375.0461049172128,1.5409773438837746,17.116293434656825
2025-06-08 21:00:00,257.52758224301465,92.29141736499997,23.930871884392914,373.7498714924075,1.4513003548478947,18.36108403837608
2025-06-08 22:00:00,246.34825480258368,84.33868764980956,39.794672269359076,370.4816147217523,1.5038938068331171,13.981956900711818
2025-06-08 23:00:00,193.3279816171761,40.0,32.485447160169635,265.81342877734573,1.3749351053780914,12.902963673494174
2025-06-09 00:00:00,238.07888169130453,87.61503861004942,37.88316426326615,363.5770845646201,1.5271286641712214,17.176131187041513
2025-06-09 01:00:00,236.65742895960696,84.07298090441509,29.461345782979816,350.19175564700186,1.4797412326607042,11.429918650736525
2025-06-09 02:00:00,210.86073950432757,83.37527003160199,34.22747099186027,328.46348052778984,1.557727063368516,12.759389216671009
2025-06-09 03:00:00,215.24221488022295,72.20130689425358,40.07758584301813,327.52110761749464,1.5216397387461942,10.670891761426859
2025-06-09 04:00:00,198.9079722673611,60.7901873136866,38.620805692252205,298.31896527329985,1.4997838541751158,8.405736973528981
2025-06-09 05:00:00,228.63480296889446,64.49536317126217,31.837977871314784,324.9681440114714,1.4213415446452524,8.863011512657172
2025-06-09 06:00:00,230.66758080156498,85.2908735888748,40.809028074533956,356.76748246497374,1.54667370778856,6.512321350323244
2025-06-09 07:00:00,248.92299322573814,88.22470227814445,36.88345045523485,374.03114595911745,1.5025978159435187,7.323025888861194
2025-06-09 08:00:00,276.1804704039774,90.35657224221154,38.39824899099181,404.93529163718074,1.466198138647783,7.415985663421288
2025-06-09 09:00:00,304.12329468143633,110.9461129896329,35.36773634915652,450.4371440202258,1.4811004349142363,9.268534817611592
2025-06-09 10:00:00,298.55974070445444,114.95051682380603,42.771703582071105,456.28196111033157,1.5282769205041848,5.076418494469353
2025-06-09 11:00:00,370.07008983723495,112.93546698932028,47.24560053543968,530.251157361995,1.4328398104132414,5.49233881097483
2025-06-09 12:00:00,378.23749185894496,127.29873339026484,41.41326974166822,546.9494949908781,1.4460478053160588,7.643376665679603
2025-06-09 13:00:00,413.9989366813044,144.34536031679468,36.42945397984223,594.7737509779413,1.436655262319664,9.354189561001931
2025-06-09 14:00:00,380.81983758512445,120.65832158962272,45.171945301172364,546.6501044759195,1.4354559571853374,9.912867350375734
2025-06-09 15:00:00,405.2464134861112,165.96764124230504,48.05769592865181,619.271750657068,1.5281362895474262,12.65342259657864
2025-06-09 16:00:00,387.042546259408,139.82094870164113,45.81915008631272,572.6826450473618,1.4796374470509295,12.140062213315813
2025-06-09 17:00:00,364.7328112139307,113.58450803392331,44.359578556306495,522.6768978041605,1.4330405209900052,11.482503743060436
2025-06-09 18:00:00,375.9436367021505,125.02254267735358,46.50320125311859,547.4693806326227,1.4562538827232954,15.420752185777197
2025-06-09 19:00:00,314.63141124760796,129.2115821709028,40.599733473125355,484.44272689163614,1.5397150747621648,10.334038153552731
2025-06-09 20:00:00,302.3664544475205,121.14787508999868,38.70556567494552,462.21989521246473,1.528674521970455,15.131953782309097
2025-06-09 21:00:00,302.6234606414884,90.42548282770778,32.29990222115074,425.3488456903469,1.4055382381415849,14.076271562455386
2025-06-09 22:00:00,277.49527480067286,73.08300943698326,39.224470797284816,389.80275503494096,1.4047185319279383,15.479851376344827
2025-06-09 23:00:00,261.95074217811367,113.38888114471811,26.160477467183863,401.50010079001567,1.5327312969283946,13.62861051268655
2025-06-10 00:00:00,258.8342000544877,93.09592638926338,36.88313507369891,388.81326151745,1.5021711251279781,13.689861771260041
2025-06-10 01:00:00,215.52030237015103,66.09380632568323,47.33408754666055,328.9481962424948,1.5262979525591702,11.578393516775964
2025-06-10 02:00:00,241.06704814131993,90.97673471375535,36.50293298021603,368.5467158352913,1.528814156380425,11.553690323254056
2025-06-10 03:00:00,161.10063793797167,52.285345392404686,32.04912492862818,245.43510825900452,1.523489362925453,10.795824569905177
2025-06-10 04:00:00,234.7555530226276,73.35079726944072,35.87229026939504,343.97864056146335,1.4652630625027556,8.313885844656992
2025-06-10 05:00:00,213.67790195518225,85.53328321399536,43.33850439859974,342.54968956777736,1.6031123781794958,7.6698045769812895
2025-06-10 06:00:00,257.50094305058946,81.68478777707726,38.23572832964649,377.42145915731317,1.4657090365807466,6.986683571097603
2025-06-10 07:00:00,257.60221919968126,91.87026404777113,40.47889095603673,389.9513742034891,1.5137733495269965,7.738377983592939
2025-06-10 08:00:00,267.47031158038783,88.17085915283738,29.072520400354453,384.71369113357963,1.4383416569130307,7.207359912022079
2025-06-10 09:00:00,266.189899886912,103.05932130283188,41.62497574656013,410.874196936304,1.5435378919743372,5.190774012641242
2025-06-10 10:00:00,318.59167397386835,122.28272760031096,29.305782912782206,470.18018448696154,1.4758081359198572,6.398179984092863
2025-06-10 11:00:00,330.3803836401746,124.48562449176252,42.47406145254202,497.3400695844791,1.5053559297459513,4.951685762311057
2025-06-10 12:00:00,381.7029761968188,124.8706047342182,39.526255712630515,546.0998366436675,1.4306931585518479,6.520056183423858
2025-06-10 13:00:00,363.72096792034847,113.83836723878726,35.25860942747725,512.817944586613,1.4099213128095363,6.11677902009268
2025-06-10 14:00:00,397.71210164409956,141.96873859861788,41.72522048583935,581.4060607285568,1.461876715154218,9.364044065240918
2025-06-10 15:00:00,400.6098561046137,138.71061597186588,36.08230679363401,575.4027788701135,1.436317080326289,11.752565137875958
2025-06-10 16:00:00,410.24398601579156,136.58406356982127,47.7247215625073,594.5527711481201,1.4492662693786178,14.139012977978526
2025-06-10 17:00:00,382.1145946904638,133.56768427530474,45.041669439676426,560.723948405445,1.4674235326176581,13.830319826768344
2025-06-10 18:00:00,347.921807071148,131.99092408115092,51.65859755465843,531.5713287069574,1.5278471136425609,13.234830506089285
2025-06-10 19:00:00,317.0189669407825,110.43159180115904,46.02904197100146,473.479600712943,1.4935371384305425,12.520889846573581
2025-06-10 20:00:00,330.9111093873116,108.56853905883229,43.11469719921189,482.5943456453558,1.4583806102457202,17.56561290630596
2025-06-10 21:00:00,284.6151120761175,103.0460266502744,35.662877766098454,423.32401649249033,1.4873560767893326,15.629951882102064
2025-06-10 22:00:00,287.4960116043007,103.19975579709953,42.51975184918756,433.21551925058776,1.5068574928505452,14.70047704996124
2025-06-10 23:00:00,282.13352899155603,86.94854272948132,36.32170796000987,405.4037796810472,1.4369216630511876,12.191516245875606
2025-06-11 00:00:00,261.1829104658326,80.96694741713544,50.913522704822164,393.0633805877902,1.5049352956774327,13.257922552863047
2025-06-11 01:00:00,241.09547667944992,79.13036908934507,29.21837314712605,349.44421891592106,1.4494018043338364,12.198305287666823
2025-06-11 02:00:00,231.6083052387435,89.93814559768231,38.845111549160876,360.3915623855867,1.5560390289721802,11.264014288436464
2025-06-11 03:00:00,233.13831479820874,94.7452663118211,35.74157216387632,363.6251532739061,1.559697099074596,10.016258428601509
2025-06-11 04:00:00,181.8890993745633,60.323066029128604,35.664130080666524,277.8762954843584,1.5277237417737122,10.874733631856254
2025-06-11 05:00:00,230.64314456638363,81.70575574972823,47.32866489929878,359.6775652154106,1.5594548274635076,8.240544079820523
2025-06-11 06:00:00,220.21185689835866,70.63082051872706,39.68347130716637,330.5261487242521,1.500946195085264,9.204232614921855
2025-06-11 07:00:00,269.0629508805642,87.61564148338091,36.294128411626765,392.9727207755719,1.4605233440333845,10.829900307402825
2025-06-11 08:00:00,278.77354001939403,111.09882687750168,39.31216337380053,429.1845302706962,1.5395454326147244,6.789303482214309
2025-06-11 09:00:00,302.65103384205986,100.57037326989924,29.230466509934843,432.4518736218939,1.4288795519118278,6.651612827012971
2025-06-11 10:00:00,329.5291799290101,97.11931990605778,29.462816022283903,456.1113158573518,1.3841302793142964,5.01213250299128
2025-06-11 11:00:00,333.54803233185294,124.66488440635611,54.874686197919644,513.0876029361287,1.5382720124268299,7.348717113634936
2025-06-11 12:00:00,371.2433486849686,147.70590349945752,40.046589852606395,558.9958420370325,1.5057396826559384,6.5796487770233
2025-06-11 13:00:00,403.0358671157639,145.3326771490789,49.06565135398995,597.4341956188327,1.4823350584012214,7.033848303447832
2025-06-11 14:00:00,391.7843962977624,143.9487700341904,42.68803215306282,578.4211984850157,1.4763763027596595,13.008069786836565
2025-06-11 15:00:00,399.8422371553975,131.259185458449,37.14320247559506,568.2446250894417,1.4211720830998529,10.138964945423803
2025-06-11 16:00:00,376.9445551531025,138.67035101111657,50.92917563151008,566.5440817957292,1.5029904903802567,11.687724108662408
2025-06-11 17:00:00,378.65876887119396,146.2961415401099,50.32519194973132,575.2801023610352,1.5192573093605677,10.646207627919559
2025-06-11 18:00:00,376.00698833642014,131.38933480789845,35.413961878474645,542.8102850227932,1.4436175439833348,16.4639818229163
2025-06-11 19:00:00,362.65531279173996,111.85462577661545,47.933618751984454,522.4435573203399,1.4406063799218645,15.371645834815357
2025-06-11 20:00:00,322.11204849231933,119.11840095764431,42.806699466061986,484.03714891602567,1.5026980554798073,13.69205182936341
2025-06-11 21:00:00,317.15607367138125,119.8417784917587,46.75268131249295,483.7505334756329,1.525275956016744,12.802203818052007
2025-06-11 22:00:00,263.7947965774798,93.2985531799259,32.744900460558156,389.83825021796383,1.4778087182756976,13.168047530771677
2025-06-11 23:00:00,254.16174999821777,85.36641380678704,46.52539569528178,386.05355950028655,1.518928633057467,14.357165354046122
2025-06-12 00:00:00,248.91297504411017,101.27128822928877,41.17703141446895,391.3612946878679,1.572281616169323,13.490403879690328
2025-06-12 01:00:00,225.82195940484303,77.45770971423529,33.22440190831303,336.5040710273914,1.4901299763506286,16.095009472547666
2025-06-12 02:00:00,222.28924331778063,69.65562755253168,40.81359944419631,332.75847031450866,1.4969616403741284,9.538971670148419
2025-06-12 03:00:00,197.71754488845235,69.01239800601368,39.63995034399977,306.3698932384658,1.5495331656647495,11.258126652018362
2025-06-12 04:00:00,219.19266429910095,61.876172846581554,27.579525539036574,308.6483626847191,1.4081144716757066,9.066845533458517
2025-06-12 05:00:00,234.27407426540495,80.15143230135301,39.10669630697994,353.5322028737379,1.509053889049744,9.787905828181689
2025-06-12 06:00:00,250.21770053952596,92.86243986161172,27.094351171665704,370.1744915728034,1.4794096931377094,8.47015899086435
2025-06-12 07:00:00,226.54334676095138,72.74453668982687,35.58770037925949,334.8755838300378,1.4781965068406913,6.7235990772633025
2025-06-12 08:00:00,287.1260954136509,92.01874075050256,28.09109221894196,407.2359283830954,1.4183173695738354,2.1188361766539163
2025-06-12 09:00:00,310.7493554131149,122.5207976498462,34.28198373682529,467.5521367997864,1.5045956770472315,7.334504447501528
2025-06-12 10:00:00,349.5530214132712,121.15745287975187,44.537454448481476,515.2479287415046,1.4740193824053227,6.459994939061294
2025-06-12 11:00:00,325.117340148282,106.57593959636476,43.73670228558,475.42998203022677,1.4623335126123664,6.737875029434247
2025-06-12 12:00:00,341.4545992798798,116.67623726372692,44.13585933131588,502.2666958749226,1.4709618699944063,5.009618880222876
2025-06-12 13:00:00,361.34723698610253,137.59896090731596,46.57684635055638,545.5230442439748,1.5096920313934923,8.636957356322872
2025-06-12 14:00:00,396.1152789494062,137.62147236303323,31.314216326726548,565.050967639166,1.4264811222071971,11.76929179144369
2025-06-12 15:00:00,417.73579547052685,125.02636914429692,46.911838651663814,589.6740032664876,1.4115955818492738,9.04855771944297
2025-06-12 16:00:00,433.22390665436825,157.61392068859342,48.23816669319128,639.0759940361529,1.475163268277381,11.113363813653116
2025-06-12 17:00:00,374.11052775403454,126.25298064589279,41.58525454669136,541.9487629466187,1.448632750861618,11.644407906811438
2025-06-12 18:00:00,382.86028292832896,148.805708595126,45.13215660814209,576.798148131597,1.5065499709709327,13.458134354519377
2025-06-12 19:00:00,346.76496062674687,130.05478689964434,40.4215899409161,517.2413374673073,1.4916193854547457,11.822227977307394
2025-06-12 20:00:00,285.9965425791313,101.58393474017383,43.14485847450348,430.72533579380865,1.506050849109943,15.605558346725374
2025-06-12 21:00:00,312.7516419442033,109.5328795115399,54.94308719075503,477.2276086464982,1.5258996105658762,14.255004954729392
2025-06-12 22:00:00,257.6893082148863,99.37152219042403,36.278362484470165,393.33919288978046,1.5264086648165323,9.799659459370416
2025-06-12 23:00:00,270.4858321351123,89.61931454258587,40.83356480182684,400.93871147952495,1.4822909884583133,11.730245863248937
2025-06-13 00:00:00,272.2121594381537,86.88525474120381,40.50794067558694,399.6053548549445,1.4679923030614448,14.26539546011494
2025-06-13 01:00:00,201.79846432499568,78.62691799136101,33.7198693372285,314.1452516535852,1.5567276624447224,13.504309255261967
2025-06-13 02:00:00,215.88790851347272,68.88245594563607,42.18723173655518,326.957596195664,1.5144785015843527,11.42978043733507
2025-06-13 03:00:00,170.22680169762083,53.08369937524213,32.417837683991934,255.7283387568549,1.5022801122182459,9.317735637606857
2025-06-13 04:00:00,222.11256200182925,74.9387599665216,33.38331738928882,330.4346393576397,1.4876900089735507,10.30786503923995
2025-06-13 05:00:00,245.01785639407206,91.98628187247495,30.092008024294675,367.09614629084166,1.498242420750046,6.914610927218579
2025-06-13 06:00:00,256.8731556752406,91.2959215602291,35.44609372679445,383.61517096226413,1.4934031154553995,8.063224139625651
2025-06-13 07:00:00,244.8319679994521,83.48794146530525,36.600882785291994,364.9207922500494,1.4904948697339475,9.554125829159888
2025-06-13 08:00:00,271.1995459864793,89.7232034883476,40.81449098869151,401.7372404635184,1.4813344874978038,6.056282693514152
2025-06-13 09:00:00,284.48012772018933,109.6670898582379,39.41186796612726,433.5590855445545,1.5240399708024497,4.367187474094077
2025-06-13 10:00:00,372.0866427237793,121.70740300081829,33.102336482797284,526.8963822073949,1.416058309296901,8.765911529941208
2025-06-13 11:00:00,341.4353276965946,105.9695303089423,40.94027978914445,488.3451377946813,1.430271264222059,10.123093624313219
2025-06-13 12:00:00,371.4372647828067,129.1911567322088,47.62066548816969,548.2490870031852,1.4760206877028532,6.589674990282576
2025-06-13 13:00:00,396.2389669329367,137.43344298980307,44.845783332987956,578.5181932557277,1.4600234745555496,7.279723241999035
2025-06-13 14:00:00,412.95634740149205,148.6378035349776,44.59958365315434,606.193734589624,1.467936595245645,8.898867023951492
2025-06-13 15:00:00,399.158866679354,137.14380298422464,34.976633391106645,571.2793030546852,1.4312078491634668,8.538651986801764
2025-06-13 16:00:00,385.066303369532,142.66584877162464,36.01732378257525,563.7494759237319,1.4640322224786444,13.62755223164967
2025-06-13 17:00:00,371.3606605796501,151.002106820971,46.233423364508035,568.5961907651291,1.5311158426894698,15.214158500943114
2025-06-13 18:00:00,376.97155325330954,133.99609892232561,44.28382381324731,555.2514759888825,1.4729267266906372,12.968541715663322
2025-06-13 19:00:00,368.47403120166786,136.82023620725533,39.128667831230686,544.4229352401538,1.4775069316681049,13.900168223373225
2025-06-13 20:00:00,327.1757917140498,102.1574196690876,38.194078301286225,467.52728968442364,1.4289788594537594,14.40553215151268
2025-06-13 21:00:00,287.61424222808984,78.94861770708516,43.277810833633175,409.84067076880814,1.4249665371014129,12.880937702414231
2025-06-13 22:00:00,270.993243184637,97.97433978018897,32.920579442283874,401.88816240710986,1.4830191250683313,13.89347657972552
2025-06-13 23:00:00,238.56610631030406,76.5179960138303,34.42963830421196,349.51374062834634,1.465060339182181,14.94526353033498
2025-06-14 00:00:00,186.43601323502048,60.24281175422177,32.57930636590738,279.25813135514966,1.497876544930823,16.532170070131013
2025-06-14 01:00:00,167.90776037696583,67.3297454332094,42.48526110499158,277.7227669151668,1.6540198397718953,12.46066632319072
2025-06-14 02:00:00,181.62445261858414,67.10739438209562,31.010814078235526,279.74266107891526,1.54022576280729,7.354175475815479
2025-06-14 03:00:00,170.53499976041763,55.87471041415544,38.45660824326447,264.86631841783753,1.5531493170900093,13.457838253481352
2025-06-14 04:00:00,183.75335447802914,52.91109787256187,41.69960888862334,278.3640612392143,1.514878800607134,10.1368787889754
2025-06-14 05:00:00,201.18867961362974,74.31466058163512,37.60832470293863,313.11166489820346,1.5563085631831513,8.849011867804236
2025-06-14 06:00:00,211.67811750699582,73.0777769534089,36.143932896827444,320.89982735723214,1.5159801643012374,7.712196891482761
2025-06-14 07:00:00,190.72038840163856,73.33917723893832,27.072442001943113,291.13200764251997,1.5264860253400088,7.089984954334094
2025-06-14 08:00:00,202.62449604041836,72.60981813139993,37.820423587865086,313.0547377596834,1.5449994639208728,6.909337972138145
2025-06-14 09:00:00,258.19250459701544,108.03444829685489,32.98609765749369,399.21305055136406,1.546183732848683,7.43947977425939
2025-06-14 10:00:00,276.0051304471584,99.64259828337686,35.76583160472523,411.4135603352605,1.4906011336409786,7.124173126531755
2025-06-14 11:00:00,306.31436923685555,102.33187624491904,33.14636477867087,441.7926102604455,1.4422849680905183,10.106224499875093
2025-06-14 12:00:00,322.2955360590549,110.60675131024799,44.91555754747003,477.8178449167729,1.4825456497455842,9.148439280152585
2025-06-14 13:00:00,291.31669407335596,101.22807009170322,43.14077819202598,435.6855423570852,1.4955735500945098,12.313265981683013
2025-06-14 14:00:00,327.96067213443337,107.63093037886934,34.48226044367442,470.0738629569771,1.4333238796519192,11.92403044358138
2025-06-14 15:00:00,306.39622029409566,93.20617214570493,38.70431844906762,438.3067108888682,1.4305225778182178,11.422343130656452
2025-06-14 16:00:00,348.58475945324886,110.27640808150203,34.52749291285896,493.3886604476099,1.415405140550276,11.277133627103584
2025-06-14 17:00:00,313.9148023670713,121.22404688901409,41.21530325040363,476.35415250648896,1.5174631744490716,13.157789458382501
2025-06-14 18:00:00,290.3744568736711,117.47575012644805,46.71687602666735,454.56708302678646,1.565451341419291,15.565839558550213
2025-06-14 19:00:00,298.47485678862347,95.42441712002402,26.574376520724844,420.47365042937236,1.4087406053339597,16.534290382710175
2025-06-14 20:00:00,270.7435543835574,106.11725376574184,33.542655080810654,410.40346323010994,1.5158383517736451,15.909813222900524
2025-06-14 21:00:00,254.84879855989158,81.84758886892487,39.46190714781664,376.1582945766331,1.476005759894657,12.063410905569073
2025-06-14 22:00:00,190.35755447688788,47.73090178181303,34.00041557763529,272.0888718363362,1.429356836318107,15.19104388857111
2025-06-14 23:00:00,189.70679028198248,83.9303225871214,43.515362200154094,317.15247506925795,1.6718034952667675,14.881779453227926
2025-06-15 00:00:00,148.1938779196284,40.0,42.278971417430654,230.47284933705905,1.5552116765717805,13.285927399688193
2025-06-15 01:00:00,182.56177224843276,65.11569814972574,37.174119189204205,284.8515895873627,1.5603024996916246,10.991846447466859
2025-06-15 02:00:00,176.16264883312851,51.454496998333454,35.48659095161633,263.1037367830783,1.493527365340115,10.935755337443418
2025-06-15 03:00:00,161.34378370484546,45.76009423987264,28.900512959072497,236.0043909037906,1.4627423845192924,8.536684566317357
2025-06-15 04:00:00,207.96187317367566,90.62865407753551,44.10782544797357,342.69835269918474,1.6478902957994916,13.099454029494488
2025-06-15 05:00:00,184.13522841096625,50.896550446343795,33.40360303719589,268.4353818945059,1.4578165417395985,9.682878718437449
2025-06-15 06:00:00,191.53813741805152,60.3677421581514,44.9891433764506,296.8950229526535,1.5500569596991007,8.065840824421732
2025-06-15 07:00:00,183.06255063265078,73.52278327680163,30.842459289925497,287.4277931993779,1.570107005534712,9.286412865027112
2025-06-15 08:00:00,219.21732229930993,87.31701868280382,29.172669177832518,335.70701015994626,1.5313890646907287,6.1889565318397475
2025-06-15 09:00:00,223.47421350068825,76.92571846287332,30.653522489012126,331.0534544525737,1.481394426975147,9.840165865090542
2025-06-15 10:00:00,237.33943093786422,85.45644772553038,29.373809648215655,352.16968831161023,1.4838229236498368,8.066907102539195
2025-06-15 11:00:00,268.22854543618746,94.05221420159629,40.66806264581231,402.94882228359603,1.5022592827632473,6.173118492009933
2025-06-15 12:00:00,316.9753765983498,107.42690657842039,36.957560556542205,461.3598437333124,1.455506887268146,9.214684409830813
2025-06-15 13:00:00,341.90516694059875,127.39267771366941,47.46470078610852,516.7625454403767,1.5114206961667735,10.736563706563615
2025-06-15 14:00:00,317.92320365570833,97.04064712090172,42.751364550353095,457.7152153269632,1.4397037085177373,6.34583467680584
2025-06-15 15:00:00,335.98335876545366,110.33087201062439,46.038571639168175,492.35280241524623,1.4654082994597133,10.837876355081066
2025-06-15 16:00:00,299.16332267740967,121.60728853571379,49.11904682133917,469.8896580344626,1.570679366137234,12.87686173641048
2025-06-15 17:00:00,304.9869693063717,100.24200097263207,40.78755423315917,446.01652451216296,1.4624117401688772,13.278448361518683
2025-06-15 18:00:00,300.1200345994451,114.31005876343598,48.41502140943783,462.8451147723189,1.5421999913802977,14.054942990837134
2025-06-15 19:00:00,273.9296074567207,86.60833951304741,42.76716467009625,403.3051116398643,1.4722947087915066,13.523726406664276
2025-06-15 20:00:00,265.0356931882706,105.17338458963573,45.21673926230274,415.4258170402091,1.567433472989268,10.800050972437987
2025-06-15 21:00:00,239.3124493024619,73.86588966573102,33.329273558606914,346.50761252679985,1.447929740123366,15.921978859444998
2025-06-15 22:00:00,212.21044026719306,69.17340475387967,36.29532645843523,317.67917147950794,1.4970006710297559,11.874661595331741
2025-06-15 23:00:00,217.27612756305484,86.50675815663774,35.6586780289917,339.44156374868425,1.5622588986458084,14.002554573563653
2025-06-16 00:00:00,222.8524278967163,72.59101895337312,25.886389578563445,321.3298364286529,1.4418951566351217,12.525796225381633
2025-06-16 01:00:00,251.07374772295822,88.94508286327137,37.90143480076988,377.92026538699946,1.5052161717998778,12.133765122297358
2025-06-16 02:00:00,234.57421852477054,70.76434825359817,41.12371836183651,346.4622851402052,1.4769836485829304,11.298818033698073
2025-06-16 03:00:00,215.3350504938221,66.60490599510308,51.954537529960426,333.8944940188856,1.550581260473733,12.987560063822832
2025-06-16 04:00:00,233.29978912892977,83.99084254691311,32.5557563163369,349.84638799217976,1.4995572404861548,9.443118957299536
2025-06-16 05:00:00,225.32693557319897,69.44150643062206,34.08453235738267,328.8529743612037,1.459448128225991,10.203200659432538
2025-06-16 06:00:00,251.28847746537454,86.68704876161293,38.00152036353173,375.9770465905192,1.4961969222895455,7.777442303259589
2025-06-16 07:00:00,222.34574078668066,73.50149953003961,36.25247982018175,332.099720136902,1.4936185373369475,5.618682704642078
2025-06-16 08:00:00,262.7310652752973,94.34194426273274,46.43226602646821,403.5052755644982,1.5358110588928402,10.900763522856233
2025-06-16 09:00:00,308.19977721840337,117.05388176495391,31.941026354638794,457.1946853379961,1.4834361317983973,5.56476884748824
2025-06-16 10:00:00,351.0126275132149,122.74938012914694,41.435580663790674,515.1975883061525,1.467746593494721,6.291728446869349
2025-06-16 11:00:00,361.2445094743428,131.36801029070313,41.768839424812555,534.3813591898585,1.4792788407149828,6.475760748811073
2025-06-16 12:00:00,382.4322135287361,127.86959009638979,45.82271953568831,556.1245231608142,1.4541780307401504,9.291673306500005
2025-06-16 13:00:00,386.6133503410263,133.4197642113606,46.811175317083986,566.8442898694709,1.4661787787966074,9.232210179096178
2025-06-16 14:00:00,369.9347688272575,123.79470410241383,37.88278698030104,531.6122599099724,1.4370432430432372,8.567343305904595
2025-06-16 15:00:00,403.8772111891723,141.3178789918665,40.921003791368165,586.1160939724069,1.4512234850950174,10.287177635214864
2025-06-16 16:00:00,392.11494467710173,127.15045080686113,58.30408653585535,577.5694820198182,1.472959625385955,14.25384945915204
2025-06-16 17:00:00,354.4693046932421,137.0010276596852,52.5100246491703,543.9803570020977,1.5346331820546733,11.387567620175739
2025-06-16 18:00:00,360.85178924610295,130.5681711445344,36.43821915213877,527.8581795427762,1.4628115898928629,11.63663978346095
2025-06-16 19:00:00,364.56559156215724,127.10100978246287,40.79286910050877,532.4594704451289,1.46053133583877,13.135581552576319
2025-06-16 20:00:00,330.10996976873724,120.13835807023158,42.73722942419923,492.98555726316806,1.4933979655583725,14.949867120768618
2025-06-16 21:00:00,301.68820813340255,119.13163797093027,46.84721263105973,467.6670587353926,1.550166848180544,16.63546884182765
2025-06-16 22:00:00,273.328870775174,96.15030494649295,31.558483377186157,401.0376590988531,1.467234902633925,12.612093576014882
2025-06-16 23:00:00,263.7273000659794,92.42467277479513,41.20644777703232,397.35842061780687,1.5067018868292952,16.826953919026614
2025-06-17 00:00:00,241.96431590059458,91.17346244591279,40.303603755184476,373.4413821016919,1.5433737851457054,15.094518452056057
2025-06-17 01:00:00,221.7474107427543,79.47928267799098,45.86041066764979,347.08710408839505,1.5652363332036618,13.364432143741045
2025-06-17 02:00:00,219.91352036761447,70.43648722471474,45.688998168380664,336.03900576070987,1.5280506864651902,13.531030258946805
2025-06-17 03:00:00,212.19380807442087,77.88418453945852,31.517550449308107,321.59554306318745,1.515574587126487,13.128538601968339
2025-06-17 04:00:00,213.37386351367877,87.46944132054617,39.57166042951191,340.4149652637368,1.5953920487638065,9.358818494583254
2025-06-17 05:00:00,216.3559171067532,72.72873724205994,32.80751393247995,321.8921682812931,1.4877899924616655,10.272509048118321
2025-06-17 06:00:00,223.8334498466415,78.38841395863572,37.896038367080294,340.1179021723575,1.5195132917148342,7.500051346631069
2025-06-17 07:00:00,251.4009461399774,85.71444332354491,43.58969895482014,380.7050884183425,1.5143343502230493,5.591392732306105
2025-06-17 08:00:00,263.0951643331366,84.89272395891905,34.33770648291876,382.32559477497443,1.4531836635768256,9.944644152212481
2025-06-17 09:00:00,294.54805566831266,83.45785945481362,40.55941037020931,418.5653254933356,1.4210425682275676,4.871422644688019
2025-06-17 10:00:00,333.9250487810254,116.65747600079142,36.699280450767894,487.2818052325847,1.4592550244774374,10.394372585584609
2025-06-17 11:00:00,334.97240977671436,120.53771192401202,45.340727060973364,500.8508487616997,1.4952003034982984,7.069704140768323
2025-06-17 12:00:00,372.46187945748716,137.7031982944334,42.770474118695255,552.9355518706158,1.4845426669596342,9.723800752745934
2025-06-17 13:00:00,380.4546452805557,131.4317757907397,41.217231302187656,553.1036523734831,1.4537965542925941,8.483897702131095
2025-06-17 14:00:00,365.79708958231294,132.71886352279492,38.297619494293194,536.813572599401,1.4675173419568865,7.372987623085301
2025-06-17 15:00:00,396.3685430879115,148.51046570797905,43.44631737802471,588.3253261739152,1.4842886410474534,11.72303386623705
2025-06-17 16:00:00,385.9128665342256,128.43255337325994,42.2595773696302,556.6049972771157,1.442307436587507,14.376890714552298
2025-06-17 17:00:00,418.7958577372605,153.68121370211225,54.481867387818255,626.9589388271911,1.4970514326828075,10.378755337911596
2025-06-17 18:00:00,380.66066842792696,117.13277358835538,44.09240244854718,541.8858444648296,1.4235404112085945,13.08942484489086
2025-06-17 19:00:00,373.8975481115699,133.01165065349772,48.96061309891931,555.8698118639869,1.486690176684756,15.060411874987539
2025-06-17 20:00:00,328.9254129530204,118.88016880913673,43.34129299316843,491.14687475532554,1.4931861614033297,12.757010422704777
2025-06-17 21:00:00,283.0725145228066,96.97436279563887,47.94713718760828,427.99401450605376,1.5119589241207347,14.395570737324283
2025-06-17 22:00:00,269.86403117326495,86.9668611393715,39.345646627682775,396.17653894031923,1.4680598122613677,12.841885851742946
2025-06-17 23:00:00,273.7510247160461,91.17936731625932,32.687331051918186,397.61772308422366,1.4524793961836702,16.089012991563873
2025-06-18 00:00:00,254.10804382668027,80.39892393893217,43.7126199613717,378.2195877269842,1.4884203665152638,16.36279020789049
2025-06-18 01:00:00,256.8318031941771,83.01913643621971,39.288632321824004,379.1395719522208,1.4762173813247466,13.123522422907467
2025-06-18 02:00:00,202.95126733813035,69.55413687949522,36.558529681941465,309.0639338995671,1.5228480115112852,15.346384569774811
2025-06-18 03:00:00,189.28837962104197,83.63616109965692,25.541807253087594,298.46634797378647,1.5767811451042073,11.522945665198808
2025-06-18 04:00:00,242.8925743092699,102.89708893555425,37.33920338241012,383.1288666272343,1.5773593232183565,13.878908073929239
2025-06-18 05:00:00,236.77952203798628,86.87762507002871,43.696904756101084,367.3540518641161,1.551460399540725,11.239154896946678
2025-06-18 06:00:00,220.7839639282193,89.68585237456628,41.36216372248939,351.831980025275,1.5935576740512807,8.660002416536054
2025-06-18 07:00:00,285.89983006452087,103.09462203565104,62.295478969693335,451.28993106986525,1.5784896792978846,7.740756815079147
2025-06-18 08:00:00,286.0906935149261,86.1428531385647,37.97618809999201,410.2097347534828,1.433845084975059,7.9773676141330645
2025-06-18 09:00:00,296.78366735143027,88.0492228811249,34.72579591172432,419.55868614427953,1.4136852269820757,6.666571050089408
2025-06-18 10:00:00,337.24239796888867,109.18217584068009,42.10352699687893,488.5281008064477,1.4485963323375357,10.505233237060306
2025-06-18 11:00:00,350.9787055419798,117.99667075993155,35.74160664607956,504.7169829479909,1.438027364562215,6.573031956406683
2025-06-18 12:00:00,384.9963915290829,146.3403784397864,40.22583966403509,571.5626096329045,1.484592121403632,6.6781996852549055
2025-06-18 13:00:00,377.808398196355,133.0356615866775,47.722868327419185,558.5669281104516,1.4784396820637975,7.054416639517183
2025-06-18 14:00:00,412.71843106169183,146.9197650646334,41.555745289775146,601.1939414161004,1.4566685085266664,10.697555803797124
2025-06-18 15:00:00,393.2019328253263,148.79154726972016,32.18590775216739,574.1793878472139,1.460265934405475,10.373430763252022
2025-06-18 16:00:00,349.62625998276474,131.21745701819577,50.778601594590704,531.6223185955512,1.520544591306609,11.156537419346709
2025-06-18 17:00:00,397.44737775678595,129.17489412110493,39.32806310095316,565.950334978844,1.423962936107662,13.736258875204408
2025-06-18 18:00:00,345.2316101508549,110.82899762038295,52.4236056438245,508.48421341506236,1.4728784921892621,12.667614623164685
2025-06-18 19:00:00,315.1401027634483,107.32018747428575,40.23128210508397,462.691572342818,1.4682091180573276,16.19633195783318
2025-06-18 20:00:00,348.1344724820903,123.58125770595362,41.46482047963464,513.1805506676786,1.4740871451449815,17.360480680786154
2025-06-18 21:00:00,347.7580269673392,100.7840450444637,44.586145864183734,493.12821787598665,1.4180210940818925,15.988571957668261
2025-06-18 22:00:00,256.16440666977337,103.67429443079598,40.95650813071126,400.7952092312806,1.5646014777843578,15.394665120409648
2025-06-18 23:00:00,253.19897844806852,97.26976154819805,41.0787725596863,391.54751255595284,1.5464024181924565,13.89211415701503
2025-06-19 00:00:00,229.69760895439606,92.25691472861315,25.568028253004734,347.52255193601394,1.5129567674559936,12.78295223293466
2025-06-19 01:00:00,212.31056827446793,61.15512308939187,36.20593179015412,309.6716231540139,1.4585784667755253,13.688964349751844
2025-06-19 02:00:00,212.04034273305004,68.47237255632623,38.05317870551402,318.5658939948903,1.5023834138768182,14.516621454657358
2025-06-19 03:00:00,237.6380663350194,72.80024415169342,34.88933072175243,345.32764120846525,1.4531663488694877,7.4145321287889265
2025-06-19 04:00:00,208.67673674259953,67.52376039566276,32.04352946047205,308.2440265987343,1.477136509849442,10.901515877311343
2025-06-19 05:00:00,230.57752782788256,87.82016058915667,48.38917648684816,366.7868649038874,1.5907311885904163,8.057059465939197
2025-06-19 06:00:00,247.65517405196002,80.42243346626591,47.76465882905234,375.84226634727827,1.5176031261451601,8.000590627600218
2025-06-19 07:00:00,247.7430042876033,102.03188674530034,25.70093558078701,375.47582661369063,1.5155859907866585,9.861135427686563
2025-06-19 08:00:00,265.52676632607916,111.74991723088934,43.9036045062095,421.18028806317795,1.5862065203097042,8.458890384897574
2025-06-19 09:00:00,302.15256253147953,97.68405728034853,31.782288831837253,431.61890864366535,1.4284800533462214,6.205573061644365
2025-06-19 10:00:00,303.36454647204556,87.69654915795138,42.01456589068018,433.0756615206771,1.4275750629303816,9.230713019008398
2025-06-19 11:00:00,357.03915731959216,154.34149718167566,34.10773231803517,545.488386819303,1.5278110975682886,9.001774729543484
2025-06-19 12:00:00,372.11133341330907,143.63521801146175,44.87121585333773,560.6177672781085,1.5065861126444726,7.795376909710479
2025-06-19 13:00:00,394.47540622250483,127.67179802857731,48.001255109131606,570.1484593602138,1.4453333474447838,7.989768321568472
2025-06-19 14:00:00,377.0858799747649,128.96489588283353,53.302302899742884,559.3530787573413,1.4833572627932237,10.245927750004935
2025-06-19 15:00:00,409.6623004353656,138.69215778691296,44.822811170246375,593.1772693925249,1.447966456181421,7.646117141634617
2025-06-19 16:00:00,386.253083652706,141.98389031447502,44.66250329002236,572.8994772572034,1.4832230511648625,15.959852892716881
2025-06-19 17:00:00,365.60683887008264,134.78130525541715,39.482438774098874,539.8705828995987,1.476642462619361,10.835035591862543
2025-06-19 18:00:00,345.4793631329074,127.04758649755101,42.89680735297046,515.4237569834288,1.4919089589300392,11.07367671413665
2025-06-19 19:00:00,365.8498127462819,139.07407741700024,42.34351792278067,547.2674080860628,1.4958799731998076,18.48465836712346
2025-06-19 20:00:00,350.71544990754705,125.32959708234756,44.89588617325024,520.9409331631449,1.4853663655264444,13.153175156828574
2025-06-19 21:00:00,312.94563170878854,111.2526625334234,37.850935960050066,462.04923020226204,1.4764520842784021,16.09942140592787
2025-06-19 22:00:00,278.6406054168722,81.12638462647652,33.49297431246441,393.2599643558131,1.4113519591570645,15.529106387986486
2025-06-19 23:00:00,281.3287606312581,105.47402076108888,43.212109656711945,430.0148910490589,1.5285137932011368,14.736287556654975
2025-06-20 00:00:00,223.5350622338037,78.01225549350461,44.276059714906836,345.82337744221513,1.547065475931939,15.646008824031647
2025-06-20 01:00:00,245.48858319980312,89.55168326925069,37.79873792758513,372.8390043966389,1.5187631112489877,16.07506155975645
2025-06-20 02:00:00,228.89237420594185,73.01087285931864,33.04450051761624,334.94774758287673,1.463341663281073,13.41344586700656
2025-06-20 03:00:00,196.11346877791667,50.86169474653874,41.677706452487904,288.6528699769433,1.4718666279051968,11.237185540008689
2025-06-20 04:00:00,219.26920684773285,91.75191248253273,40.59096418174375,351.61208351200935,1.6035634395128697,14.415680733228822
2025-06-20 05:00:00,225.119297770113,83.93344855417082,34.6122809666099,343.6650272908937,1.526590704106749,9.530547222067208
2025-06-20 06:00:00,242.26946105155287,80.69083891197823,44.7957168182508,367.7560167817819,1.5179627477006958,11.036457450291485
2025-06-20 07:00:00,251.01343442705507,86.61580993780896,36.73478138769411,374.3640257525581,1.4914103167707102,9.707116938034408
2025-06-20 08:00:00,268.70602450228785,99.54461641230849,42.510419614987775,410.7610605295841,1.5286633833030667,8.721603589590558
2025-06-20 09:00:00,298.8638857173675,103.30937560010871,45.570245752390804,447.743507069867,1.498151929582062,10.3137089695568
2025-06-20 10:00:00,341.2587402182167,117.68030143913667,38.48147065465607,497.4205123120094,1.457605194211101,4.380698094917253
2025-06-20 11:00:00,315.28788883303037,113.78001163241656,35.29502720438086,464.3629276698278,1.4728219640423434,10.457708357480676
2025-06-20 12:00:00,341.2794446760522,117.9070706499939,52.147490822715945,511.33400614876206,1.4982853908301694,7.544813506583166
2025-06-20 13:00:00,366.9865717400538,129.9810820666307,40.07887913579634,537.0465329424809,1.4633955961824265,10.48609041592608
2025-06-20 14:00:00,387.6884157442713,129.3581364951445,41.32370296017296,558.3702551995888,1.440255195986829,11.081780652889298
2025-06-20 15:00:00,391.44223089641014,142.69203546278865,34.84380435396554,568.9780707131644,1.4535428878233034,9.982809945216715
2025-06-20 16:00:00,395.0054921864292,137.6892259454835,44.24725859288957,576.9419767248023,1.460592290834542,13.049895971401966
2025-06-20 17:00:00,371.8295993510404,137.89992209586615,50.939784359582646,560.6693058064892,1.5078662559006424,13.922079458089309
2025-06-20 18:00:00,353.9771831837624,120.82886988970509,30.91327809385148,505.719331167319,1.4286777656648613,14.464095101961203
2025-06-20 19:00:00,368.099251872892,125.71845026233348,50.312790963631315,544.1304930988568,1.4782167861801305,14.243134086727565
2025-06-20 20:00:00,330.15428859686557,114.75949366355488,37.734169573930835,482.6479518343513,1.4618860590470413,15.15684732487696
2025-06-20 21:00:00,290.5678853078537,116.9552054399543,39.02885216634618,446.55194291415415,1.5368248367882669,15.578280464248811
2025-06-20 22:00:00,275.74541132143236,99.98378907635716,39.5518755046175,415.281075902407,1.5060307764045435,13.661111409528662
2025-06-20 23:00:00,244.53346039193448,65.38177385056721,34.63130855374546,344.54654279624714,1.4089954897951928,12.176463163893201
2025-06-21 00:00:00,178.67946292232608,67.32109344823857,41.42367724032755,287.4242336108922,1.6086025159804664,14.799941221884062
2025-06-21 01:00:00,204.93475594720127,70.85554280976311,45.91427240909493,321.7045711660593,1.569790198247008,13.808422544806294
2025-06-21 02:00:00,149.88635682240476,40.0,27.006199250174355,216.8925560725791,1.4470466870414878,11.958403274905256
2025-06-21 03:00:00,201.86354709831176,40.0,32.05218403488911,273.9157311332009,1.3569350933866144,12.090220519908337
2025-06-21 04:00:00,169.22636428673673,71.85407446088429,40.12014599032769,281.2005847379487,1.661683071211547,9.126959920094894
2025-06-21 05:00:00,192.29047094095503,59.25866675418494,37.73525973335951,289.28439742849946,1.5044135885304868,13.044003109974728
2025-06-21 06:00:00,181.89090417062712,79.11510355038703,22.737625088911393,283.74363280992554,1.5599660362551886,8.177845222491182
2025-06-21 07:00:00,212.31441257062028,75.5821417060819,37.59312455445095,325.4896788311531,1.5330550332888417,10.424674695557538
2025-06-21 08:00:00,249.69347004759658,87.01366445078604,41.65851461879226,378.3656491171749,1.515320561026489,9.667162659572199
2025-06-21 09:00:00,260.17512707570336,87.74643460731295,40.686388135098404,388.6079498181147,1.4936398962727946,5.497849857232521
2025-06-21 10:00:00,281.2573783450557,115.14629203892633,41.98069752925365,438.3843679132357,1.5586590847597657,9.878974944379584
2025-06-21 11:00:00,302.1661413565059,108.44108972702168,50.23110783396652,460.83833891749407,1.5251157421167891,7.593930442486952
2025-06-21 12:00:00,295.69089010593336,115.45149127943182,41.90529309006878,453.04767447543395,1.5321664942505546,8.497801387275599
2025-06-21 13:00:00,321.32642660706136,103.24147664799717,45.554470233976666,470.12237348903517,1.4630678791443787,10.825383438573464
2025-06-21 14:00:00,340.8289244763682,113.02024863001022,40.803052436429475,494.65222554280786,1.4513211468268599,9.31652642025684
2025-06-21 15:00:00,300.7956077669784,95.18893329985909,33.95964663086906,429.9441876977065,1.4293566016122732,11.266260692779253
2025-06-21 16:00:00,303.30593256010974,108.93637003562431,43.63034599578937,455.8726485915234,1.5030126339555778,11.58571210093135
2025-06-21 17:00:00,318.4778187443886,116.08518215401237,44.72248030144389,479.2854811998449,1.5049257844375061,14.38958689215949
2025-06-21 18:00:00,322.9073730453658,126.28255930987784,43.34551209388741,492.53544444913103,1.5253149527184502,15.030513330408269
2025-06-21 19:00:00,291.43701513829564,109.30808597680641,35.455566854587396,436.20066796968945,1.4967236325924458,16.985464853592912
2025-06-21 20:00:00,259.16417565355016,89.32434896721821,42.12750316542545,390.61602778619385,1.5072145939968498,19.354802243472204
2025-06-21 21:00:00,254.9977709013325,98.31383462186461,45.9579065371534,399.2695120603505,1.5657764797279021,17.6701843388517
2025-06-21 22:00:00,181.85738848150362,88.65343018317017,42.25249885151898,312.7633175161928,1.7198273885253959,16.14316980463607
2025-06-21 23:00:00,233.33185561428084,105.28356857468191,40.08148793512529,378.696912124088,1.6229970448188997,13.814792442971795
2025-06-22 00:00:00,191.6467098221374,80.73270373898909,25.61631947104628,297.9957330321728,1.554922248906518,14.414488493461617
2025-06-22 01:00:00,145.3873664215404,44.481047012634626,36.43057647731737,226.2989899114924,1.556524445565335,14.886618652904946
2025-06-22 02:00:00,159.62784044396244,49.00582057047545,31.410635941795974,240.0442969562339,1.5037746315969347,13.146821078281034
2025-06-22 03:00:00,186.15432527702646,41.114278771207466,40.39960297387617,267.6682070221101,1.437883361688096,9.6233882737796
2025-06-22 04:00:00,174.71540188149476,61.94722634872546,37.33225722920428,273.9948854594245,1.5682354418030564,8.852267221895305
2025-06-22 05:00:00,196.41083045477217,68.28425674898347,36.29910543360254,300.9941926373582,1.5324724809748647,12.365656940375635
2025-06-22 06:00:00,195.9125973679248,73.05517492303001,40.01945259932523,308.98722489028006,1.5771687428042238,9.268737338418465
2025-06-22 07:00:00,214.1498589481656,78.16897031157009,38.39814409584855,330.7169733555843,1.5443249646764112,7.389737362715732
2025-06-22 08:00:00,225.27417465426777,83.92907733111032,38.43443370406017,347.63768568943823,1.5431759376012093,7.538737626344693
2025-06-22 09:00:00,241.73202705694757,81.08173198100296,36.42862902977451,359.2423880677251,1.4861182957072305,6.484890675017214
2025-06-22 10:00:00,261.6512300518227,94.3766990786789,34.50510917551842,390.53303830602005,1.4925710008268296,7.653331618750157
2025-06-22 11:00:00,260.6696864976472,89.00511294547137,42.4193537765758,392.09415321969436,1.5041800927751274,10.71088842754935
2025-06-22 12:00:00,304.0336043928927,102.2414907185201,31.90242967761203,438.1775247890248,1.4412141238926415,10.893110855108969
2025-06-22 13:00:00,319.9822333313903,117.14960137383811,43.79499566046159,480.92683036569,1.5029797915924197,10.48363349573198
2025-06-22 14:00:00,331.2662122616461,122.83150738671723,43.297283689908575,497.3950033382719,1.5014963341489571,11.973874133750558
2025-06-22 15:00:00,318.09688519842854,104.26142719126395,37.2778264972213,459.63613888691384,1.444956427662576,9.883720998306574
2025-06-22 16:00:00,309.14024733085654,108.34091194303245,40.04714610617757,457.52830538006657,1.4800023915695393,15.414688797507285
2025-06-22 17:00:00,313.6114406940692,100.76382906313822,40.05813626886621,454.4334060260736,1.4490332528059062,13.983853412701025
2025-06-22 18:00:00,278.9420664909162,105.21379805558014,38.389491510195164,422.5453560566915,1.514814030641921,14.97421249432688
2025-06-22 19:00:00,294.2403976717347,110.68177048950214,39.9207701917348,444.8429383529716,1.511835022902785,14.90592398320099
2025-06-22 20:00:00,277.2889578669586,110.81960392268698,37.07591931253261,425.1844811021782,1.533362469147361,16.325067707184207
2025-06-22 21:00:00,235.88931312684946,88.11043683948833,25.53663734644089,349.5363873127787,1.4817813604163386,13.184082465649565
2025-06-22 22:00:00,215.60560333311335,68.51808763887442,32.11245582501409,316.2361467970019,1.4667343608339023,17.7811466038936
2025-06-22 23:00:00,209.80557932530505,79.6944007946224,45.60643688858033,335.1064170085078,1.597223572824643,16.54946848024024
2025-06-23 00:00:00,194.5822407992978,65.37501620642192,39.542949864307715,299.50020687002745,1.5391960008259309,13.227238377302184
2025-06-23 01:00:00,224.8747162240664,95.36815758938282,35.63679669890386,355.8796705123531,1.5825686252684479,16.417459048855502
2025-06-23 02:00:00,235.96183851829636,63.98200344159102,30.036120786174024,329.9799627460614,1.3984463115652277,12.153344582979312
2025-06-23 03:00:00,241.66640181433132,75.61821398847506,41.13439586926075,358.41901167206714,1.4831147771523288,9.152897914800473
2025-06-23 04:00:00,181.69895062111058,55.04640317823318,32.71395607093926,269.45930987028305,1.4829987127012945,13.905549898748722
2025-06-23 05:00:00,216.38397339801034,64.89227070525752,48.71179351017825,329.9880376134461,1.5250114527034577,8.603334855231616
2025-06-23 06:00:00,240.12834846012967,86.45994116453488,28.48281759340096,355.0711072180655,1.4786721746725404,6.592728677296594
2025-06-23 07:00:00,286.9221156519635,79.6915927388838,34.27819873921481,400.8919071300621,1.3972150812394817,8.256470105850772
2025-06-23 08:00:00,293.3651665050756,107.4085681678302,34.34356105202883,435.1172957249346,1.4831934578620345,7.398941196176024
2025-06-23 09:00:00,281.95291434119355,93.12024979157879,27.632569606693444,402.70573373946576,1.428272996150514,6.377168023295401
2025-06-23 10:00:00,303.5551066168755,108.28388467783677,43.936672378070526,455.7756636727828,1.5014593849281828,6.705271009120905
2025-06-23 11:00:00,315.17978774016836,99.74262462333428,37.33961936508253,452.26203172858516,1.4349334866023398,8.801123870342938
2025-06-23 12:00:00,367.88708911532404,140.57463242650553,41.86699973827713,550.3287212801067,1.495917463707435,7.997819829646094
2025-06-23 13:00:00,357.68636533295836,141.3979561599289,46.54870540724434,545.6330269001317,1.5254510089928086,12.294191002563842
2025-06-23 14:00:00,411.2075175568467,142.64609206033668,44.40412914045387,598.2577387576372,1.4548803541144697,10.231367869610484
2025-06-23 15:00:00,397.9285832872706,138.01705795363767,38.83223606198607,574.7778773028945,1.44442470695289,14.107524628730284
2025-06-23 16:00:00,388.03300652932927,138.06971259376195,43.52089374743275,569.623612870524,1.4679772165914171,10.979826392910248
2025-06-23 17:00:00,347.3497067101616,123.1238309333129,47.491176179425715,517.9647138229002,1.491190877138424,15.765617691822003
2025-06-23 18:00:00,381.74788984733397,142.13343139729886,42.95520304209371,566.8365242867264,1.484845206383228,17.710013376036397
2025-06-23 19:00:00,337.0058004888902,113.71497640437438,38.06092451096125,488.7817014042258,1.4503658414637262,16.028000695623085
2025-06-23 20:00:00,336.71658169618735,108.37573418410184,46.06050175822175,491.15281763851095,1.4586534918012097,19.149251600086373
2025-06-23 21:00:00,306.40721300176693,110.73198294650577,41.52461444897895,458.6638103972516,1.4969093119704289,14.74174191268222
2025-06-23 22:00:00,274.3480191138772,109.21505616251574,40.1076788589097,423.6707541353027,1.544282169427453,16.972549941932986
2025-06-23 23:00:00,236.2697630978437,80.7811234895441,35.83144834445261,352.88233493184043,1.4935568999817606,16.25273578562958
2025-06-24 00:00:00,214.20086060383852,85.79351189062928,32.819957454745044,332.8143299492129,1.5537487991924939,14.398560257997294
2025-06-24 01:00:00,248.18113428686513,93.8605500630674,34.61774236858239,376.65942671851496,1.517679527901366,12.724681693209085
2025-06-24 02:00:00,210.90360450547686,79.90204929563932,40.40437411841268,331.2100279195289,1.570433225625254,15.987864905408397
2025-06-24 03:00:00,241.71772435618718,104.79164838782876,34.039274194622344,380.5486469386383,1.574351438034699,10.800372357950643
2025-06-24 04:00:00,211.95710712202427,50.95025125280827,36.47139003391644,299.378748408749,1.412449681323476,12.382163234961189
2025-06-24 05:00:00,233.54984102834516,91.90679445934775,27.23497905623133,352.69161454392423,1.5101342522477643,10.504272368700159
2025-06-24 06:00:00,254.84820634038985,88.97922110076652,29.759244903597914,373.5866723447543,1.4659183900465462,7.594907232648126
2025-06-24 07:00:00,250.84845633531177,89.74206824146536,41.906956191472474,382.4974807682496,1.5248149673959372,9.976048876180052
2025-06-24 08:00:00,319.26397446614266,131.99253336196324,40.75244394916247,492.00895177726835,1.5410725641688239,7.648243364047877
2025-06-24 09:00:00,312.19276583668113,117.7652519471814,25.278660755957283,455.2366785398198,1.4581909908122916,8.931281458798917
2025-06-24 10:00:00,354.65130232959297,128.19837968665283,44.61724991236212,527.4669319286079,1.4872832228835573,8.04940592266352
2025-06-24 11:00:00,355.99317537061205,126.43343030093384,49.60177137210958,532.0283770436555,1.4944903831085508,6.211405203875726
2025-06-24 12:00:00,376.70015765229033,107.32489024720243,44.06745802753114,528.0925059270239,1.4018908545678788,9.85686356677166
2025-06-24 13:00:00,386.8377220230737,130.00572783002934,39.45457901111129,556.2980288642143,1.438065620785123,12.064476501123877
2025-06-24 14:00:00,370.52034304577256,134.32624661961316,41.37285473954634,546.2194444049321,1.4741955594526004,8.888560960981922
2025-06-24 15:00:00,388.8580730054322,148.7135251474562,46.55289335302484,584.1244915059132,1.5021534386345456,14.224587722157263
2025-06-24 16:00:00,392.33376855739294,131.42979529142124,42.079873531699285,565.8434373805135,1.4422501521118454,11.973857731871423
2025-06-24 17:00:00,362.8225325216173,116.07002152874313,43.148210714434335,522.0407647647947,1.4388322608758901,11.939084297554803
2025-06-24 18:00:00,362.85680033421073,142.94464179992295,32.825408853988165,538.6268509881219,1.484406108668812,12.324807461024005
2025-06-24 19:00:00,330.12174736805815,99.29373271111409,30.79428601432942,460.2097660935017,1.3940607359635906,16.37997015557243
2025-06-24 20:00:00,325.29268884028477,114.43586849328722,41.74924235535381,481.4777996889258,1.4801371694072296,16.67804727581016
2025-06-24 21:00:00,277.1343307287701,103.15748704245055,41.149434612525404,421.4412523837461,1.520711098027795,18.101326971168486
2025-06-24 22:00:00,302.02980480247277,109.93339225475304,45.00810071892937,456.97129777615515,1.5130006724833465,14.363773302298135
2025-06-24 23:00:00,259.1603481103147,63.57748473326936,35.5185966330186,358.2564294766027,1.382373623468458,15.518233786505707
2025-06-25 00:00:00,210.98255049144174,67.31012823824778,32.96443194849532,311.25711067818486,1.4752741871456836,13.423017341900115
2025-06-25 01:00:00,200.62088238109783,73.37794129480747,33.811898180007546,307.8107218559129,1.534290539462378,14.481389831376287
2025-06-25 02:00:00,197.82004820189835,58.38850778149969,33.15698028013948,289.3655362635375,1.4627715385460138,15.245318008581037
2025-06-25 03:00:00,213.02065444878,65.15670282425289,30.813859351460202,308.9912166244931,1.4505223327946768,13.791704586868935
2025-06-25 04:00:00,204.4370396789062,63.60208966542883,35.37795758711711,303.41708693145216,1.48415907121335,10.036343600942985
2025-06-25 05:00:00,233.94808178970104,70.79873070443033,37.58051817198198,342.3273306661133,1.4632619684132986,10.535460592883165
2025-06-25 06:00:00,238.6403894805615,80.56276035515668,35.28774542078247,354.49089525650066,1.4854605962892788,9.667763384109378
2025-06-25 07:00:00,251.11030083910805,88.10648454456017,40.79700114815512,380.01378653182337,1.5133341215472744,7.10420211058893
2025-06-25 08:00:00,284.92098476034016,99.79421207015689,43.86986412251692,428.58506095301396,1.5042242722610133,9.812577433245272
2025-06-25 09:00:00,283.6868846064911,97.61959883544067,37.67243207724658,418.9789155191784,1.4769061886676718,9.206520596521997
2025-06-25 10:00:00,319.8544013667124,124.09922894287739,38.2562340860553,482.2098643956451,1.5075917740546971,5.709851566310162
2025-06-25 11:00:00,359.05699573345163,131.80045591992254,44.992083872260174,535.8495355256343,1.4923801566128678,10.143821787317847
2025-06-25 12:00:00,327.18308883271425,111.31427142116108,40.20660062443236,478.7039608783077,1.463107285239503,9.727156782210246
2025-06-25 13:00:00,376.1505293254473,121.7645452462551,44.33537649714455,542.2504510688469,1.4415783278074008,10.16443041508852
2025-06-25 14:00:00,356.9239681621972,113.05713704843538,53.7728335392175,523.75393874985,1.4674103883991343,12.229776516797246
2025-06-25 15:00:00,390.6767897016056,134.9712269316578,38.14156230887819,563.7895789421416,1.4431099922080282,14.030469290047403
2025-06-25 16:00:00,400.0212350665151,157.81902899570122,37.703519632457855,595.5437836946742,1.4887804233583946,13.469867550185944
2025-06-25 17:00:00,361.38024895772566,120.38676545407303,39.93177980459468,521.6987942163934,1.443628410022546,13.526446747271285
2025-06-25 18:00:00,371.84061023474914,118.0885786548375,38.9704276458976,528.8996165354843,1.4223826068959524,15.167773630033823
2025-06-25 19:00:00,326.735768546179,108.74680984856126,35.4100544404016,470.89263283514185,1.441203192813549,15.948691915195118
2025-06-25 20:00:00,317.46058444306436,87.88742292082796,49.429445269071095,454.7774526329634,1.4325477710273868,16.642985985736672
2025-06-25 21:00:00,309.40223825743027,114.91860483677071,41.20158999169903,465.52243308590005,1.504586507543536,17.175549833194736
2025-06-25 22:00:00,284.93069517681636,90.05172976119196,32.52864951460499,407.5110744526133,1.4302112104830564,13.841103835577682
2025-06-25 23:00:00,290.26602675787416,117.72523151067873,43.41655680224502,451.4078150707979,1.5551520793280447,15.830084450374
2025-06-26 00:00:00,249.4816209118653,97.07434640008626,40.87356516250573,387.4295324744573,1.5529381725931828,15.75461217238742
2025-06-26 01:00:00,186.8656325595793,55.722155547354234,37.235490188092754,279.8232782950263,1.4974571539034007,13.770940897625959
2025-06-26 02:00:00,203.80149565840955,71.1500704856426,38.14861508113049,313.1001812251826,1.5362997225004076,10.164248477900461
2025-06-26 03:00:00,197.7243773705386,79.18444783164261,32.61384864440097,309.52267384658217,1.565424951454174,10.798809607439996
2025-06-26 04:00:00,238.22469558187709,96.06934921827232,29.59253850855815,363.8865833087076,1.527493119132315,11.010368154854962
2025-06-26 05:00:00,229.8728930504762,53.989113541557614,48.80874278095762,332.67074937299145,1.447194338394404,9.738285545875398
2025-06-26 06:00:00,230.31268603628826,89.32579664938837,33.554269266045104,353.19275195172173,1.533535811813998,9.715153370676179
2025-06-26 07:00:00,256.7742684967921,87.72252307567723,30.0575639954278,374.5543555678971,1.4586911599850452,10.274759590626063
2025-06-26 08:00:00,299.4583136488111,83.93797314095005,36.31828884940891,419.71457563917005,1.4015793067324527,11.354729915380682
2025-06-26 09:00:00,317.42944530264396,114.723134916585,41.63822337377635,473.7908035930053,1.4925861812891463,8.827347853990474
2025-06-26 10:00:00,331.8265798699821,135.72634563130822,41.28316300637331,508.8360885076636,1.5334398127691828,8.097928922150277
2025-06-26 11:00:00,353.09422257698697,124.92538616063165,38.8325797519546,516.8521884895732,1.4637797942923896,8.458840475713878
2025-06-26 12:00:00,357.5964208933022,121.1955689095396,49.27677588070569,528.0687656835474,1.476717144887504,9.052595751630816
2025-06-26 13:00:00,369.99735303868925,124.55880194249706,42.429669159587114,536.9858241407734,1.4513234209127512,8.849083877365194
2025-06-26 14:00:00,404.77922465959426,153.2588099124386,35.19321737364811,593.2312519456809,1.465567439743402,10.760488094634928
2025-06-26 15:00:00,408.88294808175374,152.79168489260533,49.14938539795696,610.824018372316,1.49388479328364,10.83822523134486
2025-06-26 16:00:00,396.78309226024584,124.24016767489084,35.45206362075517,556.4753235558919,1.4024673289024767,15.733345273395026
2025-06-26 17:00:00,386.77417237453557,128.1735617665337,50.12590692900081,565.0736410700702,1.4609911453003563,14.576980740875339
2025-06-26 18:00:00,367.2548145521874,133.90062061295234,43.610055057080274,544.76549022222,1.4833447204401677,14.228225985317266
2025-06-26 19:00:00,353.6842264530039,110.66137787694129,42.558386921505914,506.9039912514511,1.433210625011592,17.039438034247816
2025-06-26 20:00:00,336.5550082790212,119.04561173809208,42.74931101489131,498.3499310320046,1.480738419494406,17.023236159860662
2025-06-26 21:00:00,288.27638382457206,102.9224970085251,53.43963985155296,444.63852068465013,1.5424035600336614,16.329076219792874
2025-06-26 22:00:00,241.58874469775242,77.23843540920078,33.84534495793729,352.67252506489046,1.459805279861498,16.923435251718026
2025-06-26 23:00:00,273.96259977705785,105.69594313324899,46.315164685546804,425.9737075958536,1.554860801957996,16.956661401676904
2025-06-27 00:00:00,250.5745780047673,99.62911546768306,35.2105213763624,385.4142148488128,1.538121775631525,19.041339124029708
2025-06-27 01:00:00,245.8595377340136,84.25861318415089,33.69274108354885,363.81089200171334,1.4797509803964042,14.825767120926974
2025-06-27 02:00:00,212.44011404968546,81.81194664606576,37.13922361859356,331.3912843143448,1.5599280098147519,13.718417737223847
2025-06-27 03:00:00,208.65639178387966,61.86734330240782,39.922898211493205,310.4466332977807,1.4878366804086811,15.249068655393856
2025-06-27 04:00:00,246.68966984313067,90.24791706404956,43.06466968508091,380.0022565922611,1.5404060365961152,10.157029016460395
2025-06-27 05:00:00,221.55906649284145,77.7802596596388,34.640563545645534,333.97988969812576,1.5074079115102095,8.686178539003022
2025-06-27 06:00:00,244.5556103214582,83.83237721368636,32.63993942943619,361.0279269645808,1.4762610699874132,8.481502439645284
2025-06-27 07:00:00,294.86617310285226,107.23427361715021,37.81707517544462,439.9175218954471,1.4919226483873398,5.569329534756461
2025-06-27 08:00:00,296.95860711560556,92.56297031473468,38.393232617100146,427.91481004744037,1.4409914371697392,7.370570905684732
2025-06-27 09:00:00,294.81727333661354,109.647042005184,41.57960956794908,446.04392490974664,1.512950445072691,10.230638648765058
2025-06-27 10:00:00,312.5439783231507,107.84347761639717,41.60258233055067,461.9900382700985,1.4781601000561593,5.390745810563154
2025-06-27 11:00:00,357.7224472335444,134.71388007969512,38.52036318881515,530.9566905020547,1.4842699825191896,10.262380264430057
2025-06-27 12:00:00,351.0690790815554,128.16460539278157,37.738527725754096,516.9722122000911,1.4725654949520504,9.113835096289659
2025-06-27 13:00:00,403.4467111646269,131.74188760533232,50.85389392591881,586.042492695878,1.452589589847326,11.682903812736642
2025-06-27 14:00:00,406.5223099986688,146.74923982622707,36.08342954494684,589.3549793698427,1.4497481807868615,12.480344194062424
2025-06-27 15:00:00,377.1299154681609,131.15993264971726,42.908124049882005,551.1979721677601,1.4615599281842038,11.051517444846032
2025-06-27 16:00:00,408.6038341025759,154.37516536376833,38.735738352171325,601.7147378185156,1.4726115802120965,12.245357184511846
2025-06-27 17:00:00,421.75873076246376,148.5330378264653,51.417263828756546,621.7090324176855,1.4740869294957988,13.712059454647605
2025-06-27 18:00:00,351.04859574038915,132.55901006753345,38.583368219007035,522.1909740269297,1.4875176267991836,17.720972300629683
2025-06-27 19:00:00,335.8149720111431,121.17954281925678,42.9170254310038,499.9115402614037,1.4886517336243588,18.989447443949093
2025-06-27 20:00:00,304.3610290109688,109.53745086266197,30.845234072458275,444.74371394608903,1.4612373844026563,18.324844773153615
2025-06-27 21:00:00,288.8377750756255,103.84654263849141,50.017705218663465,442.7020229327804,1.5327012639426028,16.396474957265948
2025-06-27 22:00:00,267.7009196568616,89.49569910395576,45.51873942769507,402.71535818851237,1.5043480564232352,14.89402790265785
2025-06-27 23:00:00,255.0500713557991,105.44858682945183,51.21470716372126,411.71336534897216,1.6142452466701143,19.778703273625656
2025-06-28 00:00:00,140.04070039461266,47.74130058453382,33.90102468561858,221.68302566476504,1.5829899810562011,16.974565772192033
2025-06-28 01:00:00,176.93061862185846,53.01892467337632,38.15129648630384,268.10083978153864,1.5152879805079524,13.643511353750975
2025-06-28 02:00:00,205.51070775034185,83.01526395866803,42.880507113987264,331.40647882299714,1.6125995693888406,14.644167798273962
2025-06-28 03:00:00,177.92651783783884,75.7912761340649,28.459794074534855,282.1775880464386,1.585922050717665,14.846038857073577
2025-06-28 04:00:00,198.09505980435557,75.44584320594313,34.528378967339734,308.06928197763847,1.5551588327437171,12.025750335674543
2025-06-28 05:00:00,179.784928846989,71.05856795379528,44.56252117912527,295.40601797990956,1.643107794821462,9.262554964350684
2025-06-28 06:00:00,193.67768089781418,74.77112610721571,47.353897825224195,315.8027048302541,1.6305580661969719,10.732378307963565
2025-06-28 07:00:00,226.60150809598576,82.976091049682,29.86637752234664,339.4439766680144,1.4979775709358027,11.78964673282342
2025-06-28 08:00:00,210.78682567001766,68.1332360570911,40.148663022209995,319.06872474931873,1.513703352831045,8.294424702666884
2025-06-28 09:00:00,223.21037202124813,66.43817271466787,41.17904660836554,330.82759134428153,1.4821335959817716,9.870800946895264
2025-06-28 10:00:00,254.24056980614787,99.31064014341341,47.26097513423781,400.8121850837991,1.5765075785875104,6.722924399980148
2025-06-28 11:00:00,263.90861365845706,109.40114085653336,37.0822226904363,410.3919772054267,1.5550533630423455,10.80728917508974
2025-06-28 12:00:00,301.3917251903789,101.18379749273889,47.710015807124904,450.28553849024274,1.4940209065322303,10.670302018380054
2025-06-28 13:00:00,325.46027990847824,109.58075165044866,40.04803793107686,475.08906949000374,1.4597451634454508,12.642825419008915
2025-06-28 14:00:00,313.43700159950026,111.6366110071491,39.94500138467703,465.0186139913264,1.4836110976632946,11.540873369497065
2025-06-28 15:00:00,310.59261070677644,96.68788245418887,34.33300976238871,441.613502923354,1.4218416269415741,12.692661476514916
2025-06-28 16:00:00,310.83000416419054,106.44447779800936,38.28377471583157,455.55825667803146,1.4656186680015315,13.327656988876424
2025-06-28 17:00:00,332.68560251184476,126.63722460174361,33.132633684570365,492.4554607981587,1.4802427790082247,13.101236657561374
2025-06-28 18:00:00,269.36855099798936,90.7554822079376,34.34039753080475,394.4644307367317,1.4644041751543448,17.751584616681534
2025-06-28 19:00:00,275.449293591073,96.80336204258104,40.03228760279526,412.2849432364493,1.4967725560716811,11.756221375226513
2025-06-28 20:00:00,232.67296473864712,83.408376316197,29.35645473852545,345.43779579336956,1.484649478642209,18.167481070855224
2025-06-28 21:00:00,255.06669759296756,115.43232071076407,33.66948106244938,404.16849936618104,1.5845600510778886,19.14365695504407
2025-06-28 22:00:00,231.9014988091301,82.35927303602568,45.46991015268328,359.73068199783904,1.5512218931104047,17.666744005549287
2025-06-28 23:00:00,199.4624858600468,63.175104030744535,31.969635019363526,294.60722491015486,1.4770056817444186,16.604704275748556
2025-06-29 00:00:00,208.43338423516428,90.60502062173828,34.73266474511596,333.77106960201854,1.6013321034285104,15.442207196314355
2025-06-29 01:00:00,197.2498899922143,67.52266099167721,24.441558237392485,289.214109221284,1.4662320431849145,16.622162454105464
2025-06-29 02:00:00,159.69418603071173,40.0,30.1616989382047,229.85588496891643,1.4393503651079163,14.566157015280842
2025-06-29 03:00:00,165.55916270916603,57.53520259933224,28.015479754781538,251.1098450632798,1.5167378292701243,12.027606099199362
2025-06-29 04:00:00,168.5605372160421,43.37145205323405,27.89465865884835,239.8266479281245,1.4227923800500317,12.193402740999504
2025-06-29 05:00:00,162.88071226185122,49.64896923543772,28.76217913618516,241.2918606334741,1.4814022930202264,14.539581438809012
2025-06-29 06:00:00,208.40263746174833,73.67177669494863,34.56972442873145,316.6441385854284,1.5193864264004213,11.813329544205203
2025-06-29 07:00:00,171.32143935721,65.9102434176054,44.27041615126414,281.50209892607955,1.6431224252041203,9.42216250128573
2025-06-29 08:00:00,268.4582117265071,90.96437545684842,39.85428680450552,399.27687398786105,1.487296184460269,7.428259362695652
2025-06-29 09:00:00,248.8570695589534,88.46582257291016,32.72886173479626,370.05175386665985,1.4870051894547276,9.093467894443409
2025-06-29 10:00:00,252.93712869127316,86.11377782903445,26.079738384002408,365.13064490431,1.4435628600417005,8.377002159523286
2025-06-29 11:00:00,295.49185620975084,102.80099225427323,45.12526446204443,443.4181129260685,1.5006102659266327,8.212031152905169
2025-06-29 12:00:00,286.35807706454665,73.57923121524522,41.86861589674758,401.80592417653946,1.4031590388350397,11.758479567111149
2025-06-29 13:00:00,312.4729124729587,118.27942841595714,40.604127061597396,471.3564679505132,1.5084714518776223,10.615698286122036
2025-06-29 14:00:00,338.2121374832168,126.44192623348972,42.28332188055951,506.93738559726603,1.4988740184477323,10.628692135021584
2025-06-29 15:00:00,335.6266502056095,122.16951797366688,41.47820101383837,499.27436919311475,1.4875885716681092,11.777225544078048
2025-06-29 16:00:00,303.6208960144735,113.87420753187291,26.464229751535143,443.9593332978815,1.4622160039891265,13.644241138553909
2025-06-29 17:00:00,314.61983909264274,123.66255093624707,42.88567918974967,481.1680692186395,1.5293634076170102,12.398444638827359
2025-06-29 18:00:00,284.07854908768957,90.29656796450678,35.57896864707633,409.9540856992727,1.4431011669688858,13.859895569561628
2025-06-29 19:00:00,258.7486117017649,88.6738130661058,33.886610251086104,381.30903501895676,1.4736660131666937,18.641725870025386
2025-06-29 20:00:00,264.04412449354885,95.31639954073259,31.970916265675168,391.33144029995657,1.482068351456605,17.641037930087663
2025-06-29 21:00:00,262.8345017334282,84.07895704305902,42.43744734934445,389.35090612583167,1.4813538692904131,17.44658692273879
2025-06-29 22:00:00,227.9447138340316,79.08217613970245,36.18473293872013,343.2116229124542,1.5056792374766337,15.274326059821275
2025-06-29 23:00:00,199.9699393313301,76.85471257471697,33.1547238084065,309.97937571445357,1.5501298682740954,18.94475282019255
2025-06-30 00:00:00,248.69361774916257,97.9781571600849,40.63292395410201,387.3046988633495,1.5573568086254344,14.930361652146344
2025-06-30 01:00:00,230.57440035074586,90.88778386342496,40.129870546188556,361.59205476035936,1.5682228998983048,17.864907159085504
2025-06-30 02:00:00,236.17023223435547,92.51076455087093,42.946774747440955,371.62777153266734,1.5735589029014259,12.911078099871583
2025-06-30 03:00:00,176.80085178421206,55.55867785468985,29.76486169279057,262.1243913316925,1.4825968805377647,15.688573674739654
2025-06-30 04:00:00,219.09169272345116,76.19580410336025,37.41283588262814,332.7003327094396,1.5185438049875817,12.615103292658036
2025-06-30 05:00:00,205.32848376624491,71.94872194043923,33.06788119514976,310.3450869018339,1.5114565753826175,9.338511931742794
2025-06-30 06:00:00,238.46782003314283,62.042865604267035,38.73698480921838,339.24767044662826,1.4226140466226378,9.228613406017184
2025-06-30 07:00:00,258.1866562914145,86.10350615386908,30.906170218348755,375.19633266363235,1.4531980004425533,9.63927821986892
2025-06-30 08:00:00,284.3189389710505,94.51114782286068,39.99844337929423,418.8285301732054,1.4730940249318065,9.922813384482831
2025-06-30 09:00:00,271.7116736312674,81.75956563449998,36.5948050045408,390.0660442703082,1.4355880962245897,8.473580530895001
2025-06-30 10:00:00,334.99009259745134,123.4507369135697,32.647376648076545,491.0882061590976,1.4659782990932366,9.849182901704099
2025-06-30 11:00:00,309.59423861830555,107.37363386764186,37.967158183142814,454.9350306690902,1.4694557389033758,10.902472044713084
2025-06-30 12:00:00,369.6180665111882,131.9672186430653,45.98749887161073,547.5727840258642,1.4814556798978584,9.974859586902937
2025-06-30 13:00:00,393.2598236996109,137.78509724230705,45.19980470402166,576.2447256459395,1.4653028123363565,12.12320017350495
2025-06-30 14:00:00,396.0047215049633,126.1290970181281,43.82319656625515,565.9570150893464,1.4291673415874995,11.08270857747775
2025-06-30 15:00:00,396.05687369622495,129.71740689530847,41.64817053594343,567.4224511274768,1.4326792155681385,14.02415185830307
2025-06-30 16:00:00,378.6945140850967,141.3557330266266,51.902191324585104,571.9524384363085,1.5103267070506985,10.43804760004425
2025-06-30 17:00:00,371.89829284920046,149.49793646769086,42.16977804438379,563.5660073612751,1.5153766989454647,14.940258075469078
2025-06-30 18:00:00,381.5120275922975,140.4629085702973,42.11649867545109,564.0914348380459,1.4785678931225248,17.36059046619612
2025-06-30 19:00:00,348.0277352016978,125.48335759078353,41.61775642790003,515.1288492203814,1.4801373485990736,18.542136493295605
2025-06-30 20:00:00,318.5292092385545,116.95779508699364,43.96275595279614,479.4497602783443,1.5051987270632767,18.501896891934592
2025-06-30 21:00:00,340.1723422032418,127.0720885754457,38.75696622822681,506.0013970069143,1.4874854132162076,18.64840309492725
2025-06-30 22:00:00,303.6176151753133,108.61183178877577,42.00248104896834,454.23192801305737,1.496065792331506,17.58599887717397
2025-06-30 23:00:00,259.14969565463525,98.4298025051627,36.178069734955294,393.7575678947532,1.5194213016538045,19.67949401692959
2025-07-01 00:00:00,228.68749530739566,68.89803155043113,41.21629611024368,338.80182296807044,1.4815056787983183,16.23533730750357
2025-07-01 01:00:00,205.81013520361643,80.61485257516091,39.36134857506019,325.78633635383756,1.582946029511733,17.61106867457979
2025-07-01 02:00:00,216.532320818752,64.66662412990142,39.11311868643666,320.3120636350901,1.4792806100443858,14.930717391518167
2025-07-01 03:00:00,205.2385242558596,70.06265882945488,43.11221351024373,318.41339659555825,1.5514309399272903,12.584397685386561
2025-07-01 04:00:00,210.9421943332381,86.8259679400918,32.55567989362297,330.3238421669529,1.5659448466963437,8.014392114096605
2025-07-01 05:00:00,230.9076254548823,86.57568982721719,36.74954617779081,354.23286145989033,1.534089057310517,11.925505566333868
2025-07-01 06:00:00,223.18587523478,67.94037958409211,42.717805785616314,333.8440606044884,1.49581177685775,9.565401931554302
2025-07-01 07:00:00,281.9958461223618,86.31997717207008,40.96726480737801,409.2830881018099,1.4513798473620652,8.607087741582072
2025-07-01 08:00:00,296.67041767006685,109.39252487372319,35.39410826050931,441.45705080429934,1.488038660110873,10.786886234488005
2025-07-01 09:00:00,301.42635282740946,100.03278817317585,38.411990773821096,439.8711317744064,1.459298855751566,6.602962016321696
2025-07-01 10:00:00,326.04975088222045,122.16337163097984,36.69769153831158,484.91081405151186,1.4872295186223807,8.461014084232705
2025-07-01 11:00:00,344.01456375098286,132.2432869181626,46.08445979471782,522.3423104638633,1.5183726664606099,8.809918324433083
2025-07-01 12:00:00,324.4955336232742,105.8773892661089,47.259151249865816,477.63207413924886,1.471921874566569,8.52046470265039
2025-07-01 13:00:00,351.0643205907762,112.48845348210867,52.58360535282593,516.1363794257107,1.4702046011316354,11.873717396956911
2025-07-01 14:00:00,400.3539142785807,141.7592775206791,49.227220324516864,591.3404121237767,1.477044162761203,14.571511735857305
2025-07-01 15:00:00,392.5027714808777,135.54609272420032,47.76239780653513,575.811262011613,1.467024703645095,16.638774385960055
2025-07-01 16:00:00,418.6327002780082,143.51588634989042,47.75922081964414,609.9078074475427,1.4569043628042229,16.562483024513867
2025-07-01 17:00:00,379.83034815429374,134.73085448107847,46.507083935018834,561.068286570391,1.4771549700985853,14.624097485924004
2025-07-01 18:00:00,355.46822107780935,126.92774030210457,46.32011348309805,528.716074863012,1.4873793028808613,13.808240883672092
2025-07-01 19:00:00,339.41837633599613,113.73058835269732,43.21261491493959,496.36157960363306,1.4623886454287793,17.102354360819035
2025-07-01 20:00:00,313.57060089682125,102.99206705673835,41.842129206164216,458.4047971597238,1.4618870386722238,15.452911836320942
2025-07-01 21:00:00,276.68903016946905,93.03428601519322,22.22453782955703,391.94785401421933,1.416564486760301,18.708345078836768
2025-07-01 22:00:00,287.2877369330756,107.83953844769442,34.68756477577963,429.8148401565496,1.4961127291579315,18.12528368074128
2025-07-01 23:00:00,263.0478748342254,89.42253949077067,35.93552490213834,388.40593922713447,1.4765598827662476,18.752215178445205
