timestamp,it_load_kW,hvac_kW,ups_kW,total_consumption_kW,pue,temperature_C
2025-01-01 00:00:00,256.22065421821503,86.03836868056938,34.16828098670415,376.4273038854885,1.4691528480951317,19.24763310573257
2025-01-01 01:00:00,199.02159942784849,65.84179619322087,32.96686895031322,297.83026457138254,1.496472068497044,20.04415440208646
2025-01-01 02:00:00,224.73341966216012,95.81705139194196,22.514516023529318,343.06498707763143,1.5265419250655206,21.899305950360723
2025-01-01 03:00:00,188.4075520315183,59.22810124035368,33.35342519652914,280.9890784684011,1.491389678590989,18.164608217859424
2025-01-01 04:00:00,232.35908820006432,84.15598863620946,40.367057941273316,356.8821347775471,1.5359077948793927,16.311741594286016
2025-01-01 05:00:00,194.04842603100465,81.52192980962637,31.622564949877514,307.19292079050854,1.583073499093602,14.663950336927694
2025-01-01 06:00:00,223.57083235859596,76.23681538710797,32.61730813826081,332.42495588396474,1.4868887518867955,17.172165155286983
2025-01-01 07:00:00,244.0801044610543,62.67136012224809,31.403878153501747,338.15534273680413,1.3854277204751055,17.91362794789686
2025-01-01 08:00:00,238.810479607547,90.95627873431916,44.99133840305298,374.7580967449191,1.5692698970362766,16.229577635324233
2025-01-01 09:00:00,315.34992718108765,125.43973338237276,37.46996571680509,478.2596262802655,1.516599767615066,14.082233613962105
2025-01-01 10:00:00,295.36875508384685,92.69831338535498,40.22937042368817,428.29643889289,1.4500397605403752,17.16486726484758
2025-01-01 11:00:00,321.4692981807028,113.92643563028327,46.19175144783722,481.58748525882334,1.498082361159465,14.534569144822438
2025-01-01 12:00:00,353.47507571009646,122.21669451893199,39.84335134547242,515.5351215745009,1.4584765857644753,15.483788677611035
2025-01-01 13:00:00,391.33856038896215,152.75110343280852,41.20513359605788,585.2947974178286,1.4956226057460016,18.639888700662027
2025-01-01 14:00:00,372.2930744575357,130.35300498522938,48.45009886572869,551.0961783084938,1.4802751276302688,19.39584796563057
2025-01-01 15:00:00,425.79809860867914,157.4815805673901,42.843317456701755,626.122996632771,1.4704692169332496,20.265945640995724
2025-01-01 16:00:00,386.4845484635181,137.71978989845837,40.710550586013746,564.9148889479901,1.4616752240000994,21.16356428871173
2025-01-01 17:00:00,372.739343000294,148.74307524851642,45.65390981590075,567.1363280647112,1.521535997514123,20.314257485314716
2025-01-01 18:00:00,371.7142794698713,150.507178569122,46.37182312053959,568.5932811595329,1.529651435426277,21.844138900470565
2025-01-01 19:00:00,342.6389585515333,133.56833698590427,37.94820247004141,514.155498007479,1.50057512485157,22.47774877471252
2025-01-01 20:00:00,304.25504961539946,136.37513711735156,41.834254064723055,482.464440797474,1.5857236926957965,21.60915727315536
2025-01-01 21:00:00,290.10235085115505,111.10227829470696,52.41499971662304,453.619628862485,1.5636537502421928,22.005691107003745
2025-01-01 22:00:00,279.707747469836,97.62860776887119,42.34177702241815,419.67813226112537,1.5004165456889387,24.00502776559004
2025-01-01 23:00:00,283.3852132072239,118.26104931996875,39.87776876126757,441.52403128846026,1.5580348257818173,22.40277813713487
2025-01-02 00:00:00,241.10241522963037,95.73650090684535,43.444586128269144,380.28350226474487,1.577269567799874,19.764947754133132
2025-01-02 01:00:00,230.61746730672087,64.9910896337397,41.19646643706762,336.8050233775282,1.4604488866820224,19.542328635557848
2025-01-02 02:00:00,172.79077662859265,55.310338986589485,42.00382197133368,270.1049375865158,1.5631907145547261,17.910790757629393
2025-01-02 03:00:00,205.18032110792774,70.42843791112965,41.7553218079027,317.3640808269601,1.5467569166149326,16.30674326147472
2025-01-02 04:00:00,212.56408819211464,67.56375150185843,45.424758236820566,325.5525979307937,1.531550323009221,18.16938501936876
2025-01-02 05:00:00,253.73247520438224,80.08291183413495,43.13999585348167,376.95538289199885,1.48564105792276,17.121318971109954
2025-01-02 06:00:00,265.04980633795446,80.22135182228402,38.27111643937351,383.54227459961197,1.44705736592983,15.502342407942413
2025-01-02 07:00:00,257.1344477587371,90.20863856801107,40.835544709746635,388.1786310364948,1.5096329349100404,12.443752068232229
2025-01-02 08:00:00,286.21096770837244,109.91730564242863,35.81390740606665,431.94218075686774,1.509174104037077,13.806779338205098
2025-01-02 09:00:00,298.74812034742575,90.8389264439688,39.41995609697001,429.0070028883645,1.4360157392436668,11.422221132101654
2025-01-02 10:00:00,310.1432707720756,113.93429671450843,47.58359833469865,471.6611658212827,1.5207847800376963,14.61403903485392
2025-01-02 11:00:00,345.2883679236879,104.58544894703037,36.83475659163656,486.7085734623548,1.4095712994592455,14.360965074518415
2025-01-02 12:00:00,356.84766659733947,123.81932012963875,42.1494690682971,522.8164557952754,1.465097028041414,15.682898386647647
2025-01-02 13:00:00,383.7496371702924,131.05493153996028,36.50994819340775,551.3145169036604,1.436651565246978,14.423612499456361
2025-01-02 14:00:00,399.2089410922025,138.78990963841645,32.59162288376483,570.5904736143838,1.429302840896538,20.06457323261185
2025-01-02 15:00:00,386.37702788147027,134.25347816847824,47.55210489894544,568.182610948894,1.4705393176822008,19.63910235344503
2025-01-02 16:00:00,406.9939989575979,159.5213974019182,46.767111182416485,613.2825075419325,1.5068588458618195,21.757529987578152
2025-01-02 17:00:00,357.5812855230534,133.65949139709244,33.53283160073555,524.7736085208813,1.4675645224365328,19.43768274534788
2025-01-02 18:00:00,363.8700734266036,146.38810955780403,38.25638454941498,548.5145675338226,1.507446222131988,20.636778340166636
2025-01-02 19:00:00,348.61337764415697,157.92304865067672,34.720872547450604,541.2572988422843,1.5526004839514975,24.147528212873585
2025-01-02 20:00:00,290.2110350006778,135.58737693941293,42.23238022191301,468.0307921620037,1.6127256917053847,23.862850390083583
2025-01-02 21:00:00,311.21351575407266,122.53501846569088,44.00861758730381,477.7571518070674,1.5351426837920528,21.721935255012816
2025-01-02 22:00:00,289.63738817195537,121.98227433060704,41.03378007241542,452.6534425749778,1.562828077659094,21.621682063387688
2025-01-02 23:00:00,285.99824436286764,130.82690909519582,41.67103523903879,458.4961886971023,1.6031433679549916,20.346334429708246
2025-01-03 00:00:00,235.5537882271827,86.48739239339235,36.84794047964276,358.88912110021784,1.5235973227230923,21.536116535291313
2025-01-03 01:00:00,233.02946251328225,66.36180655223059,48.27956865051829,347.67083771603114,1.491960861799673,18.441953714082473
2025-01-03 02:00:00,224.84485752784124,86.57395519626112,28.23263017065508,339.65144289475745,1.5106035629598527,20.782740052532
2025-01-03 03:00:00,180.56327903189558,80.03344151503096,34.10829706130063,294.70501760822714,1.6321425883951133,18.417094014187455
2025-01-03 04:00:00,218.48442536945927,77.190840797261,45.03974362372122,340.7150097904415,1.5594475863178308,17.538064461593518
2025-01-03 05:00:00,196.0809427659656,61.434582346192386,37.254073919396795,294.7695990315548,1.5033057005615278,15.385865210184033
2025-01-03 06:00:00,241.57638401727382,89.15237510643662,37.70764778351609,368.43640690722657,1.5251342071619123,17.216894028407808
2025-01-03 07:00:00,268.156247188733,103.48680858881536,41.53663966790379,413.1796954454522,1.5408169668881484,16.41535635044512
2025-01-03 08:00:00,281.66890460424094,93.51682218534314,40.74807497800416,415.93380176758825,1.4766763209165608,13.626877971966
2025-01-03 09:00:00,263.0152133755172,107.66325732086045,34.37667926768683,405.05514996406447,1.5400445653527701,12.18637040122913
2025-01-03 10:00:00,349.67850209906203,112.57122054705806,51.792702522148794,514.0424251682689,1.470042973996278,16.82529889508582
2025-01-03 11:00:00,350.50922190046424,133.03956557681792,30.615018126351792,514.1638056036339,1.4669052152631905,12.059574926132521
2025-01-03 12:00:00,381.6959293241165,142.12175278803164,46.44190407118532,570.2595861833333,1.4940153728993486,16.291197262179896
2025-01-03 13:00:00,365.6077078162667,128.31818969031093,35.00764837742459,528.9335458840022,1.4467242746146194,13.012819251944155
2025-01-03 14:00:00,379.9352522909308,146.2027380328549,48.28093375934388,574.4189240831296,1.5118863559501325,20.726766897940085
2025-01-03 15:00:00,427.6038548124853,161.15019381156523,44.29940343874785,633.0534520627983,1.4804671308223067,19.31399312719111
2025-01-03 16:00:00,383.4153502666712,132.0463332017538,37.73731607094316,553.1989995393682,1.4428191233204666,17.667832941770815
2025-01-03 17:00:00,370.22993253968747,129.41312124294723,48.723261177012915,548.3663149596476,1.4811506762783544,19.67904316074815
2025-01-03 18:00:00,356.9624947731183,146.1713815086631,28.700079507600833,531.8339557893822,1.4898874911982292,21.825397278589442
2025-01-03 19:00:00,363.07303901052774,125.31333987402263,49.02237911397976,537.4087579985302,1.480167074545426,17.391920839809355
2025-01-03 20:00:00,294.95299189930876,98.42433470564899,46.18449354592157,439.56182015087927,1.4902775432803108,18.867062275802873
2025-01-03 21:00:00,294.2700101575273,130.8305484527409,34.163324509843335,459.26388312011153,1.560688711956276,22.753665526620267
2025-01-03 22:00:00,260.7088215037598,99.24278249579115,37.95359107092164,397.90519507047253,1.5262436950747145,21.574843335511794
2025-01-03 23:00:00,300.16591417373655,120.17069803676297,45.740299311172194,466.0769115216717,1.5527309714850088,22.07967001631509
2025-01-04 00:00:00,213.39701550134532,86.6919491235084,42.814425602990994,342.9033902278447,1.6068799716914641,20.87842114398045
2025-01-04 01:00:00,183.9669915895402,66.69935949178603,45.15629281485764,295.8226438961839,1.608020228738705,19.573779115134904
2025-01-04 02:00:00,178.95624289206546,74.123519099562,34.82384216474087,287.9036041563683,1.608793297756104,20.432016280302076
2025-01-04 03:00:00,168.1574093365133,53.91265273052147,26.281848418392848,248.35191048542762,1.4769013834438343,19.797485852124662
2025-01-04 04:00:00,166.83232138151826,40.0,34.09832069673135,240.9306420782496,1.444148472449056,15.816293558145137
2025-01-04 05:00:00,179.14827634505897,70.69956689844759,33.472186747412664,283.32002999091924,1.5814834268637572,17.46359099754786
2025-01-04 06:00:00,225.85443860122274,76.34827001664745,41.50524729256501,343.7079559104352,1.5218118272950976,14.627809264229528
2025-01-04 07:00:00,203.86078239582147,83.46887375902004,30.133321137436972,317.4629772922785,1.557253796249462,13.428754540596021
2025-01-04 08:00:00,222.11161464737606,56.970458520427655,41.17644137714202,320.25851454494574,1.4418809887694866,14.553624653565379
2025-01-04 09:00:00,251.63515758728954,69.14244418116633,47.605170816372,368.3827725848278,1.46395589597626,12.502157574791585
2025-01-04 10:00:00,291.855724388205,114.7209682257595,37.072079084600176,443.6487716985647,1.5200961798112818,14.344295113426467
2025-01-04 11:00:00,291.63205677697925,90.26012433757117,37.733367814050006,419.62554892860044,1.4388869096427972,12.30721738111571
2025-01-04 12:00:00,279.0745055375511,108.15258602305671,32.54694539715043,419.7740369577582,1.5041647611242481,15.99409078660085
2025-01-04 13:00:00,311.1086651179497,121.94133885989038,39.642769822237895,472.692773800078,1.5193815756332834,16.32096499177819
2025-01-04 14:00:00,317.7627317663173,116.63472471320586,47.276481874458966,481.6739383539821,1.515828919510313,18.129759126342975
2025-01-04 15:00:00,295.9773891265246,94.91813095484436,36.2086760820004,427.10419616336935,1.4430298119184726,17.995750320172586
2025-01-04 16:00:00,303.9472565588325,102.16774829037499,30.41711753594533,436.53212238515283,1.436210108712256,17.24288301747611
2025-01-04 17:00:00,316.24173786139056,128.71320935141438,24.238519985217977,469.1934671980229,1.4836544675316432,20.12192416846297
2025-01-04 18:00:00,290.4732794794106,105.56053489543555,39.379040521788745,435.41285489663494,1.498977309296699,22.348098194972316
2025-01-04 19:00:00,313.3016034806244,123.23409157312523,36.11827518593513,472.6539702396848,1.5086228892183606,21.996061143623855
2025-01-04 20:00:00,271.5470509150007,119.08965275479162,44.23261965327019,434.8693233230625,1.6014510997550282,23.93990678795009
2025-01-04 21:00:00,237.80392631591346,78.14187739677033,40.06087482651948,356.0066785392032,1.4970597166098172,20.09596412207462
2025-01-04 22:00:00,225.66711196648052,91.58515656925746,34.96013276072139,352.21240129645935,1.560760884593477,21.169008208997298
2025-01-04 23:00:00,192.80447092561823,85.55638294589313,46.86172971743655,325.22258358894794,1.6868000105371783,21.958996759188327
2025-01-05 00:00:00,182.02108370485166,69.12725631338304,32.29535079067764,283.4436908089123,1.5572025231347268,20.398282229024698
2025-01-05 01:00:00,196.19658134775037,82.44597593774007,32.430109226851236,311.0726665123417,1.58551522343286,21.443733250956885
2025-01-05 02:00:00,173.703829590981,50.03472614282779,39.12162074396212,262.8601764777709,1.5132664437895562,17.625472967849323
2025-01-05 03:00:00,137.7478959622964,44.14385769423316,23.149142482416778,205.04089613894635,1.4885228896350549,17.42887095296957
2025-01-05 04:00:00,150.65722941488474,61.57832922239739,48.035634148578005,260.27119278586014,1.7275718782078284,14.927056302090229
2025-01-05 05:00:00,192.822785973162,58.02588747518595,34.02264870590235,284.8713221542503,1.477373748732684,16.13917666320768
2025-01-05 06:00:00,173.4505373839306,61.90613532932401,40.54927402407773,275.90594673733233,1.5906894893419556,14.946327343494769
2025-01-05 07:00:00,203.72318576331307,87.98614800890647,35.33636590886531,327.0456996810849,1.6053435373872895,11.983169899325809
2025-01-05 08:00:00,246.96926586067596,95.1001453678879,34.74628775301542,376.8156989815793,1.5257594813200535,13.725775653499504
2025-01-05 09:00:00,242.20480917199305,88.33467849522847,31.284769704821066,361.8242573720426,1.4938772628379402,15.596354531099527
2025-01-05 10:00:00,260.38712968147405,99.96796507535642,48.962686677094325,409.3177814339248,1.571958575428188,14.502602428804611
2025-01-05 11:00:00,276.06660149762104,86.71956816321278,35.68817492571465,398.47434458654845,1.4433993189501493,14.69057702521726
2025-01-05 12:00:00,317.83515745358613,119.34341104552827,41.14465763925734,478.32322613837175,1.5049412090549545,18.515859771251982
2025-01-05 13:00:00,297.76846676146675,105.04664222817708,33.91620874914014,436.73131773878396,1.4666808829312208,14.120050471079002
2025-01-05 14:00:00,295.5507262038997,103.72719849647612,35.44272871908804,434.7206534194639,1.4708833877794336,16.742554096032396
2025-01-05 15:00:00,321.72534829961853,104.80631539417344,37.1413407102977,463.6730044040897,1.441207560593818,15.417477412542324
2025-01-05 16:00:00,347.25373584023305,105.14844358078915,44.68462116276705,497.0868005837892,1.431480065667292,18.759316223314215
2025-01-05 17:00:00,317.0933610569204,88.51220118082409,52.4833881841391,458.0889504218836,1.4446500831647924,17.359882343364486
2025-01-05 18:00:00,326.7766568346381,116.37162610799913,44.752698408257636,487.9009813508949,1.49307170860063,20.799222937506503
2025-01-05 19:00:00,305.7222369363849,114.38431573422845,32.994772108934555,453.1013247795479,1.4820685904958555,23.467540051029353
2025-01-05 20:00:00,245.65338109950454,85.96685332063582,45.455181332462445,377.0754157526028,1.5349897244030375,22.109245478834023
2025-01-05 21:00:00,247.97406193185157,104.95973139422428,32.322880958892696,385.25667428496854,1.5536168230000003,23.03087976981509
2025-01-05 22:00:00,225.8922309189347,97.659667238188,42.64060352736604,366.1925016844888,1.6210938295434483,19.82244499570291
2025-01-05 23:00:00,210.12072268573496,66.87177921864416,30.916265353357893,307.90876725773705,1.465389816492578,19.64403419939814
2025-01-06 00:00:00,259.4404559673783,94.23226154233618,35.92253874254001,389.59525625225444,1.5016750367615823,20.06383522980972
2025-01-06 01:00:00,248.45647951576865,95.21809780114485,45.469277493031164,389.1438548099446,1.566245547583906,19.187667047322964
2025-01-06 02:00:00,227.4126954766693,102.1611158025821,42.73666442083977,372.31047570009116,1.6371578328980634,23.262433976298063
2025-01-06 03:00:00,232.931354644094,82.4780803032809,35.63697762465968,351.04641257203457,1.5070809728832502,16.828579716550745
2025-01-06 04:00:00,203.33419101878684,89.68085997313364,35.983849606196195,328.9989005981167,1.618020554977491,15.8288197279409
2025-01-06 05:00:00,237.95377866964975,98.71490612820125,35.7937410457312,372.46242584358225,1.5652721630475568,14.783517759458883
2025-01-06 06:00:00,218.46135192467816,85.12277954637169,39.42608774147883,343.0102192125287,1.5701185412914267,13.901617668063643
2025-01-06 07:00:00,249.89877188972028,91.64394734887824,39.74057607280534,381.2832953114039,1.5257509767981705,14.680769663371473
2025-01-06 08:00:00,255.44285745229018,84.40140684666417,46.93050967834666,386.77477397730104,1.5141342288246995,12.834251669774185
2025-01-06 09:00:00,323.4046297426518,119.73854368505194,43.075996538361906,486.21916996606564,1.503439113883351,12.427170940928722
2025-01-06 10:00:00,316.8435478621666,119.87118100125848,35.35611535788829,472.0708442213134,1.4899178077209065,13.681934845533135
2025-01-06 11:00:00,360.1789868546351,135.74526938623018,38.31164083675394,534.2358970776193,1.483251151720386,15.523196135507646
2025-01-06 12:00:00,341.4584575738143,118.92697487905856,38.5266794859074,498.91211193878024,1.4611209676390242,13.098881952365042
2025-01-06 13:00:00,383.58954984210965,129.0136963640028,49.109265146568156,561.7125113526806,1.4643582224382512,15.568820160235521
2025-01-06 14:00:00,403.22049311406016,136.2983325763769,46.814708724053006,586.3335344144901,1.4541263264826976,17.763520437674103
2025-01-06 15:00:00,393.3384235007414,143.46421016194785,45.26195322873133,582.0645868914205,1.4798060705867537,21.656936146963815
2025-01-06 16:00:00,392.05447288856766,141.61894839723632,53.41480985273407,587.088231138538,1.4974659689838667,17.939682008865187
2025-01-06 17:00:00,382.44449017173747,145.20427676316646,48.22176382553042,575.8705307604343,1.505762393130147,20.309879884512238
2025-01-06 18:00:00,364.3654311929227,135.6900678266495,44.5211160560536,544.5766150756258,1.4945891362215578,21.84864803457723
2025-01-06 19:00:00,340.14759810033695,125.45055355710606,36.25024009294175,501.84839175038474,1.4753841995448964,22.449803358511108
2025-01-06 20:00:00,309.80177007922435,134.30829618876777,37.151984960227594,481.2620512282197,1.5534515864939975,23.540906762956475
2025-01-06 21:00:00,320.4550411889272,116.04755818455139,39.12102885011821,475.6236282235968,1.4842132813981495,20.63046594483503
2025-01-06 22:00:00,278.7232875428026,84.68962269268576,38.14532400297986,401.55823423846823,1.4407057184872012,18.578272229699174
2025-01-06 23:00:00,258.2094051046137,88.46526259812464,41.866281383085564,388.5409490858239,1.504751342920318,21.53321630408096
2025-01-07 00:00:00,244.18889730620913,97.02935158221521,35.47312082421557,376.6913697126399,1.5426228377626634,21.033774097642286
2025-01-07 01:00:00,201.3164856921134,59.062421645321734,35.271904029126745,295.65081136656187,1.4685871867380011,18.055472156398537
2025-01-07 02:00:00,190.37057973077356,78.94339661827338,30.757084361389417,300.0710607104363,1.576247029004186,19.097404556174492
2025-01-07 03:00:00,187.64742031438234,63.336664824030464,31.70252753178634,282.68661267019917,1.506477478862162,15.93227217010857
2025-01-07 04:00:00,247.24110605268365,110.59490167845735,35.470488921811594,393.30649665295255,1.5907811728084746,15.756590326689443
2025-01-07 05:00:00,218.97701796132068,77.07009761638777,40.806975544975856,336.8540911226843,1.538307966099826,13.30547186367972
2025-01-07 06:00:00,251.1466707383985,92.45497233690652,37.97291936828697,381.574562443592,1.519329566749666,13.228106640590461
2025-01-07 07:00:00,223.82231441599293,59.21259824603633,34.01144524888651,317.0463579109158,1.4165091569987878,14.677537005543305
2025-01-07 08:00:00,271.52791679958074,76.52381035173062,31.392349893315217,379.44407704462657,1.3974403866719183,13.242020493797744
2025-01-07 09:00:00,303.6551857899384,93.00443523047349,40.448273408343454,437.10789442875534,1.4394876652333428,14.204794183050366
2025-01-07 10:00:00,314.8627797343379,98.82582852714174,52.622351717480115,466.3109599789598,1.4809974058299449,14.037131387474005
2025-01-07 11:00:00,366.77589026650287,112.76906421198251,47.52956551388245,527.0745199923678,1.437047892132142,15.15321436798331
2025-01-07 12:00:00,359.23948103954206,132.80809410232925,37.17304671035372,529.220621852225,1.4731694309344936,13.273866758199546
2025-01-07 13:00:00,378.3242261062707,139.9202394035407,27.810520684972726,546.0549861947842,1.4433518884444851,14.982285674667025
2025-01-07 14:00:00,409.1736133477323,133.06166790142822,42.63668927870991,584.8719705278705,1.4293980634348056,17.94133784688606
2025-01-07 15:00:00,421.0064639464364,142.03483432025664,41.98009450797079,605.0213927746638,1.4370833813412405,18.76689913023434
2025-01-07 16:00:00,394.95959698717047,140.14746003991172,42.8925290559097,577.9995860829919,1.4634397809094561,17.069590070860123
2025-01-07 17:00:00,371.6749227783088,114.81132349263493,36.06680417742345,522.5530504483672,1.405941101816148,16.423621506868788
2025-01-07 18:00:00,360.4498848303461,156.85343027909306,29.944951886329847,547.248266995769,1.5182367647401074,20.864226974960147
2025-01-07 19:00:00,368.7072525767663,148.78627911481806,37.72355127918154,555.2170829707659,1.5058480110997208,21.34472410513502
2025-01-07 20:00:00,305.7135939391913,112.38526995804429,50.3285047455214,468.42736864275696,1.532242523490567,21.66484054410532
2025-01-07 21:00:00,283.4997209991657,93.2752572853979,32.907321924405,409.68230020896857,1.4450889008464818,18.56948066470919
2025-01-07 22:00:00,261.05405366818206,99.77781118099229,23.52956368821233,384.36142853738664,1.4723442257898698,21.163517437682223
2025-01-07 23:00:00,275.1884963978747,106.96436407954401,47.070047371064014,429.2229078484827,1.559741462549732,22.149627756903676
2025-01-08 00:00:00,245.54004451265928,86.29502764007688,31.457080614676524,363.2921527674127,1.4795637652036122,19.965816831187485
2025-01-08 01:00:00,207.2654097288201,78.47025756373083,39.47554035440836,325.2112076469593,1.5690568342901787,18.415386767296948
2025-01-08 02:00:00,200.8682959453079,76.21630871737004,40.414152077482434,317.49875674016033,1.5806315040707488,18.984881387522705
2025-01-08 03:00:00,210.9279574411601,81.24990590096752,43.42873804873081,335.6066013908584,1.5910958673388675,15.440306167528922
2025-01-08 04:00:00,204.59494550521595,71.72998260416632,51.7256606344875,328.05058874386975,1.6034149227577394,19.259543403449534
2025-01-08 05:00:00,204.0470621659761,79.61142530950256,32.02021010453899,315.6786975800176,1.5470876876592228,15.850743347524551
2025-01-08 06:00:00,222.0856890430621,72.64886269933798,29.458323630683736,324.1928753730838,1.4597648176700986,12.375673725331076
2025-01-08 07:00:00,252.2055509741402,95.69148062482995,46.827003806444296,394.72403540541444,1.5650886107811612,18.11088590904317
2025-01-08 08:00:00,266.39413159760403,86.99691817687679,43.264128140410854,396.6551779148917,1.4889786630662372,14.137151148129982
2025-01-08 09:00:00,300.08407481798463,88.84839351097146,37.19788917123767,426.1303575001937,1.4200365606160947,11.768373716223252
2025-01-08 10:00:00,317.3682809093218,119.15648793042112,39.190161856502925,475.71493069624586,1.498936596099743,13.908796286804506
2025-01-08 11:00:00,332.45912178927574,135.60792992233098,32.252647151562805,500.31969886316955,1.504905914960245,13.493521072451045
2025-01-08 12:00:00,372.0829071067556,130.69720285188117,40.5909704871934,543.3710804458302,1.4603494814394409,14.662755179245663
2025-01-08 13:00:00,386.9690187844046,126.10925635240254,47.25810524515616,560.3363803819633,1.4480135441905966,15.375241261265822
2025-01-08 14:00:00,351.68277846383967,129.88202181633594,34.840487964373466,516.4052882445491,1.4683837818281065,15.337659695574143
2025-01-08 15:00:00,395.2329911008193,148.34093411377415,35.774385025093494,579.3483102396868,1.4658399558854183,18.25492967650095
2025-01-08 16:00:00,378.827135865489,118.32895649028562,40.18394858487224,537.3400409406469,1.418430703790558,17.878883953742502
2025-01-08 17:00:00,359.8643240563964,133.23463853446006,35.28784471134712,528.3868073022036,1.4682944987327975,19.307681635900856
2025-01-08 18:00:00,377.53931414489256,125.12605563065746,45.23272382734014,547.8980936028902,1.4512345418750672,18.06464376734791
2025-01-08 19:00:00,349.9708551689178,133.5653841868491,38.96191249954094,522.4981518553078,1.4929761839828564,21.47502241626876
2025-01-08 20:00:00,333.8532386906679,117.3708498059357,48.825742012735745,500.04983050933936,1.4978133280074635,20.258467369527665
2025-01-08 21:00:00,290.44305936312156,114.5093314599399,29.72813742098863,434.6805282440501,1.4966118632588774,21.360487136255887
2025-01-08 22:00:00,309.50677972025835,110.77872678357201,33.2560507344509,453.54155723828126,1.4653687316581754,22.490962208993235
2025-01-08 23:00:00,264.4285283796332,81.03275365695127,43.58581806489038,389.0471001014748,1.47127506432638,20.502743027124506
2025-01-09 00:00:00,225.5849278352165,74.2927988926139,35.78889319612769,335.6666199239581,1.4879833646029454,20.41930483559894
2025-01-09 01:00:00,256.8502957164035,93.73616917366928,41.72203807729841,392.30850296737117,1.5273819400252175,19.385694288863213
2025-01-09 02:00:00,198.10029030379286,76.54373290871905,30.900723818071967,305.5447470305839,1.5423740498412277,18.487075723342805
2025-01-09 03:00:00,237.6264296280121,81.77379920087135,42.07954832333316,361.47977715221657,1.521210320409596,16.594604133007138
2025-01-09 04:00:00,207.78281860452176,78.51465832105399,34.19069908822654,320.48817601380233,1.5424190419892008,18.225278568101512
2025-01-09 05:00:00,210.9688344276023,73.4647536032247,37.57217314633354,322.0057611771605,1.526319098509607,14.666099613446534
2025-01-09 06:00:00,223.09097145539658,79.76340864169254,34.0973528281754,336.95173292526454,1.510378168722227,13.795266159265912
2025-01-09 07:00:00,236.58086622946126,97.40751031544296,41.066720203652096,375.0550967485563,1.5853145807015012,12.947361908811827
2025-01-09 08:00:00,259.8645640339367,107.41577435484857,38.10655087293551,405.38688926172074,1.5599929554411265,13.407341256177371
2025-01-09 09:00:00,306.57848953680957,101.09080510211095,37.40361754222068,445.0729121811412,1.4517421390312617,15.422715649930463
2025-01-09 10:00:00,321.5802395688918,110.4259743916217,45.59052112318495,477.59673508369843,1.4851557288593393,14.42173290501625
2025-01-09 11:00:00,315.23585128182435,98.47941052366743,31.760858370569096,445.4761201760609,1.413151830176195,15.441867881268925
2025-01-09 12:00:00,367.2732115025878,138.13983085298966,43.837434858460156,549.2504772140376,1.4954820008977636,12.958008118818169
2025-01-09 13:00:00,350.71913105846755,109.80808112609076,36.97258226991974,497.4997944544781,1.418513421132824,10.992021998880599
2025-01-09 14:00:00,396.0151408055001,129.52310441678654,40.55132458324201,566.0895698055286,1.4294644610155431,17.15811720170217
2025-01-09 15:00:00,381.3775929204794,128.81189476597214,36.38184875616452,546.5713364426161,1.43315010265058,16.63736871452096
2025-01-09 16:00:00,382.65118501803926,132.48872618452256,47.90550350612831,563.0454147086901,1.4714325650974962,19.578098133107975
2025-01-09 17:00:00,399.35143586523185,145.08204737475162,45.3873329620915,589.820816202075,1.4769467772769456,21.88810347966681
2025-01-09 18:00:00,326.3187335726738,115.62272935705414,40.40029417653465,482.3417571062626,1.4781307583091647,21.405393318594708
2025-01-09 19:00:00,385.25939250316077,148.7451300184758,38.128806282903035,572.1333288045396,1.4850600399050509,19.63123635945926
2025-01-09 20:00:00,379.2853694003028,148.96805006441045,27.756842226937934,556.0102616916512,1.4659417592900363,21.484648052732926
2025-01-09 21:00:00,319.8015521948964,138.99850980389115,35.160446245033214,493.96050824382075,1.5445844613749307,20.399854995749653
2025-01-09 22:00:00,287.00887754802847,109.56807380014028,48.21908996500697,444.7960413131757,1.54976405299081,23.61045956959545
2025-01-09 23:00:00,242.45112231416263,100.41090631474505,50.71309693045627,393.575125559364,1.6233174002361528,22.036427475378577
2025-01-10 00:00:00,256.18299977718095,86.70397850466068,45.16411669974043,388.051094981582,1.5147417873906361,19.609341349018482
2025-01-10 01:00:00,218.56730530017464,78.29101665809917,37.360370726022325,334.2186926842961,1.5291339764897083,18.96205212264278
2025-01-10 02:00:00,207.77676107041714,66.95379474742339,41.85982676614713,316.59038258398766,1.5237044843368828,17.71299576438853
2025-01-10 03:00:00,195.41098646166103,74.83207707516668,34.29089542166727,304.53395895849496,1.5584280314671228,19.78220938381726
2025-01-10 04:00:00,238.5194321341263,78.62952997110833,33.86840719980361,351.0173693050383,1.471651035575379,13.574359192723264
2025-01-10 05:00:00,237.57720675944122,71.51448588444423,47.441686400274236,356.5333790441597,1.500705323996706,15.32559092689568
2025-01-10 06:00:00,210.1841078437975,79.27369272808336,37.80921004431076,327.2670106161916,1.5570492649206693,13.027471636983687
2025-01-10 07:00:00,253.11328239752817,87.52109189859837,43.28422446084758,383.9185987569741,1.5167856665617772,14.825823224298523
2025-01-10 08:00:00,252.83208858321063,106.00965999346106,45.23529984219045,404.07704841886215,1.5982031817368572,15.07344325045325
2025-01-10 09:00:00,316.84824248902447,95.44786696782506,45.04102083510627,457.3371302919558,1.4433948779368655,12.044690734726629
2025-01-10 10:00:00,306.7400704901545,113.56415418294863,41.29778570899947,461.6020103821026,1.5048637422704079,11.32322186754246
2025-01-10 11:00:00,343.71270912092234,122.15403285758715,40.49094515868589,506.3576871371954,1.4732003609417088,12.445254640758208
2025-01-10 12:00:00,373.91315313989236,119.28263949713491,53.632046866619035,546.8278395036463,1.4624461186019344,15.492658275078835
2025-01-10 13:00:00,374.3228445413699,131.73067996862295,51.12227489595416,557.175799405947,1.4884899693701927,12.489079361557792
2025-01-10 14:00:00,364.30815665303726,131.90339810967296,38.30881187790119,534.5203666406114,1.4672204200733343,16.3727782295268
2025-01-10 15:00:00,381.7827714742119,140.4198053675073,46.16428021394853,568.3668570556679,1.4887179294680641,18.810133586682856
2025-01-10 16:00:00,362.33240619959133,127.26622995816167,46.08265309887288,535.6812892566259,1.4784250044737788,17.639028738606818
2025-01-10 17:00:00,403.9962011784499,150.99697761717897,34.20055315589097,589.1937319515198,1.4584140401143673,19.17732369152281
2025-01-10 18:00:00,380.5685573680562,135.5369255883241,49.070027260710575,565.1755102170908,1.4850819892366915,18.728564196052908
2025-01-10 19:00:00,312.84023890688155,110.03755849004912,38.633660895579474,461.5114582925101,1.475230487948455,20.07905063200864
2025-01-10 20:00:00,302.08898584517544,108.44678949369658,38.046296239948376,448.58207157882043,1.484933554673604,19.34683126109421
2025-01-10 21:00:00,340.92499972687926,130.10948636850475,46.59849263557598,517.63297873096,1.5183192172637514,20.871957318024048
2025-01-10 22:00:00,288.6716638411725,104.25206482086226,36.12528278745041,429.0490114494852,1.4862872432312872,19.426390773854266
2025-01-10 23:00:00,249.15967460775545,98.90550780693509,36.10961961214706,384.1748020268376,1.5418819382856892,20.01931006147891
2025-01-11 00:00:00,210.7150162281623,102.29995531349869,38.19735112869294,351.21232267035396,1.6667645664609925,22.784057041765195
2025-01-11 01:00:00,188.42712370712624,75.08881302387415,37.88875370974152,301.40469044074194,1.5995822921397327,19.054243889646983
2025-01-11 02:00:00,189.11008431187537,68.90198726494295,47.83475662644882,305.84682820326714,1.6172951818839687,18.526986190162717
2025-01-11 03:00:00,165.20807092116007,46.21124355891142,25.780501273346044,237.1998157534175,1.4357640908876241,17.017640946801507
2025-01-11 04:00:00,204.59192653438512,69.76086809961743,33.18241521555184,307.53520984955435,1.5031639569505097,15.428332215173604
2025-01-11 05:00:00,186.69933375028086,70.14772166753212,38.583700299882764,295.4307557176957,1.5823878413666341,13.544921498083546
2025-01-11 06:00:00,172.17546876514854,60.79403563331621,35.476483098973056,268.4459874974378,1.5591418999625581,14.024251630287855
2025-01-11 07:00:00,208.23440540311393,75.82797546611499,35.83361406004187,319.89599492927084,1.5362302608447198,12.443511658910438
2025-01-11 08:00:00,220.98475829246618,79.97984900200981,43.37109160739532,344.3356989018713,1.5581875490532886,14.065423988330073
2025-01-11 09:00:00,253.24202160757457,104.35290021323638,38.86410406841906,396.45902588923,1.5655341217564018,12.742173293918883
2025-01-11 10:00:00,270.252588664864,99.96901538066808,39.63590878332383,409.85751282885593,1.5165720145501134,10.934693630975621
2025-01-11 11:00:00,284.96832676786374,116.59795620240008,37.68554482531329,439.2518277955771,1.5414057863118005,13.66861431039307
2025-01-11 12:00:00,282.7416993208702,92.71686590717684,42.61763401012379,418.07619923817083,1.4786506562080037,13.437509610378305
2025-01-11 13:00:00,313.8919509810467,114.10802579593303,43.5143466587674,471.51432343574714,1.502154871961715,13.653012514400952
2025-01-11 14:00:00,306.7421558356627,95.34311309303295,48.83466407278982,450.91993300148545,1.4700292229903544,15.898212722202372
2025-01-11 15:00:00,349.4828344326217,109.74278959497681,39.031281788285,498.25690581588356,1.425697793211485,17.025301324360353
2025-01-11 16:00:00,296.2899802662386,97.20245795462947,33.79167357808744,427.2841117989555,1.4421146183040308,17.151382202743847
2025-01-11 17:00:00,304.7897227918247,133.77676503630067,28.721264626944937,467.28775245507035,1.5331479951974427,20.10231138286525
2025-01-11 18:00:00,288.8222256473711,103.49655852493652,41.183788499981596,433.5025726722892,1.5009321796500565,22.824170241916583
2025-01-11 19:00:00,264.61457547730873,109.29751820378208,42.677359091470905,416.58945277256174,1.574325420363268,22.034479124343054
2025-01-11 20:00:00,272.50406281008793,103.39000887175891,40.73331608947794,416.62738777132483,1.5288850502815385,21.19896920006861
2025-01-11 21:00:00,251.5750220705821,95.58010120511574,29.767245327552324,376.92236860325016,1.4982503648454437,19.94842604815744
2025-01-11 22:00:00,230.38756484481635,104.52883804005597,45.21668199598663,380.133084880859,1.6499722332535947,19.79031246160577
2025-01-11 23:00:00,236.88464980030992,91.16273724240106,51.23375556010634,379.2811426028173,1.6011216552974006,18.202617094954565
2025-01-12 00:00:00,183.48687113549735,69.71829917364823,45.59397448284506,298.79914479199067,1.6284497247290246,18.678384368852818
2025-01-12 01:00:00,190.47992568273287,73.08654653766654,37.536291211505564,301.102763431905,1.5807585096049843,17.79232468590795
2025-01-12 02:00:00,176.46384122984358,53.325323611417296,52.11503642832065,281.90420126958156,1.597518218491018,17.351665121644434
2025-01-12 03:00:00,177.30179062594706,84.50864837805499,42.44171123680167,304.2521502408037,1.7160128454804122,17.071776909448054
2025-01-12 04:00:00,151.3605200683726,66.05180291141859,12.283678831733972,229.69600181152518,1.5175423664491035,15.707145623889899
2025-01-12 05:00:00,160.00114702236604,56.174992281552264,31.24439810396291,247.42053740788123,1.5463672730627056,17.338040402736713
2025-01-12 06:00:00,209.1064348447004,75.70693616491789,32.91652422675234,317.7298952363707,1.5194649340769593,14.529310676357815
2025-01-12 07:00:00,187.51465409243292,71.93981655063689,38.73993185927997,298.1944025023498,1.590245860760081,16.819121465222935
2025-01-12 08:00:00,247.1846036348255,94.93611303400641,42.70112532433952,384.8218419931714,1.556819625229095,12.041445129555655
2025-01-12 09:00:00,273.90005965528894,110.02702110926629,35.819747842512875,419.7468286070681,1.5324816983805387,11.173204972961598
2025-01-12 10:00:00,254.75255783523136,110.64465833238486,36.99831652204212,402.3955326896583,1.5795544355237419,12.653155660835974
2025-01-12 11:00:00,289.238987540811,92.61777943500255,39.58925459319249,421.44602156900606,1.4570858000584754,14.80747763288349
2025-01-12 12:00:00,301.6599596705999,103.71860598802705,47.568684525225635,452.9472501838526,1.5015159807037437,14.344837636616191
2025-01-12 13:00:00,337.79245046721473,114.38183508871045,37.085486356456656,489.25977191238184,1.4484035129727333,13.966822993117574
2025-01-12 14:00:00,356.4423055639347,124.01470202787782,38.65478223874113,519.1117898305537,1.4563697454746742,14.888588803386286
2025-01-12 15:00:00,334.77519451535306,119.34657332377185,37.95717607855174,492.07894391767667,1.4698787484241445,17.08895372653485
2025-01-12 16:00:00,333.4481363253515,121.39938898878255,38.067803927895675,492.91532924202977,1.4782368696794368,19.98817441078233
2025-01-12 17:00:00,332.89094650075833,126.54704446930475,39.510359868401004,498.9483508384641,1.4988342461194795,19.32660489030352
2025-01-12 18:00:00,281.04378349621396,100.27293254213079,42.755395664098145,424.0721117024429,1.508918313107451,20.119021290074535
2025-01-12 19:00:00,281.90634804738585,95.5356847954939,25.65451126947602,403.0965441123558,1.4298952361462929,20.256881465581333
2025-01-12 20:00:00,281.4800017218991,103.22584748154128,35.21322458648582,419.9190737899262,1.4918256047362264,20.30640525036447
2025-01-12 21:00:00,237.41248926544054,104.2777067624234,29.640906827997473,371.33110285586145,1.5640756895509922,21.51478137628299
2025-01-12 22:00:00,257.6301270793249,109.73523077892928,43.76987648264532,411.1352343408995,1.5958352348066422,21.175797104220845
2025-01-12 23:00:00,192.2467978447809,71.90788660362779,34.24268322247815,298.39736767088687,1.552157804531087,21.285297432150657
2025-01-13 00:00:00,233.12285955080668,82.94100225649997,28.7862925983488,344.8501544056554,1.4792635740232885,19.517756260447737
2025-01-13 01:00:00,224.2007227985523,79.58825753718432,42.05358938051714,345.8425697162537,1.5425577821486258,19.548507247428585
2025-01-13 02:00:00,225.46393749503096,72.99240064271774,26.430840723638067,324.8871788613868,1.4409718133683664,17.516226344540968
2025-01-13 03:00:00,193.15949995882661,76.00810759249497,50.160619564243504,319.3282271155651,1.6531841674037895,16.207302480907323
2025-01-13 04:00:00,206.03231915762885,65.62360864564691,33.31700911128522,304.972936914561,1.4802189198347846,18.800706475279974
2025-01-13 05:00:00,228.58768944317262,69.04205984804807,36.90474391246278,334.5344932036835,1.4634842935706276,16.060455168954523
2025-01-13 06:00:00,237.81965437693242,100.39039534035221,37.40315219872247,375.6132019160071,1.5794035312181502,14.719971128332656
2025-01-13 07:00:00,265.28339521840337,92.22105367105573,34.42594040502831,391.93038929448744,1.4774026432065894,14.52613709339012
2025-01-13 08:00:00,261.3065137561314,109.8252672554907,46.83060395305005,417.96238496467214,1.5995100120418064,12.851344877230908
2025-01-13 09:00:00,279.18473400088703,111.16612937453309,40.50695699009107,430.85782036551115,1.543271418143308,14.80317648720612
2025-01-13 10:00:00,270.4921492883297,99.0275711983067,32.961602210030435,402.48132269666684,1.4879593502273663,15.657727379315439
2025-01-13 11:00:00,319.64016142184647,105.641747347526,38.63020422505967,463.91211299443216,1.451357398052938,13.191626125658482
2025-01-13 12:00:00,352.94404585347286,115.78682836295589,49.78822640628093,518.5191006227096,1.4691255078941787,16.410517738335216
2025-01-13 13:00:00,348.82238707066216,124.90889048927757,36.89047551392595,510.62175307386565,1.463844558148807,17.524537577735472
2025-01-13 14:00:00,377.263543375449,138.0690746618426,42.448265718841576,557.7808837561331,1.4784913452425352,16.295952024864253
2025-01-13 15:00:00,402.8407116841566,142.07738324218423,48.41429528895835,593.3323902152991,1.4728709710961283,14.871854112821373
2025-01-13 16:00:00,375.5653893695792,135.3227107511466,51.61270628366192,562.5008064043877,1.4977439943243884,18.36127807058597
2025-01-13 17:00:00,392.08208250430175,129.79785818929682,43.161527010128324,565.0414677037269,1.4411305512730934,17.18947140723507
2025-01-13 18:00:00,374.63944200489567,150.19736354909506,41.30384139460026,566.140646948591,1.511161355352416,21.224824987200293
2025-01-13 19:00:00,343.0040395984826,119.47197249419924,33.05770009457373,495.53371218725556,1.444687685799044,19.321665489194928
2025-01-13 20:00:00,334.0390411493109,122.30793441391879,40.444171573001626,496.7911471362313,1.4872248029061144,21.27114781711329
2025-01-13 21:00:00,314.06508293394677,117.44386884712561,32.09239546697651,463.6013472480489,1.476131453127988,21.64000803468651
2025-01-13 22:00:00,249.52164282921578,102.04524640704749,40.28598863110932,391.85287786737257,1.5704163912369513,20.234294161855
2025-01-13 23:00:00,282.06138965403886,104.68176286510108,31.859317971700058,418.60247049084,1.4840828480788348,18.422962512142757
2025-01-14 00:00:00,202.01172947236205,79.0946761751487,33.58743053935733,314.6938361868681,1.5577998218659006,21.46045920327889
2025-01-14 01:00:00,224.84394147218833,74.2807614130256,41.53589796259716,340.6606008478111,1.515097976922578,17.705084692853752
2025-01-14 02:00:00,199.94812453612298,64.86602827312561,36.92810432311076,301.7422571323593,1.5091027126780878,16.296803258691128
2025-01-14 03:00:00,198.03356106434362,75.09878877186841,22.221854930112304,295.35420476632436,1.4914351041254064,16.966103924141287
2025-01-14 04:00:00,214.92967095763987,76.88354535090862,39.82287401657243,331.6360903251209,1.5429981763219769,15.496452714742992
2025-01-14 05:00:00,213.21144010994783,83.14311658410494,38.186560717433984,334.54111741148677,1.5690580075767615,12.754232648804301
2025-01-14 06:00:00,231.07419806734822,86.65995178829672,33.568754199740425,351.3029040553854,1.5203034652661465,13.23771216145527
2025-01-14 07:00:00,252.5610029234945,82.20559558158278,27.70205971349621,362.4686582185735,1.4351727068821156,13.352036453645725
2025-01-14 08:00:00,258.9608404470194,106.27385991731894,38.63500155671191,403.86970192105025,1.559578279186492,12.67910702961682
2025-01-14 09:00:00,302.8191647158263,108.73068565286928,37.2414381752928,448.79128854398834,1.4820438758066923,13.528684761517841
2025-01-14 10:00:00,302.34316482585706,110.8376545376425,31.241777268567013,444.4225966320666,1.4699277123993992,11.951550540688265
2025-01-14 11:00:00,354.09178409839654,138.4455506459392,41.89474975974943,534.4320845040852,1.5093038260260083,14.153375369274574
2025-01-14 12:00:00,341.3036337582947,110.16673325005715,34.38425679457554,485.85462380292745,1.4235260798512366,16.319542849481962
2025-01-14 13:00:00,382.12938709888607,148.8238689155515,55.38248667831193,586.3357426927495,1.5343906082287768,16.796015699217822
2025-01-14 14:00:00,377.49127192450953,132.3680855428333,43.079836764108556,552.9391942314514,1.4647734539992963,15.086922491001303
2025-01-14 15:00:00,416.879124764018,146.01511400989818,42.96521021485736,605.8594489887736,1.4533216296971725,17.769283589038913
2025-01-14 16:00:00,369.9335001251908,126.13262927803622,39.660606693179695,535.7267360964067,1.4481703763382043,18.333986781734986
2025-01-14 17:00:00,400.3590622222972,134.2486368257692,38.69259661386213,573.3002956619287,1.4319653275229394,16.56404020697771
2025-01-14 18:00:00,357.6150504099676,112.00917127700824,46.813468340554245,516.43769002753,1.444116206617952,18.38499380792697
2025-01-14 19:00:00,316.9509659898981,128.02541345165906,51.908853107417244,496.88523254897444,1.5677037960654494,20.190356734848397
2025-01-14 20:00:00,350.08818029883554,136.62770487079743,41.153718804477016,527.86960397411,1.5078189829874293,21.938240572794797
2025-01-14 21:00:00,319.5519124212145,118.73301466475547,41.77845775560815,480.06338484157817,1.502301711181083,19.98288292783284
2025-01-14 22:00:00,309.24372666192016,106.88397888712691,46.060753714025005,462.18845926307205,1.4945766701626846,20.245622956182068
2025-01-14 23:00:00,249.17119242504674,93.8659822224069,36.981284099200145,380.0184587466538,1.5251299921477368,16.980186814460115
2025-01-15 00:00:00,255.01030791015754,78.7504752099395,39.67135526378798,373.432138383885,1.4643805634533351,19.285392222213538
2025-01-15 01:00:00,252.1424548282686,99.04378213558772,44.92013277095392,396.10636973481024,1.5709626131965513,17.399049412128726
2025-01-15 02:00:00,219.18856755484717,54.89871815852887,44.485760796242594,318.5730465096186,1.453419993859409,17.450229181390014
2025-01-15 03:00:00,265.1903847179975,89.34856346171335,34.561190465544904,389.10013864525575,1.4672482905404862,16.420044130959646
2025-01-15 04:00:00,212.61242272829557,76.89155254000423,38.10692054423573,327.6108958125355,1.5408831318911231,14.224461831026941
2025-01-15 05:00:00,244.3816564543703,89.04790549473347,36.49278473108382,369.9223466801876,1.513707501811854,17.79013793284413
2025-01-15 06:00:00,225.04505341005395,65.24368635597293,40.35494441325546,330.64368417928233,1.4692332898196052,12.444577140443998
2025-01-15 07:00:00,246.53110915482878,84.98955760827297,35.978231433649896,367.49889819675167,1.4906796122267538,16.315009059004332
2025-01-15 08:00:00,275.0876753179558,95.16303802209914,39.63053482671767,409.88124816677265,1.4900022245381142,13.177590829382066
2025-01-15 09:00:00,303.78362786955523,106.6432463603682,47.21790347094735,457.6447777008708,1.5064826926663197,9.84478066693976
2025-01-15 10:00:00,333.079733087968,116.19971090258005,31.80236299957793,481.08180699012604,1.4443442791611398,12.576904837390067
2025-01-15 11:00:00,359.73312169195947,120.87706925135147,40.61898282534422,521.2291737686552,1.448932951508939,12.550720125728136
2025-01-15 12:00:00,330.48535206395763,116.89196939808149,34.61369926466526,481.9910207267044,1.4584338389479556,13.159689034094448
2025-01-15 13:00:00,385.3832938346153,157.06498329351214,41.1709110584318,583.6191881865592,1.5143863201216385,13.036508572711352
2025-01-15 14:00:00,382.0217880444182,153.33074473431756,46.77814039894799,582.1306731776838,1.5238153723054106,17.876183258682453
2025-01-15 15:00:00,362.5845057236779,123.91895816974973,42.422528781025676,528.9259926744533,1.4587661202421665,14.014894604207667
2025-01-15 16:00:00,378.5620556920513,128.00674373785824,37.44654895175204,544.0153483816615,1.4370572544233051,15.463344818418198
2025-01-15 17:00:00,394.6889016978723,125.06102766536,54.15153057317446,573.9014599364068,1.454060292720667,17.281166540280427
2025-01-15 18:00:00,377.0989232149205,151.59599193441528,38.509266729606914,567.2041818789427,1.5041257000770465,21.885542316659418
2025-01-15 19:00:00,321.38506417802967,132.45916119594733,26.354568179404744,480.19879355338173,1.4941540447174546,20.601385708200645
2025-01-15 20:00:00,315.80785435291887,120.87488736189033,46.95154808994256,483.63428980475175,1.5314194474222447,19.111049834450526
2025-01-15 21:00:00,293.92820528288576,103.09175350108934,43.51288426952542,440.5328430535005,1.4987770317228244,18.50548805654832
2025-01-15 22:00:00,303.1011562179768,116.81181792884482,33.44003397830475,453.3530081251264,1.4957152053854101,23.033155910124414
2025-01-15 23:00:00,252.02633438467703,77.77840341663956,40.64682645640263,370.4515642577192,1.4698922839241293,21.008980303181282
2025-01-16 00:00:00,224.14604633615576,66.59319194618345,47.06186972170765,337.80110800404685,1.5070580700649103,18.174769513316882
2025-01-16 01:00:00,222.5941343578959,81.22336522448437,43.69130153952594,347.50880112190623,1.5611768123375949,18.88481192453525
2025-01-16 02:00:00,168.97054418664726,68.64138651878514,30.677585663644575,268.289516369077,1.5877886744136929,19.195049884594567
2025-01-16 03:00:00,212.26573834764326,72.99177896764878,40.085876273020375,325.34339358831244,1.532717414128669,12.66625919264885
2025-01-16 04:00:00,230.75761736274202,83.65644088925089,40.50811896898502,354.9221772209779,1.5380735044731113,14.22745166000982
2025-01-16 05:00:00,229.4974879408835,85.31046759499544,33.59534870022217,348.4033042361011,1.5181138031708943,13.529836440953554
2025-01-16 06:00:00,203.41891974297863,68.91115385154266,43.97714356467893,316.30721715920026,1.5549547581850147,14.04798071627505
2025-01-16 07:00:00,298.6958408713718,118.94769147683009,36.70726999337262,454.3508023415745,1.5211152623220918,11.33931666324203
2025-01-16 08:00:00,287.3384296658786,91.56286958217049,29.315925801816554,408.21722504986565,1.4206844017507394,13.098951377661658
2025-01-16 09:00:00,297.46938395537427,108.19807207625139,35.76818808750789,441.43564411913354,1.4839700081046217,11.076306277713357
2025-01-16 10:00:00,321.270866061665,101.0587455454274,33.953370264059004,456.2829818711514,1.4202438816334253,13.097314898061937
2025-01-16 11:00:00,359.7669610483635,132.08578712592845,32.85665219925566,524.7094003735476,1.4584702242933612,10.02227851145673
2025-01-16 12:00:00,360.90987948243253,128.82047933506834,44.01608351435091,533.7464423318518,1.4788911932731732,16.841387411323286
2025-01-16 13:00:00,375.2828063422087,137.71520466295223,33.008770286538734,546.0067812916997,1.4549208545243426,12.959812629950166
2025-01-16 14:00:00,397.8269694977487,133.416504252194,45.06459739431369,576.3080711442564,1.4486400252648475,12.81247508257339
2025-01-16 15:00:00,370.2285999316327,129.80452067327258,40.956313742802024,540.9894343477073,1.4612308029352883,12.95351554295522
2025-01-16 16:00:00,400.32397393792576,143.70916147874527,47.527164956132324,591.5603003728033,1.4777039070473723,17.509673956589353
2025-01-16 17:00:00,360.5891687640634,124.56858362804081,48.28506688568742,533.4428192777916,1.4793645108814342,18.733580747072214
2025-01-16 18:00:00,371.38076732896354,127.24199769577777,43.312117068736704,541.934882093478,1.4592432612791717,18.76085573653137
2025-01-16 19:00:00,363.7636084434672,123.00161545349334,56.769695065762384,543.5349189627229,1.4941981725123394,16.847769396508223
2025-01-16 20:00:00,332.5579437503634,113.49759022494588,49.19739631020259,495.25293028551187,1.4892229748006756,19.980115337102205
2025-01-16 21:00:00,314.6034488794472,125.01386526251325,39.00805472541022,478.6253688673707,1.5213608451278453,22.823813211936187
2025-01-16 22:00:00,269.79237679433385,106.72986268819449,31.297442192802205,407.8196816753305,1.5116056521723615,16.67096158744713
2025-01-16 23:00:00,240.8012595165991,79.9122294176628,52.73865214618222,373.4521410804441,1.5508728726342107,19.080426034984885
2025-01-17 00:00:00,254.95950893729025,100.72423996792966,44.81932048853559,400.5030693937555,1.5708497049712433,18.744744789387862
2025-01-17 01:00:00,219.4730271749285,93.43458563379845,42.129099877412735,355.03671268613965,1.6176781140543601,20.774536743313444
2025-01-17 02:00:00,197.72828737563617,78.49448676120662,41.0295055521502,317.252279688993,1.6044860545739215,15.382615770625609
2025-01-17 03:00:00,200.2259154891336,76.77826481549111,31.052005448046025,308.05618575267073,1.538543025262827,17.93004058938654
2025-01-17 04:00:00,199.99796366075535,80.86514236551982,27.899896565395462,308.7630025916706,1.5438307317738842,17.186716309532486
2025-01-17 05:00:00,234.96110357153452,81.41773678971475,36.683027295722844,353.06186765697214,1.5026396381794382,13.949622460944598
2025-01-17 06:00:00,246.75717507939282,93.97562652611641,39.09470222980737,379.8275038353166,1.5392764312247824,13.40267527018336
2025-01-17 07:00:00,281.07983111292936,84.64031037555685,30.929072888194806,396.649214376681,1.411162134281059,14.853462180575143
2025-01-17 08:00:00,256.5371933839979,72.60006531272805,39.36315693320537,368.50041562993124,1.4364405050551134,10.34843833877314
2025-01-17 09:00:00,300.80882025348643,117.2548846646138,48.49464243964091,466.5583473577412,1.5510128558217824,11.79948820836325
2025-01-17 10:00:00,321.6287936593438,95.61606882170435,49.281063559405,466.5259260404531,1.4505104494300298,13.061035802265458
2025-01-17 11:00:00,307.5134607352526,87.4674147536887,42.468536521642385,437.4494120105836,1.4225374426363624,10.774495965221119
2025-01-17 12:00:00,362.2714027160029,133.41606961522461,38.98511159367387,534.6725839249013,1.4758895676456407,13.819538833351638
2025-01-17 13:00:00,388.7094242311794,130.17536305182836,41.93932696624169,560.8241142492494,1.442784968124949,13.553437291051242
2025-01-17 14:00:00,371.89027730249757,131.55811285341474,48.221774275547524,551.6701644314599,1.4834218534375083,15.762541436080815
2025-01-17 15:00:00,367.26539755880924,135.169405171075,40.20258625650479,542.637388986389,1.4775075261466688,15.79112906162013
2025-01-17 16:00:00,428.8058883755754,155.3831853860913,35.696606218199285,619.8856799798659,1.4456090664429746,16.841491501602533
2025-01-17 17:00:00,353.4979036171432,143.56161363684384,34.73624431117213,531.7957615651592,1.5043816557993563,20.85991155889667
2025-01-17 18:00:00,390.50691733381973,150.18937575083407,40.16627991419125,580.862572998845,1.4874578329231036,18.083287172694426
2025-01-17 19:00:00,350.5767097233581,130.84752062063893,37.04626000142558,518.4704903454226,1.4789074001936706,18.746093759604147
2025-01-17 20:00:00,330.8641641120341,125.93713051897112,35.95301104775457,492.75430567875975,1.4892948802757253,21.32599502309708
2025-01-17 21:00:00,290.4222613151975,108.17997553073619,38.2767354957973,436.878972341731,1.504288859825325,19.90635455124776
2025-01-17 22:00:00,258.8331248116476,97.45776492221181,43.130168403176924,399.42105813703637,1.543160514820869,19.444953106555
2025-01-17 23:00:00,280.98015522725666,87.96179409041156,49.56631207406133,418.50826139172955,1.489458431871248,22.750452536432988
2025-01-18 00:00:00,227.38553134541885,93.21233978920294,33.6597297199924,354.2576008546142,1.5579601690507978,19.066161938264194
2025-01-18 01:00:00,167.00295275422744,44.12949444018374,36.31899046634908,247.45143766076026,1.4817189371790698,17.409865937051183
2025-01-18 02:00:00,196.48700451928195,77.22804466986153,31.886537532738195,305.6015867218817,1.5553272211032763,15.853997861724283
2025-01-18 03:00:00,172.26037685783496,59.75826674197614,40.0534930682367,272.0721366680478,1.5794237864264435,14.997423976963894
2025-01-18 04:00:00,188.89308601458671,62.332130263716536,43.08908779000566,294.3143040683089,1.558099929849107,14.509105572953212
2025-01-18 05:00:00,178.3980413279188,56.47452367371632,38.62472466597449,273.4972896676096,1.5330733882043357,14.750437141757143
2025-01-18 06:00:00,181.33538275859084,59.40191964183144,35.061719118361815,275.79902151878406,1.52093329676289,15.723121992013954
2025-01-18 07:00:00,181.12794030738448,76.31882000119909,40.77520821703298,298.22196852561655,1.6464713727739453,12.855035837473988
2025-01-18 08:00:00,195.6587582375186,53.571834984313895,26.895621781259244,276.1262150030918,1.4112642719928246,11.492817702303277
2025-01-18 09:00:00,243.6481079786287,73.63299072018138,33.30403910400624,350.5851378028163,1.43889948791873,10.431390432980411
2025-01-18 10:00:00,260.553940767024,74.28020781521938,38.4678377055903,373.3019862878337,1.432724391689873,12.333040297653175
2025-01-18 11:00:00,261.21425393396873,77.12351836376124,40.77314645099341,379.1109187487234,1.4513408554058358,12.364574311278224
2025-01-18 12:00:00,268.4376482438936,89.79179555057335,29.861884973293478,388.0913287677604,1.4457410549773309,14.732776087079005
2025-01-18 13:00:00,294.9276681151072,121.19841742482345,45.89594478359733,462.022030323528,1.5665604833765734,14.273387820373054
2025-01-18 14:00:00,323.85515372257265,125.5508911740048,32.571105253475686,481.97715015005315,1.4882491280745038,15.993438952353088
2025-01-18 15:00:00,334.84376530488635,116.84497780214949,53.264923813300896,504.9536669203368,1.5080276810904922,16.93674185086693
2025-01-18 16:00:00,334.4874323709334,116.44321227887858,41.32828401772626,492.2589286675382,1.4716813877827328,18.148202711479257
2025-01-18 17:00:00,310.1779655401625,120.49682161290153,42.150564606961964,472.82535176002597,1.5243679573970366,18.634422061542402
2025-01-18 18:00:00,310.50847375400963,116.06669942203432,44.88427545660644,471.4594486326504,1.5183464816040704,21.981006820873088
2025-01-18 19:00:00,259.911128804599,96.71493162652565,39.74332048607056,396.3693809171952,1.5250188891110754,18.427490137492885
2025-01-18 20:00:00,292.4794692627102,106.90966292421739,46.8177103888181,446.2068425757457,1.5256005616413195,21.00369772423082
2025-01-18 21:00:00,246.7508423152394,97.27568145573726,35.791923303972496,379.8184470749492,1.5392792320834623,20.31811578232291
2025-01-18 22:00:00,211.2734870330111,73.89260469420041,45.66223416158117,330.8283258887927,1.56587715067675,19.023226693617573
2025-01-18 23:00:00,190.77166099183705,74.99297811883534,34.743632016844984,300.5082711275174,1.5752249027195704,19.09133093355282
2025-01-19 00:00:00,172.77546030834029,83.50961855066457,38.83959584754853,295.1246747065534,1.7081399996264806,20.400712079848336
2025-01-19 01:00:00,174.77706612703594,73.60502719107429,29.61185901104782,277.99395232915805,1.5905631012658112,16.433266268192344
2025-01-19 02:00:00,188.14528878914513,64.16647923802915,35.095809559124746,287.407577586299,1.5275831748750157,15.432156059419222
2025-01-19 03:00:00,157.31125377295493,66.94135740471356,26.147818654422096,250.4004298320906,1.5917515360566,15.187347614925017
2025-01-19 04:00:00,189.49058978468491,80.69432595473636,36.18496644385631,306.3698821832776,1.6168078981199052,14.39844966852286
2025-01-19 05:00:00,183.07383220145982,68.86007478170951,46.65666724697786,298.5905742301472,1.6309844538654183,12.063177882657758
2025-01-19 06:00:00,161.88749181591413,65.94014390011729,30.78584622461155,258.61348194064294,1.597488966193374,14.41609446003864
2025-01-19 07:00:00,187.23110195470133,57.01497538992995,32.10191357050324,276.3479909151345,1.4759726777765487,12.238882408145214
2025-01-19 08:00:00,208.3956687686066,52.834177579879594,38.74651145562599,299.9763578041122,1.4394558177559473,10.185629712032949
2025-01-19 09:00:00,236.1531328612736,71.17192269828381,33.90595096162832,341.23100652118575,1.4449565093072017,11.699545154455063
2025-01-19 10:00:00,295.8008357430162,99.71465350792288,45.44526267440178,440.96075192534084,1.4907353145832072,14.160393879455981
2025-01-19 11:00:00,323.5744317283668,116.50274253255179,38.907390849092536,478.9845651100111,1.4802917602343424,13.936990537231082
2025-01-19 12:00:00,301.1537404717074,105.01734890822095,35.92748503162913,442.09857441155754,1.4680162156348562,13.529702169020688
2025-01-19 13:00:00,313.29980515320824,125.24671972808666,29.613707025511303,468.1602319068062,1.4942882957679111,14.476494199151892
2025-01-19 14:00:00,301.6299233405409,101.03518916315888,36.88237009498478,439.54748259868455,1.457240971753437,16.78362386583947
2025-01-19 15:00:00,337.9555043449761,120.10791654369847,36.48074440448362,494.5441652931582,1.4633410580238413,13.581202199570257
2025-01-19 16:00:00,300.32393813056893,99.38283852289263,38.63916011158967,438.34593676505125,1.4595770803141102,19.539108204327004
2025-01-19 17:00:00,299.5325922839156,113.67140199280763,42.23964584818085,455.4436401249041,1.5205144677317997,16.511494057663064
2025-01-19 18:00:00,297.78030829079006,87.4899116746583,42.50212071586908,427.7723406813174,1.436536697596494,19.111972539884828
2025-01-19 19:00:00,296.78616884666855,105.20220606440196,46.38026164329464,448.3686365543652,1.510746401345981,18.844876112017836
2025-01-19 20:00:00,268.35526935448115,107.80090201411772,43.07057251628433,419.22674388488315,1.5622079823262567,21.387123666311044
2025-01-19 21:00:00,202.88424274138967,76.0379682752817,49.1724425516687,328.0946535683401,1.617151973633321,19.830875082005832
2025-01-19 22:00:00,231.75507241953375,85.1548967724275,35.950433558182255,352.8604027501435,1.522557409709589,19.86802271944194
2025-01-19 23:00:00,200.6337223092429,87.97337867604256,40.63885340932947,329.24595439461496,1.641029985413609,20.073582080867407
2025-01-20 00:00:00,240.8516409349018,80.47416105969421,38.14451749765287,359.4703194922489,1.492496866938132,18.216858133402578
2025-01-20 01:00:00,244.8568813788718,89.99560302138002,39.93663576614954,374.78912016640135,1.5306456492292038,17.685739167839532
2025-01-20 02:00:00,183.32520319235567,57.86443405287777,36.74179900499593,277.93143625022935,1.5160568836714023,16.28880443644287
2025-01-20 03:00:00,212.34316140066906,74.0727559685034,30.93351258841348,317.3494299575859,1.494512127747694,16.51957649602938
2025-01-20 04:00:00,228.41569953629588,76.31796969499054,30.527590680940307,335.2612599122267,1.467768023795373,15.369217966498189
2025-01-20 05:00:00,193.4219752975907,60.523268749201165,41.56059527758153,295.50583932437337,1.5277780038680757,12.552021591653304
2025-01-20 06:00:00,259.1551031855648,103.29206954969413,36.49430989239789,398.94148262765685,1.5393927332466986,13.193241108635448
2025-01-20 07:00:00,265.1448275241574,104.99109256179341,44.61319013098032,414.7491102169312,1.5642360972670428,16.641121839444583
2025-01-20 08:00:00,280.7394010358454,100.01865476607779,38.85144657391626,419.6095023758395,1.4946583943244323,13.072045854947838
2025-01-20 09:00:00,284.8343056721069,96.04163077003302,42.55181667028598,423.4277531124259,1.4865756851629515,11.467021282951043
2025-01-20 10:00:00,329.8009949863092,112.28581298174055,41.486874009105584,483.57368197715533,1.4662590147650392,11.158967522403028
2025-01-20 11:00:00,356.82737467619637,118.14999204219393,33.48962512763177,508.46699184602204,1.4249663224617541,12.403190022149266
2025-01-20 12:00:00,348.3237345871692,132.58002451990123,45.77548118083363,526.679240287904,1.5120394850845305,14.346867720168197
2025-01-20 13:00:00,365.79829840816086,108.95262379856932,38.736322984103744,513.487245190834,1.4037442148456374,10.597590038639241
2025-01-20 14:00:00,370.17880736456436,113.64978764357724,42.21505185368158,526.0436468618232,1.4210528436430936,14.926565414704159
2025-01-20 15:00:00,393.3174262501637,145.26111120239554,52.13820836672477,590.7167458192839,1.5018829738898152,15.50614697867456
2025-01-20 16:00:00,391.5841751404417,125.60030097737723,43.75254625954158,560.9370223773604,1.4324813360401512,18.994167465885155
2025-01-20 17:00:00,392.70222623412303,141.07728206662225,37.97935322081659,571.7588615215619,1.4559603264909633,17.846588725774858
2025-01-20 18:00:00,368.5352475711733,134.67967950474176,49.28983510946633,552.5047621853814,1.499191097260457,20.38969051399121
2025-01-20 19:00:00,336.763880701024,113.67347446103211,33.01546338374335,483.45281854579946,1.4355839395229104,16.982554455470385
2025-01-20 20:00:00,322.63724317442086,106.85495794348908,51.6487170694175,481.14091818732743,1.4912751964199555,18.445776425714218
2025-01-20 21:00:00,283.4220646364766,110.46496432398429,56.57587056025922,450.4628995207201,1.5893713148215676,21.134101421543683
2025-01-20 22:00:00,293.2358418223119,95.49272836535012,30.755226300078007,419.48379648774,1.4305338456610937,18.8950070790818
2025-01-20 23:00:00,237.0858021519274,94.77635717591588,33.10954007431357,364.9716994021569,1.5394076578583087,20.00167225677453
2025-01-21 00:00:00,220.3165529777733,72.88576806347128,40.71909287605118,333.9214139172958,1.5156437834745151,18.989676597704758
2025-01-21 01:00:00,222.42431562568433,74.93862687404255,33.48118852711592,330.84413102684283,1.4874458761227218,16.470567640160148
2025-01-21 02:00:00,179.0059665685139,59.69092814492297,38.87206979862987,277.56896451206677,1.5506129199655936,16.259514050302382
2025-01-21 03:00:00,217.4237034227042,68.2094875042741,39.447044588959315,325.0802355159376,1.495146253138431,16.841812555490158
2025-01-21 04:00:00,236.2468113533342,84.56147163569125,46.65387518723899,367.46215817626444,1.5554163718497036,14.941112775205474
2025-01-21 05:00:00,232.94815725731166,62.37689504022395,32.75681542978164,328.0818677273172,1.4083900537788845,11.976829165593589
2025-01-21 06:00:00,248.58728672809278,85.020691961525,42.09332880299019,375.70130749260795,1.5113456220452406,11.80390460800566
2025-01-21 07:00:00,263.62765436181945,89.31969474120066,43.32544313763796,396.2727922406581,1.5031533516464397,11.338728818331791
2025-01-21 08:00:00,277.13663191889447,77.58989702898931,38.39945513346396,393.1259840813477,1.418527682029412,11.387392123345299
2025-01-21 09:00:00,299.1084795667271,122.65988933030336,43.47450507094712,465.24287396797763,1.5554319109973214,12.817319828074666
2025-01-21 10:00:00,302.94461000509517,94.00075934097538,39.820390273039045,436.7657596191096,1.4417347105524132,9.47065371967288
2025-01-21 11:00:00,351.00113164592034,114.19518177667392,39.83480994598062,505.03112336857487,1.4388304704328858,11.185020838440572
2025-01-21 12:00:00,379.1224829888216,118.5745044236783,40.16321694776887,537.8602043602688,1.4186977256532884,13.85760747736129
2025-01-21 13:00:00,411.9705545728329,139.87188087323713,41.809193332058356,593.6516287781284,1.4410049994803107,13.056950848549794
2025-01-21 14:00:00,379.984772656483,135.989633859072,43.26958549741437,559.2439920129694,1.4717536918737053,14.13207300294141
2025-01-21 15:00:00,396.679706848711,145.1888508752839,47.20081712780664,589.0693748518015,1.4850000256667166,14.023070387775215
2025-01-21 16:00:00,395.6037568647211,143.93194340297603,38.08594136124765,577.6216416289449,1.460101507141313,14.684371415141868
2025-01-21 17:00:00,371.284848803206,129.31383948238573,40.320881408003714,540.9195696935955,1.4568856537970443,19.219456771959546
2025-01-21 18:00:00,355.91399538668946,119.69994384671345,40.406905593246535,516.0208448266494,1.4498470178617417,19.277172549314546
2025-01-21 19:00:00,338.01042124514424,101.4026649492028,39.57312790530102,478.98621409964807,1.4170752852387951,19.16831793418611
2025-01-21 20:00:00,318.65553162989596,120.33331275070822,42.93358489574337,481.92242927634754,1.512361724308865,19.065453116164946
2025-01-21 21:00:00,328.639193598977,122.54259891312354,39.46761028797581,490.6494028000763,1.4929728783317087,18.896284267510115
2025-01-21 22:00:00,247.19427159545728,90.18279371126681,40.15324508547194,377.53031039219604,1.5272615661985833,20.52069281748278
2025-01-21 23:00:00,234.34276078203948,91.91862812513062,28.12745678102849,354.3888456881986,1.5122670933189746,18.47215480656752
2025-01-22 00:00:00,211.51782086896992,46.27805517729975,39.279130358926444,297.0750064051961,1.4044916177026368,17.888011759085686
2025-01-22 01:00:00,227.9642451570045,80.14178122916351,46.6971098665742,354.8031362527422,1.556398179935545,14.477763256587911
2025-01-22 02:00:00,223.34925041592675,87.24447804908881,37.92873021098435,348.52245867599987,1.5604371092670888,16.649070285990902
2025-01-22 03:00:00,192.93779583962603,75.12950323236903,32.022989933175296,300.09028900517035,1.5553732626582493,13.90355532368079
2025-01-22 04:00:00,229.415230329735,67.70091798326763,40.77430515089769,337.89045346390037,1.4728335733344973,14.79176441932447
2025-01-22 05:00:00,203.91466519115505,66.9523043537567,38.73656743780305,309.6035369827148,1.5182995136347068,12.446024543249395
2025-01-22 06:00:00,263.57599331599096,112.31134307805807,43.21972638426435,419.1070627783134,1.5900805589523561,12.367352391370884
2025-01-22 07:00:00,256.7395674534115,77.36701931300553,40.76344394232427,374.8700307087413,1.4601178713007141,13.812601849561748
2025-01-22 08:00:00,293.8350356817411,97.30453911850773,43.051684338907975,434.19125913915684,1.4776701428125083,9.855580829397564
2025-01-22 09:00:00,275.7158360186419,94.08873782786814,36.9195419337155,406.72411578022553,1.4751568921588016,10.885537494753907
2025-01-22 10:00:00,339.56389340154976,105.55266347218746,35.89071533703195,481.0072722107692,1.4165442249831792,9.304640971069215
2025-01-22 11:00:00,347.7062388455698,103.39730667077436,46.26114086342938,497.36468637977356,1.4304163423443,11.726581691854168
2025-01-22 12:00:00,353.666270758956,131.6593517938175,51.78756980548003,537.1131923582535,1.5187006417253943,12.527354467939093
2025-01-22 13:00:00,350.0972430226501,107.55164669338188,34.69508113822542,492.3439708542574,1.4063063353583862,11.878477231820538
2025-01-22 14:00:00,401.332271175598,133.37290419423366,39.948733305380024,574.6539086752117,1.4318656882286422,13.087543271108093
2025-01-22 15:00:00,402.87938277751533,153.94514783761903,38.96961882967833,595.7941494448127,1.4788400074913535,18.08944557932203
2025-01-22 16:00:00,381.06618216838774,143.33309248963408,43.7049958445376,568.1042705025594,1.4908283576093408,15.72732725070117
2025-01-22 17:00:00,395.20100908305693,148.1267777855764,44.374189972488416,587.7019768411218,1.4870963467545402,18.097250186075975
2025-01-22 18:00:00,381.328123541959,127.11768711439079,39.078556772241356,547.5243674285911,1.4358352652904838,19.122140140140562
2025-01-22 19:00:00,365.4121240199886,134.51353052371115,55.345645565909194,555.271300109609,1.5195754700225403,20.007620749774475
2025-01-22 20:00:00,306.19179049382166,112.7255279007139,40.40474525730294,459.32206365183845,1.5001122757440706,18.831195225220117
2025-01-22 21:00:00,313.20311215183096,110.19705173999118,61.45472544742434,484.8548893392465,1.548052591202236,17.801590108796706
2025-01-22 22:00:00,280.64997131964594,121.45655451739768,43.76817047958947,445.87469631663305,1.5887216885149957,20.94575759370179
2025-01-22 23:00:00,243.77110681491487,103.70638153875704,36.52841974725917,384.0059081009311,1.5752724476592321,21.017415141135622
2025-01-23 00:00:00,240.16339798972353,83.6919170279436,31.86705332225501,355.7223683399221,1.4811681185287997,17.046025252319836
2025-01-23 01:00:00,213.61474511883426,72.17145761260443,37.32386570701165,323.11006843845036,1.512583170504937,19.194243944884576
2025-01-23 02:00:00,234.05415962352905,94.37777620136322,34.236524341162145,362.6684601660544,1.549506578944799,16.187280636069186
2025-01-23 03:00:00,208.68607786790935,82.49188312005325,49.48222190804872,340.6601828960113,1.632404932693386,17.877257513160174
2025-01-23 04:00:00,221.14548665636423,77.22549486942343,47.67593257480502,346.0469141005927,1.5647930207968095,16.35803421881819
2025-01-23 05:00:00,238.8550795267355,89.87125743584714,35.50469301870458,364.23102998128724,1.5249038484045225,11.785538173383374
2025-01-23 06:00:00,270.99706930246543,102.1116117097684,34.74329898521679,407.8519799974506,1.5050051317796302,14.212671011217509
2025-01-23 07:00:00,268.67589332392566,100.43492500074345,37.683001613138515,406.79381993780765,1.5140689211270693,11.811647307595472
2025-01-23 08:00:00,256.34988738227463,96.56013655215196,35.00653103896581,387.9165549733924,1.5132308382680217,9.171590513242219
2025-01-23 09:00:00,328.08824167362354,101.18553948223176,40.913940237900874,470.1877213937562,1.4331136007656462,11.997649956687729
2025-01-23 10:00:00,328.9031466520033,95.53277608830271,35.08558367036761,459.52150641067357,1.3971332019418816,10.731349552856924
2025-01-23 11:00:00,366.8719903503927,132.69770834231917,52.09899815482557,551.6686968475375,1.5037089539614317,9.959435178204444
2025-01-23 12:00:00,367.7512697258888,105.3249942917966,30.24755710123218,503.3238211189176,1.3686528437932537,13.881900206015317
2025-01-23 13:00:00,373.1692815737965,134.48692217701006,42.69771647772676,550.3539202285333,1.474810353916276,14.15974960183161
2025-01-23 14:00:00,363.3899034428376,144.58126051519605,37.32693410427932,545.298098062313,1.5005868156931061,13.347080902927942
2025-01-23 15:00:00,394.25529943100435,133.61682517127173,44.152934723604794,572.0250593258808,1.4509001151067256,15.689844093693946
2025-01-23 16:00:00,402.44972436176954,149.9567774676218,31.972249937596168,584.3787517669875,1.4520540489715397,14.342170875776077
2025-01-23 17:00:00,369.3972323026936,131.9571229145295,48.3209189139163,549.6752741311394,1.4880330063781346,17.90646000655159
2025-01-23 18:00:00,354.6468869465011,123.06856648706768,40.08283341824581,517.7982868518146,1.4600390019211562,15.92314126998671
2025-01-23 19:00:00,333.4305832221691,124.55274020708865,46.55676553312129,504.54008896237906,1.5131787974776072,17.621273758516363
2025-01-23 20:00:00,321.44224893857665,114.42752189526531,51.057239769784424,486.9270106036264,1.5148195740027681,18.354484243345098
2025-01-23 21:00:00,302.7701235766279,124.65022843378961,32.07088488065621,459.4912368910737,1.517624101952653,20.363120306205662
2025-01-23 22:00:00,292.4218946796727,100.38043762983656,29.023366566975508,421.8256988764847,1.4425243340228153,21.327068610925906
2025-01-23 23:00:00,249.90613502874336,72.80734308927704,34.17095433721243,356.88443245523285,1.4280739142885996,16.950923360542962
2025-01-24 00:00:00,240.62250546212388,100.40057126159593,41.96990074248055,382.99297746620033,1.5916756278912856,19.241631934840274
2025-01-24 01:00:00,204.53028892570347,55.803505494794685,28.431810463300224,288.7656048837984,1.4118476358711534,17.73325922359956
2025-01-24 02:00:00,231.11504340908292,75.07894385862326,34.15935107026414,340.3533383379703,1.4726576570592647,18.30134162851667
2025-01-24 03:00:00,210.86217335009687,79.42733139205232,43.126019702465925,333.41552444461513,1.5812012137949538,15.86101624202631
2025-01-24 04:00:00,188.9829865475498,79.36292712752584,22.742325647724957,291.0882393228006,1.5402880684688522,12.686873463793884
2025-01-24 05:00:00,205.87682917661684,69.80804888819026,30.959445108907598,306.64432317371467,1.489455245644238,12.901937884779333
2025-01-24 06:00:00,233.80190289015954,83.08331751248832,26.735477012700215,343.6206974153481,1.4697087284904673,9.739765478969034
2025-01-24 07:00:00,276.13853531423484,87.86721981955704,29.175192265480902,393.1809473992728,1.4238539613887944,12.886185509262154
2025-01-24 08:00:00,278.4789506973628,88.76922926037712,47.91653765148904,415.16471760922894,1.4908297972596483,12.602671110393498
2025-01-24 09:00:00,329.56016985960554,124.94424376598013,42.22110092807434,496.72551455366005,1.507237706441491,12.679772771697785
2025-01-24 10:00:00,332.32684350137396,118.30423780596155,55.79820928898269,506.4292905963182,1.5238892087699332,11.594146312462176
2025-01-24 11:00:00,330.3832475302781,111.96624500655781,41.11897312137368,483.4684656582096,1.4633564784906412,12.087783017040328
2025-01-24 12:00:00,350.9750378024262,128.06115570254173,50.9029802863822,529.9391737913501,1.5099055964477675,10.635772088942545
2025-01-24 13:00:00,409.49491113962176,135.75186357704877,33.27467221406019,578.5214469307307,1.4127683426412043,13.512326733851147
2025-01-24 14:00:00,374.40014685296603,129.86771951144235,43.607408094850236,547.8752744592587,1.4633415052436387,12.662298576569654
2025-01-24 15:00:00,376.33781039597943,117.10817331849412,53.98171345143348,547.427697165907,1.4546178514189374,15.988854325107095
2025-01-24 16:00:00,371.54897133467625,143.72553529834386,35.40425114705205,550.6787577800721,1.4821162222625104,16.340348963091188
2025-01-24 17:00:00,355.0356159232079,120.39526661223377,47.1886574822649,522.6195400177066,1.4720200356764943,17.566923908557726
2025-01-24 18:00:00,378.0400478402276,113.99722288239568,38.166025983191965,530.2032967058152,1.4025056332917853,14.834514335153273
2025-01-24 19:00:00,362.0394545347995,124.35575387719179,38.61708171539091,525.0122901273822,1.4501521410200822,18.7935361799912
2025-01-24 20:00:00,305.2144464395792,116.30328630067307,41.68310837746754,463.2008411177198,1.517624236077619,16.694668075650636
2025-01-24 21:00:00,331.4840422982968,126.28477787821535,43.43286330028309,501.2016834767952,1.5119933979379085,20.450637642051046
2025-01-24 22:00:00,295.1094139999307,76.95432773853453,28.44683531369514,400.5105770521604,1.3571596094601523,18.995989904805523
2025-01-24 23:00:00,250.01208448134,88.47261786314118,41.13443800407723,379.61914034855846,1.5184031649353809,17.67750309910677
2025-01-25 00:00:00,168.6856819183157,58.88384268969711,34.245752017527174,261.81527662554,1.55208950545264,17.96431496862703
2025-01-25 01:00:00,175.49738633169457,66.21254314002681,34.799706707680556,276.5096361794019,1.5755769470936256,17.07691810178018
2025-01-25 02:00:00,168.05443068174907,58.95180994837561,33.84550200592326,260.85174263604796,1.5521860481621732,15.848905966121283
2025-01-25 03:00:00,185.64100871620025,70.42702993631553,33.15067931578466,289.21871796830044,1.5579462747395711,13.022100248392057
2025-01-25 04:00:00,167.90202473626056,56.12386324494352,29.50038022444413,253.5262682056482,1.509965520689138,13.176868146745855
2025-01-25 05:00:00,199.5515746591888,67.98162663244335,39.915439064189485,307.4486403558217,1.540697641103102,10.8104238541572
2025-01-25 06:00:00,238.50402248323235,85.59889452563476,33.62915820892402,357.73207521779113,1.499899546738005,10.81573621441899
2025-01-25 07:00:00,196.15978116435988,81.30402836937586,34.273620175033535,311.7374297087693,1.589201557313975,9.266173107089962
2025-01-25 08:00:00,216.60109111871975,96.30429730269714,46.27930460780975,359.18469302922665,1.658277394513938,12.58042460271789
2025-01-25 09:00:00,269.10054435183673,93.34870465104551,38.840984706704624,401.29023370958686,1.4912278779522576,12.753549960152183
2025-01-25 10:00:00,298.5341692183182,79.64664258299783,43.109919936602275,421.29073173791835,1.4111976958651866,12.285266489067203
2025-01-25 11:00:00,249.39580258501962,80.334077990528,41.97454980988334,371.70443038543095,1.490419752588723,11.107375943929226
2025-01-25 12:00:00,288.46001587886957,91.93988896355988,46.14006246571194,426.5399673081414,1.4786796915634037,11.459909952119304
2025-01-25 13:00:00,280.9081067850241,104.43417438379831,36.92337719876893,422.26565836759136,1.5032163478669083,13.296318622732372
2025-01-25 14:00:00,324.44890439837326,105.92556657654576,28.47833798600319,458.8528089609222,1.4142529154529726,15.335423297049255
2025-01-25 15:00:00,322.5259701936386,109.65659426467049,43.3918159679893,475.57438042629843,1.4745305010346064,14.90099199372187
2025-01-25 16:00:00,303.49631413705316,94.82561447037253,35.93310503975293,434.2550336471786,1.4308412109778614,14.582105666060356
2025-01-25 17:00:00,314.95867088104023,101.99153126675185,48.103276686076555,465.05347883386867,1.4765539793934397,14.166394944212012
2025-01-25 18:00:00,320.4677680177439,110.86752361533786,32.9161504707413,464.251442103823,1.448668129638916,18.921406242605812
2025-01-25 19:00:00,226.2320268242972,92.80202185030822,35.92442859408054,354.95847726868595,1.569001888244426,19.686322012056333
2025-01-25 20:00:00,235.97161368559387,91.90103231411206,41.64397802758059,369.5166240272865,1.5659367593240543,18.743533759174127
2025-01-25 21:00:00,231.77768254537176,53.231635523592985,35.03579967466289,320.0451177436276,1.38082801686904,17.36275017095837
2025-01-25 22:00:00,226.20392133256308,81.69662862939842,29.77557874677401,337.67612870873546,1.4927952031931704,21.309860800373357
2025-01-25 23:00:00,216.92798485668115,87.03047194750832,27.576596791304038,331.53505359549354,1.528318505399524,20.134015193730242
2025-01-26 00:00:00,197.77746342403094,82.59650987478786,40.10661618943116,320.48058948824996,1.6204100504674082,19.553761663919467
2025-01-26 01:00:00,215.10325491386052,76.78484617643076,41.116350579319665,333.00445166961094,1.5481144244096385,18.659906516868013
2025-01-26 02:00:00,176.70334423468245,58.597316853019,39.284424567986214,274.5850856556877,1.553932591626602,16.247871792731672
2025-01-26 03:00:00,158.95444679610787,44.95085994182019,44.33562684557306,248.24093358350115,1.5617111605686738,13.234362196869238
2025-01-26 04:00:00,160.46452331353993,45.36866509466793,37.04195717352048,242.87514558172833,1.5135753409316652,12.994062480070998
2025-01-26 05:00:00,144.8981600331985,53.10745394243216,37.22024665643805,235.2258606320687,1.623387492140512,12.870601737686908
2025-01-26 06:00:00,190.97098168022418,63.040564721582236,37.12348244984242,291.1350288516488,1.5244987813863085,13.506259712544116
2025-01-26 07:00:00,219.34796100100937,68.14094806245556,45.53065263462553,333.01956169809046,1.5182250164457103,10.684400660050901
2025-01-26 08:00:00,206.486238953415,78.32508092244133,43.48460239526109,328.29592227111743,1.5899167127799916,12.432731842693865
2025-01-26 09:00:00,262.1636694300628,97.20018028142704,43.55866144128293,402.92251115277276,1.5369120825502487,9.919027790472049
2025-01-26 10:00:00,241.45204504009567,73.40046376149955,28.88037995881786,343.73288876041306,1.423607278635112,11.821098288437325
2025-01-26 11:00:00,295.383805895216,91.30811861898928,47.930890344926446,434.6228148591318,1.4713833534032978,11.778436200671466
2025-01-26 12:00:00,295.2667568404513,120.54985478597825,48.67715236279737,464.4937639892269,1.5731326105235008,13.387163191516578
2025-01-26 13:00:00,341.5891248324183,121.12482064002783,36.629284408304194,499.34322988075036,1.4618241436278903,10.23079726383466
2025-01-26 14:00:00,323.3714584225493,104.79870561213743,42.30919958427062,470.4793636189574,1.45491926193493,13.23116192338844
2025-01-26 15:00:00,324.7442510479838,116.52439904811968,33.27521778002933,474.5438678761328,1.461284892172009,13.776816061007041
2025-01-26 16:00:00,310.9697280400531,116.58838207331856,44.77069693200416,472.3288070453758,1.518889989782348,14.50071905513017
2025-01-26 17:00:00,290.06032805772486,99.55018947356388,38.480776392684355,428.09129392397307,1.4758698536629205,19.874616009648822
2025-01-26 18:00:00,287.60265342691923,93.58894226562448,32.02231854402452,413.21391423656826,1.4367527883103042,17.858769608893137
2025-01-26 19:00:00,265.5917416602853,101.89238031527154,40.670911347629996,408.15503332318684,1.5367760713179561,19.782639172188365
2025-01-26 20:00:00,238.0203990185787,88.21272791209633,33.29107418906337,359.5242011197384,1.5104764238785924,16.648100948328995
2025-01-26 21:00:00,269.098011901922,92.67317140989643,46.574863871676435,408.3460471834949,1.5174621480753434,17.85809836294865
2025-01-26 22:00:00,246.51706946336287,89.58189267421315,47.28446932509381,383.3834314626698,1.55520034493858,18.149534828716977
2025-01-26 23:00:00,219.64430145981862,75.81426091911582,40.34514317011632,335.8037055490508,1.5288523458938095,18.562072814879134
2025-01-27 00:00:00,247.68112014798493,81.5748855339418,38.517070413645925,367.7730760955726,1.4848652003666445,18.108081269645368
2025-01-27 01:00:00,197.63429196143602,69.77506054563469,32.86049379705945,300.26984630413017,1.5193205760198802,18.93722226479446
2025-01-27 02:00:00,163.88961918101552,57.1558365279791,43.0519260516166,264.0973817606112,1.6114344708368413,14.965156947005504
2025-01-27 03:00:00,220.7036310441402,75.07198861266978,40.38650669595276,336.1621263527627,1.523138177484407,16.09313236143715
2025-01-27 04:00:00,223.2630316314251,80.38834181999384,38.40118508119658,342.0525585326155,1.532060888151401,13.961274071243517
2025-01-27 05:00:00,233.22032484600078,74.52632542828965,51.2832125238789,359.02986279816935,1.5394449992094072,13.263668785513616
2025-01-27 06:00:00,252.94947918302523,85.26458335028936,42.755081581780885,380.96914411509545,1.506107643888208,12.088028071809141
2025-01-27 07:00:00,268.78747375958847,84.74541447197454,37.359109469880195,390.8919977014432,1.4542790712452198,10.340627836325938
2025-01-27 08:00:00,265.5283363633947,89.39839977501092,32.49747697080682,387.4242131092125,1.4590691841604222,12.65783999538207
2025-01-27 09:00:00,313.3366810994992,111.11074755470284,36.73890210300753,461.18633075720953,1.4718555425394357,9.055152791209027
2025-01-27 10:00:00,335.5116641273768,108.74385567801991,45.116568640551876,489.3720884459486,1.4585844272172868,11.149770767274756
2025-01-27 11:00:00,375.24932726768765,137.0276231281367,41.83621331213504,554.1131637079593,1.4766533167231435,9.54841242927553
2025-01-27 12:00:00,377.31819770271716,139.8254892569626,46.60310856832328,563.7467955280031,1.4940885410784506,13.223293094726422
2025-01-27 13:00:00,383.70946976099725,133.9440072601989,45.27054489995734,562.9240219211536,1.4670579338888468,11.821485527295854
2025-01-27 14:00:00,392.24196216090235,123.47551323915405,42.826235877244734,558.5437112773011,1.4239774556506521,11.120595308302477
2025-01-27 15:00:00,376.5766650447205,131.1426658122159,46.901795653511044,554.6211265104475,1.4727973822928813,14.674814241013475
2025-01-27 16:00:00,382.2019103055808,128.3404545571935,45.347313019502494,555.8896778822768,1.454439820663973,13.303045745347692
2025-01-27 17:00:00,395.7172329421332,142.9016537084416,39.702426127335244,578.32131277791,1.461450916549999,16.972371481603417
2025-01-27 18:00:00,330.257484592475,109.94796366931479,50.30444998858909,490.5098982503789,1.485234767217007,18.076123356888058
2025-01-27 19:00:00,329.74664148392196,123.74688581635883,51.036428114187366,504.52995541446813,1.5300533559462148,17.894514297021743
2025-01-27 20:00:00,338.63422228028935,114.67709033332635,48.58195170099197,501.8932643146077,1.4821102868309275,16.070157700528267
2025-01-27 21:00:00,288.96979632433704,99.48244018720612,38.462726188778355,426.9149627003215,1.4773688050814697,20.767485376889375
2025-01-27 22:00:00,247.8418557688888,110.36852069015373,30.697223734693317,388.90760019373585,1.5691764370760284,15.309323627711777
2025-01-27 23:00:00,264.4688516315063,104.90986909681595,38.36730777693229,407.74602850525457,1.5417544485479953,16.992107448229664
2025-01-28 00:00:00,248.78242731040865,93.18439380275893,39.82045683964739,381.787277952815,1.5346231728676507,14.62384257197061
2025-01-28 01:00:00,230.58932660775594,79.34079930638163,34.10404253889749,344.034168453035,1.4919778530697323,15.397579731179276
2025-01-28 02:00:00,219.4344843146607,76.20786613599404,40.257462958642215,335.89981340929694,1.5307521716943513,15.3061964949057
2025-01-28 03:00:00,185.61473146400706,65.12290267355046,22.746668321042602,273.4843024586001,1.4733976139799658,15.84674373740395
2025-01-28 04:00:00,262.8062704370012,115.4652468255284,34.051373078832505,412.32289034136215,1.568923335260383,13.138581167745096
2025-01-28 05:00:00,209.27965488118292,92.00360741363137,33.96998410350802,335.2532463983223,1.6019390255047008,12.289701599263296
2025-01-28 06:00:00,224.99487224484307,69.0929102420445,32.69796234115186,326.78574482803947,1.4524141886772688,12.032242001405344
2025-01-28 07:00:00,268.8569275506732,96.63402586421562,33.63638334032036,399.1273367552092,1.4845343223673606,14.034878842804975
2025-01-28 08:00:00,289.8662725763292,109.87302278007871,45.55649333647547,445.2957886928834,1.5362111111965453,10.196317164171674
2025-01-28 09:00:00,303.30529048800815,109.92951852920447,34.60094263686929,447.83575165408195,1.4765181013939093,8.238471173624072
2025-01-28 10:00:00,329.8570277545632,104.42807657584594,45.62696598916979,479.9120703195789,1.4549093393173578,10.768366688069358
2025-01-28 11:00:00,359.65164951374885,124.53334371810347,41.22988515424563,525.4148783860979,1.4608993983385365,10.987257346951266
2025-01-28 12:00:00,373.4298651688749,133.84680383154182,43.1414949188446,550.4181639192614,1.473953251356443,12.935375041808951
2025-01-28 13:00:00,365.81085240516654,133.15974988682328,46.840222629899856,545.8108249218897,1.4920574972919554,12.212739153975267
2025-01-28 14:00:00,392.2762299789052,139.98403903260876,38.05188191490259,570.3121509264165,1.453853451576929,12.10272077126274
2025-01-28 15:00:00,399.4691206979797,155.01792641448534,50.88784302864169,605.3748901411067,1.5154485259920827,16.66085757303391
2025-01-28 16:00:00,396.2719857013331,134.85386276225375,51.94354475038907,583.0693932139759,1.471386861178298,14.640001619257076
2025-01-28 17:00:00,380.14193807627794,125.81061379830886,39.33812648881893,545.2906783634057,1.434439675671853,12.845562516998317
2025-01-28 18:00:00,348.1971226051256,120.81485330303877,41.64185293906326,510.65382884722766,1.4665653323802355,17.119169470025167
2025-01-28 19:00:00,356.6056942330915,109.02559447621428,49.15769265867858,514.7889813679844,1.4435803737657036,18.09137933066265
2025-01-28 20:00:00,338.8974744348973,131.68848993668993,48.152797985662104,518.7387623572494,1.5306657661649228,18.82872016109212
2025-01-28 21:00:00,309.7637550080953,112.91598402521065,34.766527523599244,457.4462665569052,1.4767585269779235,19.338335057841242
2025-01-28 22:00:00,249.6502428411469,76.82243829660229,31.488351233052633,357.96103237080183,1.4338501268695876,18.111641761590832
2025-01-28 23:00:00,264.3192975241913,84.12157733900567,36.871821602140116,385.3126964653371,1.4577546931853211,17.277567139823248
2025-01-29 00:00:00,267.20543560972675,88.21767281263729,33.96663654859842,389.3897449709625,1.4572673047703077,18.865165491357228
2025-01-29 01:00:00,233.66006228699518,86.11433990313927,25.168744247137063,344.9431464372715,1.4762606115100312,12.678277943293423
2025-01-29 02:00:00,207.26244267552906,65.53233435080585,40.65341178664856,313.4481888129835,1.5123250733066438,16.55478746728745
2025-01-29 03:00:00,218.15551712626512,73.85908524011545,47.13297168037121,339.1475740467518,1.5546137843053416,15.903179057261642
2025-01-29 04:00:00,214.02960975400313,86.99678621483832,45.90902087139732,346.9354168402388,1.620969253922353,13.102823407312208
2025-01-29 05:00:00,218.57470979372593,76.41577169326166,34.33496669593492,329.3254481829225,1.5066951180844053,12.567631753866095
2025-01-29 06:00:00,248.64739117395038,109.55685742283774,38.17535360347459,396.37960220026275,1.5941434186331795,10.408754732447221
2025-01-29 07:00:00,262.9319078973314,98.61947115877608,40.134517276342024,401.68589633244954,1.5277183341677123,13.24743960434043
2025-01-29 08:00:00,266.0436879135069,85.79460739139107,42.636522309238465,394.47481761413644,1.4827445097753402,10.210642261953026
2025-01-29 09:00:00,335.3232020092279,118.5836701402309,34.372972854888104,488.27984500434684,1.4561469116321681,9.40981426976134
2025-01-29 10:00:00,344.04236849153205,132.38447676754785,43.516190124357685,519.9430353834375,1.5112761770102596,10.434594216150659
2025-01-29 11:00:00,316.96325945418045,119.7850613422435,40.37694022975301,477.125261026177,1.5053014719996254,8.575550222104505
2025-01-29 12:00:00,363.5962207515447,137.57912059028425,46.15632736395527,547.3316687057842,1.5053282665437575,13.307294977481233
2025-01-29 13:00:00,379.41517214125975,128.85082285104937,43.230746476346354,551.4967414686555,1.4535442490510848,14.669333886412984
2025-01-29 14:00:00,342.5933387711537,106.75643189242689,46.33920943609943,495.68898009968,1.4468727905734078,13.311889844984979
2025-01-29 15:00:00,369.913031688539,113.01575277106717,29.74501679638111,512.6738012559873,1.385930630547914,12.785405612559922
2025-01-29 16:00:00,408.91485384385675,145.65433441661088,31.585872255188313,586.1550605156559,1.433440372746836,15.913399909842608
2025-01-29 17:00:00,379.84632192504864,128.90394155731974,45.795672103253025,554.5459355856215,1.459921825161294,16.025311790400128
2025-01-29 18:00:00,374.2104060557857,138.59571236106663,36.667471997929155,549.4735904147815,1.4683546516150816,20.569462480737755
2025-01-29 19:00:00,351.31338679426386,126.96078907078932,41.086201866980915,519.3603777320341,1.4783392755715907,18.158329558399007
2025-01-29 20:00:00,326.5350930550231,121.48827411749272,41.36823256891782,489.39159974143365,1.4987412077603808,19.39843400260242
2025-01-29 21:00:00,293.52418206263314,87.64547013844009,41.808898995953925,422.9785511970272,1.4410347666236598,16.90012074468631
2025-01-29 22:00:00,255.79291370719426,104.28765542047509,36.48734985543362,396.567918983103,1.5503475574661685,18.527135504016798
2025-01-29 23:00:00,225.64133857626624,67.26615448176028,38.327156197145946,331.2346492551724,1.4679697051310299,18.55385634713974
2025-01-30 00:00:00,224.07128016068654,94.39456646964676,37.84217548864306,356.3080221189764,1.5901548019159792,17.098268308295978
2025-01-30 01:00:00,239.7583512339851,96.84042449904365,44.134061909962554,380.73283764299134,1.5879857184679516,18.187543506452243
2025-01-30 02:00:00,233.23891930808838,71.18797119249761,30.880295096862714,335.3071855974487,1.437612498772287,14.958731714789472
2025-01-30 03:00:00,236.34468330520485,78.88695724535754,50.31977455819096,365.5514151087533,1.5466877020317682,12.6637477319767
2025-01-30 04:00:00,212.7087008685811,66.2473766103687,33.60357536059624,312.55965283954606,1.4694257995240936,11.53985886511297
2025-01-30 05:00:00,209.11118574334682,84.63373039997691,46.335815429012015,340.08073157233576,1.6263153516318096,12.642960098170933
2025-01-30 06:00:00,265.32829825904435,91.68727574791137,34.054762041808104,391.0703360487638,1.4739111456063214,11.539063265158383
2025-01-30 07:00:00,276.27029764576076,92.93976083964206,39.049451682417626,408.25951016782045,1.4777539013307137,12.033060614003995
2025-01-30 08:00:00,288.44736996400457,96.7332182242866,32.61909294196575,417.7996811302569,1.4484433717748726,10.262412792598909
2025-01-30 09:00:00,310.6439170970472,94.9174994101341,40.51322280154465,446.074639308726,1.4359677262547823,9.94252588196178
2025-01-30 10:00:00,317.4895018348794,99.86347750242335,43.41384883494399,460.76682817224673,1.4512820912481172,10.522595721697442
2025-01-30 11:00:00,369.63054624117024,121.97976012625563,26.70686588245477,518.3171722498806,1.4022574095153324,11.67923906691173
2025-01-30 12:00:00,333.5584925327633,116.06515660623415,32.796176719934415,482.41982585893186,1.4462825461160964,12.322263653469125
2025-01-30 13:00:00,373.2857546476474,135.8880844490502,47.213991441911,556.3878305386087,1.4905145015881875,11.380301564757007
2025-01-30 14:00:00,400.3255878404936,138.44211641926023,34.49233835027908,573.2600426100329,1.4319845146607106,14.080651070389214
2025-01-30 15:00:00,393.08702565843305,129.02521435887692,46.05004178755521,568.1622818048652,1.4453854864661981,14.232843127761946
2025-01-30 16:00:00,418.40561605398034,165.24744790745086,49.40484098340663,633.0579049448378,1.5130243970319084,14.345460145123976
2025-01-30 17:00:00,388.13211006771974,143.05016941712705,43.07738362618315,574.2596631110299,1.479546907394071,15.89566016439332
2025-01-30 18:00:00,353.6034514688315,104.78528415784186,49.54014045358144,507.9288760802548,1.436436420431904,15.996454616857662
2025-01-30 19:00:00,332.9833559652169,100.5171961928353,44.63331594676465,478.1338681048168,1.4359092114945295,18.017832232806967
2025-01-30 20:00:00,286.4887904522455,103.73222036323588,46.16531224743682,436.38632306291817,1.5232230286359456,18.64598199556396
2025-01-30 21:00:00,325.01851022001273,125.53545685817797,33.8647863482991,484.4187534264898,1.4904343543343894,19.518206217588162
2025-01-30 22:00:00,282.0105846851567,103.8309121798633,35.755432878774556,421.59692974379453,1.4949684608982863,18.59342536209581
2025-01-30 23:00:00,269.8640460456218,92.61675104586315,32.85004966973167,395.33084676121666,1.4649259601421083,16.725112524985455
2025-01-31 00:00:00,217.684451463668,73.23637936879739,33.562002258173365,324.4828330906388,1.490610977995347,18.972207806410886
2025-01-31 01:00:00,206.30406368934084,68.384002685761,34.57757952317369,309.2656458982755,1.4990768498093061,17.007191092326646
2025-01-31 02:00:00,225.91226381108046,75.43060945404383,34.191165698726394,335.53403896385066,1.4852404792173726,15.939275462310416
2025-01-31 03:00:00,203.40375711991376,65.42548942137785,29.643554735438144,298.47280127672974,1.467390797018412,13.133466211327592
2025-01-31 04:00:00,214.94362336148316,66.82678255266832,32.91192525343444,314.6823311675859,1.4640226411293271,12.736061424853327
2025-01-31 05:00:00,252.72243788748077,92.46008104663392,35.83244346530953,381.01496239942423,1.5076420027613968,11.951521436359835
2025-01-31 06:00:00,247.0244050585487,92.71156501871579,30.92769194554802,370.6636620228125,1.5005143396052683,9.765407907520768
2025-01-31 07:00:00,265.61082044299485,83.4655080846084,32.10012979917978,381.17645832678306,1.4350938628593666,8.202307273425617
2025-01-31 08:00:00,284.79148056014094,101.31478430783378,40.13458064659178,426.24084551456644,1.4966769535247908,10.234041622148915
2025-01-31 09:00:00,294.8987851262851,106.8854057115656,43.71561980274047,445.4998106405912,1.5106871683103542,9.676139762842292
2025-01-31 10:00:00,340.4948481073339,101.34123467688161,50.1771984759138,492.01328126012925,1.4449947891870374,6.718720620601678
2025-01-31 11:00:00,352.6938660936241,127.45845051673207,41.859538374133535,522.0118549844897,1.4800706935059638,10.720480901489317
2025-01-31 12:00:00,411.25606727377215,135.9433018429242,47.09439779117541,594.2937669078717,1.4450699070471142,13.903097589412136
2025-01-31 13:00:00,394.67361383201745,141.42052858161784,43.2965050865921,579.3906475002274,1.468024786037077,12.748246070414078
2025-01-31 14:00:00,361.4936701076598,139.85929307720102,48.75776503496357,550.1107282198244,1.5217713993608541,13.472607867353672
2025-01-31 15:00:00,388.583697079635,135.80438892049187,42.99715736824297,567.3852433683697,1.4601365101842958,14.5138626888951
2025-01-31 16:00:00,375.382562496138,142.42450691470947,41.46772435895247,559.2747937698,1.4898795246397571,16.57714629072042
2025-01-31 17:00:00,409.0165701502113,125.89082757014916,38.67362314253401,573.5810208628944,1.4023417698022524,16.35935850591826
2025-01-31 18:00:00,365.9927269628865,126.88068619519478,44.204759850783915,537.0781730088652,1.4674558630322936,18.15572295381016
2025-01-31 19:00:00,326.8410220441742,112.1805629975728,40.06882523908665,479.0904102808337,1.4658209281210794,18.205290287407536
2025-01-31 20:00:00,321.3461840545944,127.95736558562263,48.50963166240393,497.813181302621,1.5491491917577778,18.314017545484433
2025-01-31 21:00:00,323.3942761888054,116.03894383331989,32.13409037731838,471.56731039944367,1.4581807568051428,18.942618502075266
2025-01-31 22:00:00,295.71166348521695,93.07915546780048,41.702775869814545,430.493594822832,1.4557883505476037,16.53825843130735
2025-01-31 23:00:00,262.1725657573918,89.60175950101628,44.813701210362716,396.58802646877075,1.512698421831687,15.032445269491229
2025-02-01 00:00:00,200.99861417613332,74.28842203582306,41.69184657233676,316.97888278429315,1.577020240082488,16.29094931061898
2025-02-01 01:00:00,163.1711368763061,49.14386318704886,30.310983816950532,242.62598388030548,1.4869417994202683,15.923562772226239
2025-02-01 02:00:00,171.48147922706804,57.92544213519928,41.29812828895195,270.70504965121927,1.5786255802748463,14.291705337065508
2025-02-01 03:00:00,172.84514691665896,49.524701630269625,36.77797499058118,259.14782353750974,1.499306333792892,13.798479438942369
2025-02-01 04:00:00,162.79112980183254,46.19589428663639,44.49606698220917,253.48309107067809,1.5571062832431097,13.511803707977283
2025-02-01 05:00:00,188.81671129893286,52.83069950468353,35.568221782437675,277.2156325860541,1.4681731859378107,13.032808694016904
2025-02-01 06:00:00,176.80307497922738,58.021476696262184,42.914680486564436,277.739232162054,1.5708959371588171,11.95090979977561
2025-02-01 07:00:00,229.79718728942572,91.92748642598121,34.62386534215168,356.34853905755864,1.5507088805605944,9.343643180074519
2025-02-01 08:00:00,216.8112849489805,60.881095985879554,33.3973421311367,311.0897230659968,1.4348410099557394,9.55616429137489
2025-02-01 09:00:00,230.93667464922066,76.55159231101692,30.062991590956283,337.5512585511939,1.4616615531678308,12.083176140743253
2025-02-01 10:00:00,246.52183561435686,85.87678049972173,37.20428027903143,369.60289639311003,1.4992704215106258,7.659267574358655
2025-02-01 11:00:00,278.3019637674755,87.95119119287872,49.11202104085045,415.36517600120465,1.492498185705391,10.17461373058112
2025-02-01 12:00:00,306.2529704770907,101.04162692493074,41.64642052075513,448.9410179227765,1.4659156357680443,13.45077457060604
2025-02-01 13:00:00,316.08411355535185,115.50604785079432,33.172826323733986,464.7629877298802,1.470377560270811,12.819654809791277
2025-02-01 14:00:00,305.005871375458,93.50132990915336,41.963353678748554,440.4705549633599,1.4441379537285914,13.060696200146035
2025-02-01 15:00:00,323.54352649500396,100.96784901279912,32.41245704907709,456.9238325568802,1.4122484152497357,14.385500611683247
2025-02-01 16:00:00,298.28482031625305,94.70416328708103,41.70917867396534,434.6981622772994,1.457325792899604,12.550921065368897
2025-02-01 17:00:00,308.33408325998107,97.40487311942383,42.7259730449819,448.4649294243868,1.4544773146154273,11.884580694633911
2025-02-01 18:00:00,307.69193722948484,123.62238566201071,30.837180166247258,462.1515030577428,1.5019941933449426,17.57219744599327
2025-02-01 19:00:00,285.3073685278873,96.38746332141592,38.37379899310329,420.0686308424065,1.4723371254302076,16.155666283951998
2025-02-01 20:00:00,254.63595440380752,102.02770489883383,41.230584137100756,397.8942434397421,1.5626003969916689,15.065138678387047
2025-02-01 21:00:00,230.6697445110085,81.25274012757019,47.969797830488275,359.89228246906697,1.5602058398772425,15.49430007728571
2025-02-01 22:00:00,230.87297769396545,94.93378628804665,29.94410016023263,355.7508641422447,1.5408943380710913,17.579118863463606
2025-02-01 23:00:00,207.17099309163098,65.02159060323841,38.01990414546324,310.2124878403326,1.4973741410947754,17.082286918395525
2025-02-02 00:00:00,159.6336159643304,64.31867902055185,22.871235055752393,246.82353004063464,1.5461876782631205,15.389688416675275
2025-02-02 01:00:00,162.91363940750554,50.642892418895585,45.20705025920657,258.7635820856077,1.5883481765350969,17.22099151817616
2025-02-02 02:00:00,168.21410850594452,55.56966174480769,32.98790099399832,256.77167124475056,1.526457403159358,16.198678883986823
2025-02-02 03:00:00,173.35695705991532,48.92956602076086,36.953869762052854,259.240392842729,1.4954138399714227,15.995097970551791
2025-02-02 04:00:00,171.2447325573643,50.93266103955155,37.988344565960816,260.16573816287666,1.5192627199538837,14.1222629814643
2025-02-02 05:00:00,204.90105866686488,73.46445686690485,30.694210111349832,309.05972564511956,1.5083364022418224,13.006787295047907
2025-02-02 06:00:00,171.84838859164526,58.59977890033231,30.552718982937353,261.0008864749149,1.51878576583641,13.280793175795463
2025-02-02 07:00:00,232.64689406183845,84.83426795324817,29.468677422507334,346.94983943759394,1.4913151574049095,8.505810629396244
2025-02-02 08:00:00,218.3462067466143,81.28618337470995,25.864213680696256,325.4966038020205,1.490736242465397,9.170094474479486
2025-02-02 09:00:00,250.60384305931166,81.06673831816005,35.775093922300165,367.4456752997719,1.466241182952676,10.574208305866977
2025-02-02 10:00:00,257.3758044204484,83.13627447533446,37.270765704076034,377.7828445998589,1.4678257944663435,8.766879649409669
2025-02-02 11:00:00,285.98994631734314,98.53431472737384,33.89490641603298,418.41916746075,1.4630555124355993,10.401517686705112
2025-02-02 12:00:00,271.273986386263,101.51953408271073,42.82697688697681,415.62049735595053,1.5321059821937908,10.822667799657463
2025-02-02 13:00:00,335.3215714373824,124.06636501591305,45.989378259995405,505.37731471329084,1.507142271065208,12.367725627907449
2025-02-02 14:00:00,307.9316055969109,102.12401873198426,42.11789560226501,452.1735199311602,1.4684219213375096,10.921671251227528
2025-02-02 15:00:00,317.88511481812367,104.98478114252798,37.34273373569767,460.2126296963493,1.4477325557054082,13.37179103220641
2025-02-02 16:00:00,276.8002285520797,103.09589824495802,32.88488967449268,412.7810164715304,1.491259666333209,15.507985393576334
2025-02-02 17:00:00,308.8411972171721,89.51709622136234,24.94676652690589,423.30505996544036,1.3706236855045575,14.006375468907256
2025-02-02 18:00:00,287.2484625482178,104.61603929430566,41.315470066242376,433.1799719087658,1.5080323426833027,16.491526997862803
2025-02-02 19:00:00,297.2037488346851,96.15314330096122,49.486629100272005,442.84352123591833,1.4900334298348406,15.456483346899317
2025-02-02 20:00:00,272.4679229587535,86.51464933980546,38.753263554132566,397.7358358526915,1.459752882224236,19.60170067156563
2025-02-02 21:00:00,238.2469637841619,76.95975114570028,32.693852631746765,347.90056756160897,1.4602518413489078,17.319148519856945
2025-02-02 22:00:00,202.56831679903348,74.66990824685546,26.099782209320406,303.33800725520933,1.4974602743831293,19.948174221438464
2025-02-02 23:00:00,234.64045536524364,79.62933474354183,31.733280966939443,346.0030710757249,1.4746096129805626,16.82333009132309
2025-02-03 00:00:00,231.5411318106402,75.0819931663438,44.150344065011936,350.77346904199595,1.5149509994140773,17.50834451451263
2025-02-03 01:00:00,241.66000384048917,88.62021071752694,28.953145342116954,359.23335990013305,1.4865238524834656,14.942177329076362
2025-02-03 02:00:00,232.70633140937048,88.15410558658033,38.187310662646084,359.0477476585969,1.5429221262870159,14.280990715506464
2025-02-03 03:00:00,237.97959014884418,79.41013316938322,40.30854905124779,357.6982723694752,1.503062813688153,10.527731885383325
2025-02-03 04:00:00,191.42689455438872,79.21553641472663,36.07155911607723,306.7139900851926,1.6022512970247669,14.865372817772593
2025-02-03 05:00:00,203.15694728543895,84.32865063446097,41.88009480914964,329.36569272904956,1.6212376545818301,12.036385014495188
2025-02-03 06:00:00,230.82704122348062,85.33715694460165,26.390500714692113,342.5546988827744,1.484031927399364,9.494768204970896
2025-02-03 07:00:00,244.15854627056294,88.87425685831413,36.85587390957237,369.88867703844943,1.5149528152439085,7.3344855939735485
2025-02-03 08:00:00,291.2575026374642,116.1924169693532,47.17319201285626,454.62311161967364,1.5608975133785818,8.415147075920485
2025-02-03 09:00:00,307.75296938078094,135.66573607590772,37.47501529200662,480.8937207486953,1.5625965257663794,10.028309994076146
2025-02-03 10:00:00,337.1801175705413,125.10725169040848,40.24559510813574,502.5329643690855,1.4903991611069736,8.899193740929496
2025-02-03 11:00:00,350.8150739118759,137.74794857944164,43.91322606694037,532.4762485582579,1.5178260233253686,6.190450466868244
2025-02-03 12:00:00,374.10143376592464,153.5170279177309,39.43223650891544,567.0506981925711,1.5157672412113097,10.022883573128254
2025-02-03 13:00:00,389.4580077227975,131.2166690075892,47.82849806886298,568.5031747992496,1.4597290684131732,11.208508420601559
2025-02-03 14:00:00,392.1265407012038,122.80451160826046,51.13355816231923,566.0646104717835,1.443576375777937,13.736433300924801
2025-02-03 15:00:00,383.4421366468655,124.73594985233167,49.43336829995397,557.6114547991511,1.4542258179431347,14.005224544093085
2025-02-03 16:00:00,411.74192883947927,150.8011512385111,53.08800728379751,615.6310873617879,1.4951867765738192,14.722564737888211
2025-02-03 17:00:00,374.92425572000207,105.01775538170469,46.99140551902707,526.9334166207339,1.4054396550279586,16.410842204904277
2025-02-03 18:00:00,338.1352232681661,113.69597430503369,34.438320287419714,486.26951786061954,1.4380918768553492,15.823681269411011
2025-02-03 19:00:00,313.9540144403808,120.50892709731417,40.78496026060668,475.24790179830165,1.5137500396210104,18.399274434193895
2025-02-03 20:00:00,335.65959645437016,113.09028260833806,46.492311382228294,495.2421904449365,1.475429857141773,18.576072519028695
2025-02-03 21:00:00,296.7100797632591,105.6897963762354,54.01145550526248,456.41133164475696,1.5382400625180017,14.055402606404567
2025-02-03 22:00:00,271.79030677461725,75.11348810918102,30.04472348557679,376.94851836937505,1.3869093524441272,16.0862670115068
2025-02-03 23:00:00,234.13055021720473,81.79061403865872,36.00147556572157,351.92263982158505,1.5031043129361106,19.646258025240716
2025-02-04 00:00:00,243.33996634697758,73.77755941826287,34.585484808143185,351.7030105733836,1.4453154401767754,14.815868711520071
2025-02-04 01:00:00,242.81623173485312,72.92085848507453,39.38916884682705,355.1262590667547,1.4625309705594156,13.393659929949493
2025-02-04 02:00:00,222.17891155224737,86.4769075216856,40.921546653287685,349.5773657272207,1.5734047992444793,14.933712476369761
2025-02-04 03:00:00,194.2267811406858,53.80140142486712,30.71634395901194,278.7445265245649,1.4351498021411357,13.272438409381904
2025-02-04 04:00:00,213.40196032910785,80.66879485825608,39.46566408601992,333.53641927338384,1.562949181717942,11.184695780577375
2025-02-04 05:00:00,227.7784936796062,74.21167841868959,30.98585877907357,332.9760308773694,1.461841394674136,14.530091801282502
2025-02-04 06:00:00,222.2138624348232,81.09349242981204,35.536248151708406,338.84360301634365,1.524853577106283,8.277608431803218
2025-02-04 07:00:00,236.5096851606974,71.1067992297849,26.237268207314827,333.8537525977971,1.4115859668535726,9.156750672999555
2025-02-04 08:00:00,258.46359444745025,102.83532919339002,35.088279735498695,396.38720337633896,1.5336287658760808,10.614869008615742
2025-02-04 09:00:00,335.23790407407444,112.40005453584021,44.87386627594986,492.51182488586454,1.4691412244870696,9.591668910705357
2025-02-04 10:00:00,350.8514150301446,131.6337194790891,39.10090489331228,521.586039402546,1.4866294307455825,9.491064512409167
2025-02-04 11:00:00,345.75864707108326,114.53667451034462,34.7437002379341,495.03902181936195,1.43174733593167,10.916858067192985
2025-02-04 12:00:00,369.0904930599109,122.89993694832127,47.24082301313433,539.2312530213665,1.4609730219570793,9.827820077657236
2025-02-04 13:00:00,400.79073642079527,139.94957981376209,51.904640142147194,592.6449563767045,1.4786892573147674,12.796249976252115
2025-02-04 14:00:00,408.7884040135559,135.34193956270312,50.58719677272676,594.7175403489858,1.4548297713681337,11.836629784899515
2025-02-04 15:00:00,405.6089811550053,136.9684338981237,45.46994460861714,588.0473596617462,1.4497888039540752,13.809894086637117
2025-02-04 16:00:00,373.91215482360633,133.04201428126188,40.57943152281895,547.5336006276872,1.464337528385476,16.131147853193696
2025-02-04 17:00:00,363.915768677252,119.34223683596439,44.15251081427207,527.4105163274885,1.4492653567733582,14.677798316524157
2025-02-04 18:00:00,365.14597430259505,141.8045480489762,54.088766914618574,561.0392892661898,1.5364794595852747,18.44047127631327
2025-02-04 19:00:00,361.3761009278615,108.56863140694429,42.537499196314066,512.4822315311199,1.418140906981069,17.622089228486043
2025-02-04 20:00:00,336.9466950598491,112.65349313938206,40.0180860984347,489.6182742976659,1.4531030619270475,19.422522007678403
2025-02-04 21:00:00,300.41207860702747,122.0019934248079,32.537698581964754,454.95177061380014,1.5144256939446428,16.66608030403683
2025-02-04 22:00:00,265.6580041129562,82.64846941531266,43.781479704102736,392.08795323237155,1.4759124406643442,16.793125405777822
2025-02-04 23:00:00,285.94999437572204,92.58166994023908,33.11354087946874,411.64520519542987,1.4395706007762723,13.964722725459525
2025-02-05 00:00:00,222.99219035848893,67.48076679459567,44.425968776139605,334.8989259292242,1.5018415012240145,15.887754980602372
2025-02-05 01:00:00,226.5540568454606,85.29944348838575,35.14760325484153,347.0011035886879,1.531648156825494,15.101361029729793
2025-02-05 02:00:00,219.03571264360562,86.11696805774426,26.10347590158208,331.256156602932,1.512338570751341,13.66891515894825
2025-02-05 03:00:00,221.0706104809585,74.86258469274107,38.45875891320032,334.3919540868999,1.5126024818921018,13.475252560334258
2025-02-05 04:00:00,240.67401436483715,64.07296081016953,28.37813307870462,333.12510825371135,1.3841340916378608,14.587340359983253
2025-02-05 05:00:00,189.8597367605578,72.25774356616772,31.26489406048414,293.38237438720967,1.545258512378587,12.372835219918317
2025-02-05 06:00:00,189.17506493157168,59.00027798702248,32.52668372841786,280.702026647012,1.4838214896268038,10.711352910480041
2025-02-05 07:00:00,265.27309590127385,71.01610807208799,32.3008302841593,368.59003425752115,1.389473866564661,8.657060322550599
2025-02-05 08:00:00,297.0361248298389,94.54175334636705,37.987672278814614,429.56555045502057,1.4461727532336441,6.273865780293646
2025-02-05 09:00:00,318.13195407219445,105.5543477610025,26.89879776111275,450.58509959430967,1.4163465625715086,11.65489119879559
2025-02-05 10:00:00,337.8547413639382,126.77839401293487,42.55645691501162,507.1895922918847,1.5012060811824999,4.025250624612964
2025-02-05 11:00:00,345.9582443183533,114.16751898826513,43.06291928788434,503.1886825945028,1.454478078954132,11.075012441437302
2025-02-05 12:00:00,361.7735174466234,117.09897450052623,45.404502569862245,524.2769945170119,1.4491856623926722,12.33241909475972
2025-02-05 13:00:00,414.6031738338826,153.06441107076398,39.691723479439396,607.3593083840859,1.4649171707195714,9.324943420812541
2025-02-05 14:00:00,375.2064101035913,122.85280939664645,42.90970240802575,540.9689219082635,1.441790191587896,10.593258178694624
2025-02-05 15:00:00,411.14350359747937,144.88469402035216,41.05416825013255,597.0823658679641,1.4522480852634945,11.36134034724264
2025-02-05 16:00:00,384.21384280479634,156.45143012300082,32.111965503209404,572.7772384310065,1.4907772043028955,11.84736070746313
2025-02-05 17:00:00,378.8171113811846,140.43245030046526,36.272557790287735,555.5221194719376,1.466465222350908,15.508376296441911
2025-02-05 18:00:00,346.5181274699319,104.33665050124313,36.112944307079694,486.96772227825477,1.4053167314327875,15.851853870583327
2025-02-05 19:00:00,339.65049777615496,126.99533761072436,45.018189244733,511.6640246316123,1.5064427344629479,16.63141081211886
2025-02-05 20:00:00,309.84102018673235,116.02678868896537,36.44358459303762,462.31139346873533,1.4920922774851226,17.282425530603106
2025-02-05 21:00:00,269.40157225855984,106.87428794996057,28.920759043543818,405.1966192520642,1.5040618206310028,17.64929310217756
2025-02-05 22:00:00,255.9344874328,82.61616163138454,38.65131228235598,377.20196134654054,1.473822325119749,17.573027620933736
2025-02-05 23:00:00,219.0992422947202,83.75090518709858,30.87753033715286,333.72767781897164,1.5231804287577573,17.855521058208947
2025-02-06 00:00:00,248.46129678752726,74.2275033815658,40.82072887015028,363.5095290392433,1.4630428712207038,15.449186422390973
2025-02-06 01:00:00,199.95400177918532,79.40782080058158,33.23453842447326,312.5963610042402,1.563341359626545,15.893647744564168
2025-02-06 02:00:00,201.06540022790213,74.84613184649244,32.060714523403114,307.9722465977977,1.531701855459565,14.92760122869775
2025-02-06 03:00:00,235.12554981516624,88.1874897948435,37.2474700337966,360.56050964380637,1.5334807719843522,10.570552694495698
2025-02-06 04:00:00,220.45983369544624,91.51225991690949,26.022672981351917,337.9947665937076,1.5331353604331832,12.860765968044552
2025-02-06 05:00:00,209.8982171263849,66.56371038700327,35.798856333117236,312.2607838465054,1.487677161442898,13.33077285474647
2025-02-06 06:00:00,248.9900774125533,67.24433025942163,48.22751946727817,364.4619271392531,1.4637608491336533,9.617814710013493
2025-02-06 07:00:00,255.86651671709495,72.69535021936947,41.370763157679576,369.932630094144,1.4458032056737185,10.10235952867168
2025-02-06 08:00:00,283.3211602672035,99.43747780396393,42.253867934266914,425.0125060054343,1.5001085891523247,7.9039565804995595
2025-02-06 09:00:00,279.9777360927532,110.31760988149581,32.847451693388564,423.1427976676376,1.5113444503582083,8.626660278801888
2025-02-06 10:00:00,334.1169927088976,93.23183087306721,43.26081760098314,470.609641182948,1.4085175296455839,9.051651542564727
2025-02-06 11:00:00,344.6945414221395,107.07240213437996,33.7131335054183,485.4800770619377,1.4084356400276772,7.21309190770125
2025-02-06 12:00:00,351.7436937384468,122.70552461263257,35.02981499848577,509.47903334956516,1.448438287363892,9.859351215901816
2025-02-06 13:00:00,356.3689127320595,108.56808601357085,27.541231391977266,492.4782301376076,1.3819337561239065,12.667065361370035
2025-02-06 14:00:00,377.2427260826356,123.22374732073206,40.09522940087643,540.5617028042441,1.4329281002116212,13.839081133653977
2025-02-06 15:00:00,369.8750958757348,143.51394060118952,44.924199015819596,558.3132354927438,1.50946425352281,15.624107771398826
2025-02-06 16:00:00,384.3433664601544,140.93303658355512,50.81515213087311,576.0915551745826,1.4988981349683501,12.162418486996165
2025-02-06 17:00:00,375.71366291459805,125.44921256329741,36.65233579637937,537.8152112742748,1.4314497032186009,14.476173773249057
2025-02-06 18:00:00,344.8006517179786,130.97431342420327,44.45457451201197,520.2295396541939,1.508783516104555,18.864695340325255
2025-02-06 19:00:00,363.5624154947749,133.79816077018396,34.05183289403209,531.4124091589908,1.4616813688944925,14.026785515316593
2025-02-06 20:00:00,334.30527042467645,131.62357229996275,42.04001535179839,507.9688580764376,1.5194760687773539,19.05228300908417
2025-02-06 21:00:00,272.0269630089207,90.03148686734448,39.45154509220263,401.5099949684678,1.4759933740660147,12.075941282738892
2025-02-06 22:00:00,300.1098412218183,99.8340173484815,40.875890618467736,440.8197491887675,1.4688613588747568,15.119766038983315
2025-02-06 23:00:00,239.27908382850376,78.85091209311311,34.36587872355175,352.4958746451686,1.4731579083519464,18.05760560984986
2025-02-07 00:00:00,207.3405882727269,71.46673852925096,29.144795885331632,307.9521226873095,1.4852476558147047,12.762252517976258
2025-02-07 01:00:00,220.54528802863007,74.43955809625024,28.793403396423997,323.77824952130425,1.4680805580361027,13.948986118051572
2025-02-07 02:00:00,231.72735542867554,78.05558065103345,33.494930419760045,343.27786649946904,1.4813868904878957,16.22994505931558
2025-02-07 03:00:00,235.5351105461802,78.19365662657098,24.964132965848115,338.6929001385993,1.4379720261374513,13.029612024893817
2025-02-07 04:00:00,202.6373270132554,82.02803845427823,40.244671818104244,324.9100372856379,1.6034066480968932,11.69257305947395
2025-02-07 05:00:00,227.39910016838957,84.86802294012077,22.599938068469235,334.8670611769795,1.4725962456711996,8.182603514286058
2025-02-07 06:00:00,240.34340812147144,110.4591553321866,37.79370961268374,388.5962730663418,1.6168376578480663,10.10568914151676
2025-02-07 07:00:00,280.8391820303543,113.67168767056313,38.50949886839305,433.0203685693105,1.5418801801043125,8.18734731970316
2025-02-07 08:00:00,294.9036286056661,107.22317623514773,42.631540784499364,444.75834562531315,1.5081480947798953,7.7712417966092415
2025-02-07 09:00:00,311.2897495631759,104.1310213496405,44.80580997894051,460.2265808917569,1.4784508051986287,10.407351894901877
2025-02-07 10:00:00,332.74232121272576,128.27337753376418,43.34830999264694,504.36400873913686,1.515779558491123,13.634144053852504
2025-02-07 11:00:00,352.722082795131,115.28252170674146,47.338737489437335,515.3433419913098,1.4610464360708397,10.608333342050328
2025-02-07 12:00:00,371.0379867386113,122.0732535078633,40.08983792131384,533.2010781677884,1.4370525316142837,13.651217117398058
2025-02-07 13:00:00,377.3703514667084,122.94271029908163,37.2565337199447,537.5695954857348,1.424514653566151,8.487781118893462
2025-02-07 14:00:00,378.0649386450944,144.715091697863,44.594462697962236,567.3744930409197,1.5007329033849874,9.025519959869907
2025-02-07 15:00:00,417.6247361597811,147.43268066570408,39.16707058788165,604.2244874133669,1.4468120182952804,12.947444677794264
2025-02-07 16:00:00,391.70650564117165,117.26898638437797,42.69940188144873,551.6748939069984,1.4083883876372685,15.348229727308466
2025-02-07 17:00:00,384.23187928704675,138.1073214494923,39.28456794115869,561.6237686776977,1.461679259200998,13.422395978136553
2025-02-07 18:00:00,361.1488537978496,127.63039414815594,36.96542346263208,525.7446714086376,1.4557561677958952,18.63386019830579
2025-02-07 19:00:00,353.8729956921846,114.06793817773001,43.1572772678077,511.0982111377223,1.4442984272874542,18.401751178075507
2025-02-07 20:00:00,315.1488138940799,95.71175490022111,39.20056293677739,450.0611317310784,1.4280908316613303,15.612462818175143
2025-02-07 21:00:00,308.9169304526037,102.41312882340854,28.85929544243995,440.1893547184522,1.4249440911947338,17.215766680216838
2025-02-07 22:00:00,274.99339578688824,94.31280776020395,43.45212532453279,412.758328871625,1.5009754241207323,18.44375198576572
2025-02-07 23:00:00,278.77315481441747,93.03201257201854,41.310526130965805,413.1156935174018,1.4819062968685695,16.008520986498965
2025-02-08 00:00:00,162.26091698531067,66.41206691369563,27.83491636762797,256.50790026663424,1.580836008031778,15.921996589322491
2025-02-08 01:00:00,208.3602826613263,69.02352274303507,41.87117084637838,319.2549762507398,1.5322256822316964,13.978370880344348
2025-02-08 02:00:00,180.86021093270782,69.36507165317823,44.31174609651045,294.5370286823965,1.6285341433776395,13.12936071125901
2025-02-08 03:00:00,155.86824679999256,50.23234123535737,44.94811399257897,251.04870202792887,1.6106468583692368,12.88268187708355
2025-02-08 04:00:00,186.63742205981532,65.72902699941127,49.79072487276656,302.15717393199316,1.6189527834088653,9.229543006992346
2025-02-08 05:00:00,177.90609513328116,58.214752733366595,26.450021177890424,262.5708690445382,1.4758958586991024,10.674179159418802
2025-02-08 06:00:00,202.14842706727114,57.97850285127972,30.47945423618642,290.60638415473727,1.4375891436346868,12.378844494982673
2025-02-08 07:00:00,206.7081560177702,76.17801467512932,25.38399481376119,308.2701655066607,1.4913304411663344,7.955827432518896
2025-02-08 08:00:00,231.11811211948472,71.75720831065904,40.29879486683026,343.174115296974,1.4848430187918717,11.84454253761717
2025-02-08 09:00:00,246.7903015453613,90.65428088298442,30.622828056951207,368.06741048529693,1.4914176455902757,8.817597905496896
2025-02-08 10:00:00,260.38712105951817,90.60266100317911,32.24630719667897,383.23608925937623,1.4717935652884222,6.256873502776646
2025-02-08 11:00:00,274.2008127525537,84.57980269257104,37.18502630171597,395.96564174684073,1.4440717289345562,10.095787884072672
2025-02-08 12:00:00,311.23209494545364,111.56202732215158,40.12357720630666,462.91769947391185,1.4873713443822127,9.098964556186708
2025-02-08 13:00:00,325.4407805984016,118.70616747144523,41.6464700383945,485.7934181082413,1.4927244742192192,11.746076171792774
2025-02-08 14:00:00,333.20735718579016,102.87448521605766,47.883091589178896,483.9649339910267,1.4524437217668547,8.490268116485456
2025-02-08 15:00:00,315.3955366137354,119.04900126430171,31.363839970194103,465.80837784823115,1.4769022505816443,15.07012809375587
2025-02-08 16:00:00,321.0902380126922,110.30278362483942,31.42704484684336,462.82006648437505,1.4414018605762797,13.5993434858315
2025-02-08 17:00:00,316.49193573300016,120.77599721924992,33.69633506723734,470.9642680194874,1.4880766769893425,16.251689306513253
2025-02-08 18:00:00,304.5181026493988,106.36086479730223,43.234755134644246,454.1137225813453,1.4912536188503072,16.609300081276785
2025-02-08 19:00:00,285.31560629009874,93.69617465302758,37.43661315870118,416.4483941018275,1.4596060815488572,15.585566656708211
2025-02-08 20:00:00,276.8349939041809,92.30818974655708,45.12456125990822,414.26774491064623,1.4964428415218127,16.81360476739831
2025-02-08 21:00:00,240.16123304830995,86.89826141848478,31.07176984456101,358.1312643113557,1.4912117986973998,16.85086520118297
2025-02-08 22:00:00,239.11571321146357,102.52679876328244,25.25399715266588,366.8965091274119,1.5343889542003646,14.771881252359854
2025-02-08 23:00:00,192.88728638479057,84.34379141954749,33.94228516936571,311.1733629737038,1.6132393627693247,16.86152460991184
2025-02-09 00:00:00,191.7091411447431,74.52941167664649,34.55324735208438,300.791800173474,1.5690008226909322,17.481046166168852
2025-02-09 01:00:00,176.35862078887425,65.71713242991463,33.8246873110093,275.9004405297982,1.5644284316562518,14.002389680160784
2025-02-09 02:00:00,169.2405245316653,47.84279115902817,37.246206239324216,254.32952193001768,1.5027696388546232,12.379539984723039
2025-02-09 03:00:00,191.17320947564275,62.885812975669076,37.54599674278707,291.6050191940989,1.5253445814605737,12.987685306401232
2025-02-09 04:00:00,152.8456565702411,51.67708404910917,38.04299695197524,242.56573757132549,1.5869979102733156,8.403275733099457
2025-02-09 05:00:00,178.3626657021826,78.3228492903403,36.616461515371114,293.301976507894,1.644413506342347,7.379990549339945
2025-02-09 06:00:00,192.62785087573178,57.758618773226104,29.12821552916287,279.5146851781207,1.451060601607612,10.934155253315232
2025-02-09 07:00:00,219.2596157495207,80.19807970387907,26.089883523666096,325.5475789770659,1.4847585035858457,7.434123870572458
2025-02-09 08:00:00,210.86538617586052,61.90085165149425,31.47368041553823,304.239918242893,1.4428158350709994,7.222757227530318
2025-02-09 09:00:00,226.01160442523525,83.48700899598482,38.39674031025049,347.89535373147055,1.5392809347829506,10.577234866126046
2025-02-09 10:00:00,254.0325792473425,67.05514657600196,44.52861651734702,365.6163423406915,1.4392498136418315,10.66318944823485
2025-02-09 11:00:00,281.8093459706866,103.34717198083442,42.32191575375337,427.47843370527437,1.5169065178900776,9.406133794125159
2025-02-09 12:00:00,304.38163984129636,112.18466529759533,40.606376778289935,457.17268191718165,1.5019719394229891,7.32743419266533
2025-02-09 13:00:00,339.2169308146354,119.95033456310607,43.618200074500166,502.7854654522417,1.4821944890686722,10.056370644941817
2025-02-09 14:00:00,347.6218215359755,115.03198407966036,40.61587278205355,503.2696783976894,1.4477505358379978,10.28546861802412
2025-02-09 15:00:00,334.48073561400923,107.55872212089083,41.150667969215185,483.19012570411525,1.444597772774922,13.632007617526305
2025-02-09 16:00:00,323.6471639793716,108.64725116712793,26.864642678291865,459.15905782479143,1.4187025530495827,13.389855116166359
2025-02-09 17:00:00,326.67761630514855,117.13128328384917,32.61095653186103,476.41985612085875,1.458379247128571,11.371353765106996
2025-02-09 18:00:00,308.4685104712907,108.25329317194767,37.62931598643482,454.35111962967324,1.4729254501067133,13.965783719392435
2025-02-09 19:00:00,281.8904436886495,105.0781852112196,37.46926026159996,424.43788916146906,1.50568385223539,18.093112788992876
2025-02-09 20:00:00,261.01258519290946,91.01177706146548,35.49358054043094,387.5179427948059,1.484671486274881,18.61432706060555
2025-02-09 21:00:00,279.49110080086615,93.92243050991692,41.272771726045264,414.68630303682835,1.4837191661865723,14.491557215291362
2025-02-09 22:00:00,237.98867466273177,87.07200658722186,34.15504351794212,359.2157247678957,1.5093815925357044,17.977785705070048
2025-02-09 23:00:00,198.9406072185202,64.72874344739614,33.95242575273981,297.62177641865617,1.4960333165754474,16.26467446085038
2025-02-10 00:00:00,258.8398050169184,79.89639100568425,33.93100819819374,372.66720422079635,1.439760025303828,15.814714923783828
2025-02-10 01:00:00,209.41186625924078,62.45072231607162,35.35437174725533,307.21696032256773,1.4670465710011362,13.100147445698589
2025-02-10 02:00:00,209.507120139747,69.69336669483252,49.42515282204296,328.62563965662247,1.5685654952319528,16.479022875898956
2025-02-10 03:00:00,216.06149199681414,76.56862240071226,32.18225398859165,324.81236838611807,1.5033329881425954,14.211382800143868
2025-02-10 04:00:00,213.46587780485825,73.67014970760384,37.28781916877913,324.42384668124123,1.5197925308597386,10.914323102388394
2025-02-10 05:00:00,218.83980407551067,75.9824655179778,35.21550430852817,330.0377739020167,1.5081249743220257,6.075476946667923
2025-02-10 06:00:00,228.71020258785674,86.03197815497747,32.503763024380625,347.24594376721484,1.5182792015315705,11.083858653102872
2025-02-10 07:00:00,244.74307502532852,79.62285988876252,37.146329483508666,361.5122643975997,1.4771092679953732,8.140321057384515
2025-02-10 08:00:00,258.83886037992295,94.36894003579073,32.699176446527346,385.90697686224104,1.490915916936923,8.23493046970414
2025-02-10 09:00:00,306.9335129522624,100.87507541514222,38.95998295661323,446.7685713240178,1.4555874561456053,9.40912743885757
2025-02-10 10:00:00,345.03729007969315,124.51334819692109,37.35395563835208,506.9045939149663,1.4691298838971485,8.504595658848851
2025-02-10 11:00:00,332.1992824788329,114.71669887308254,56.741269769345024,503.65725112126046,1.516129858448302,7.927896937062869
2025-02-10 12:00:00,375.9774883386801,137.64962430685193,45.95075025400414,559.5778628995361,1.488328105419623,10.184792121957022
2025-02-10 13:00:00,393.7579977806455,114.70271310824259,50.13071249010949,558.5914233789977,1.4186160700923147,12.304505528444096
2025-02-10 14:00:00,368.3848425772062,122.98287215955546,37.337091353870655,528.7048060906322,1.4351969597658627,10.227166100921195
2025-02-10 15:00:00,409.1065607208905,142.41747828752253,54.62567007585008,606.1497090842631,1.481642601908317,11.74100755613461
2025-02-10 16:00:00,404.0249632816586,147.46688076690688,35.78976323422438,587.2816072827898,1.4535775277662166,11.107453872688788
2025-02-10 17:00:00,379.7690528492127,133.04537842554913,48.74472530741996,561.5591565821817,1.4786859339092824,14.054286816315761
2025-02-10 18:00:00,354.6190487889251,145.86572104631182,42.37659601033098,542.8613658455679,1.5308296824423766,13.881932563902193
2025-02-10 19:00:00,358.3161348821441,119.29528430664358,38.77743508790595,516.3888542766937,1.4411543439051167,15.880402323643398
2025-02-10 20:00:00,332.79829897556203,130.95904282397947,35.07517161929073,498.83251341883226,1.4989034347662409,17.17167212726707
2025-02-10 21:00:00,290.86161859822585,106.52118247775111,36.63069428939784,434.01349536537475,1.492164890840713,18.214665066233774
2025-02-10 22:00:00,237.31462483646203,87.7894571004123,27.184062651275525,352.28814458814986,1.4844771780538948,15.51326568922568
2025-02-10 23:00:00,278.9103897774514,109.48169137288326,37.71936144923663,426.1114425995713,1.5277718515239778,14.846732816669537
2025-02-11 00:00:00,191.6491556397771,69.06963072763173,32.95183024456531,293.67061661197414,1.5323345184152866,16.430467291606867
2025-02-11 01:00:00,222.4821974296777,95.80463093539454,36.77960848127124,355.0664368463435,1.5959319035338684,13.83332833326076
2025-02-11 02:00:00,170.13274986145262,40.0,36.30930967293768,246.4420595343903,1.448528044924214,13.340602053259559
2025-02-11 03:00:00,203.26431014405267,87.359056215523,38.32554340687949,328.9489097664552,1.6183308793035547,10.632285395161665
2025-02-11 04:00:00,204.06683698098985,52.065253482357804,24.201403910652438,280.3334943740001,1.3737337164691537,11.570265263970066
2025-02-11 05:00:00,222.9917509453079,81.15928705168763,31.87117368029191,336.02221167728743,1.5068818028147686,9.444768282492179
2025-02-11 06:00:00,243.58648768063046,87.58514565570219,32.29800778425003,363.4696411205827,1.4921584714384186,7.666802241821787
2025-02-11 07:00:00,266.0146841113479,106.31296943883564,36.4303722034807,408.75802575366424,1.5365994817886337,6.5832335891242515
2025-02-11 08:00:00,259.579938631884,96.30413906275788,39.481317659367136,395.365395354009,1.5230968827474969,11.263312002497294
2025-02-11 09:00:00,314.7917160668901,88.72425090985486,46.497709420191754,450.0136763969367,1.4295600977673546,9.280998228421977
2025-02-11 10:00:00,334.2615209420991,120.84499841275718,33.92038676468063,489.0269061195369,1.4630068837754326,10.085145554080155
2025-02-11 11:00:00,329.85684353181136,128.96912874967225,38.42935907757997,497.2553313590636,1.5074882971500585,6.053977345912967
2025-02-11 12:00:00,370.7526440646134,145.4745238525936,43.650624336547274,559.8777922537543,1.5101113942593511,9.786329914136354
2025-02-11 13:00:00,364.4909457410334,125.33779012187429,52.625863682136945,542.4545995450446,1.4882526051290512,11.646399695155269
2025-02-11 14:00:00,390.3118509176809,129.78907816899314,41.892008152931375,561.9929372396053,1.4398561968289634,9.364931398792862
2025-02-11 15:00:00,369.1636431154224,125.46519441813031,51.497941548593516,546.1267790821462,1.4793623079274754,9.412569089981947
2025-02-11 16:00:00,391.34745417804356,153.5635937152678,42.448309731129655,587.3593576244411,1.5008641332753425,13.431425702698782
2025-02-11 17:00:00,401.58505706031895,121.57031549467996,43.24022416782587,566.3955967228247,1.4104000802942,15.158861708543395
2025-02-11 18:00:00,355.6246591968759,101.53021275620603,42.53299074649255,499.68786269957445,1.4050990272385593,13.688738634972381
2025-02-11 19:00:00,349.4670614856584,136.88189382420606,40.6622179109474,527.0111732208119,1.5080424775381573,17.253221847832286
2025-02-11 20:00:00,356.70057232768113,123.38614120332882,40.52824742906673,520.6149609600767,1.4595293681833974,18.700231845697783
2025-02-11 21:00:00,347.15728621760695,112.75043147782658,42.98660833461724,502.89432603005076,1.4486065711287532,14.83132904349096
2025-02-11 22:00:00,257.81502599703003,95.00269530457342,45.3006722302427,398.11839353184615,1.544201669364424,14.92036983453361
2025-02-11 23:00:00,248.82015972855052,106.61025829782153,39.844224386002374,395.2746424123745,1.5885957265022173,14.999817001221608
2025-02-12 00:00:00,197.76108481764422,79.18397241325916,32.9920671137355,309.9371243446389,1.56723009802678,12.54660881839795
2025-02-12 01:00:00,195.49233247084803,85.40869814298388,28.61457498274232,309.51560559657423,1.5832621243225968,12.564415984096856
2025-02-12 02:00:00,245.04926306007923,74.81272917971779,35.37274537450739,355.23473761430444,1.4496462187980985,12.45338362714689
2025-02-12 03:00:00,204.2344589965005,56.468277673711015,34.456030380106675,295.15876705031815,1.4451957250533105,12.359472274036957
2025-02-12 04:00:00,206.37028616779372,62.339277713102305,43.17822697515297,311.88779085604904,1.5113018286094835,12.453790890730138
2025-02-12 05:00:00,215.97430798613604,78.85745824169406,39.27208931107083,334.1038555389009,1.54696111150567,10.064002103976547
2025-02-12 06:00:00,256.55037634422484,69.8043555882659,34.03801958189976,360.3927515143905,1.4047640726546269,10.654253091639568
2025-02-12 07:00:00,232.96775418829694,75.88492458079736,40.71316900891565,349.5658477780099,1.5004902674018663,10.92661150994378
2025-02-12 08:00:00,263.79240561459153,93.30268638408002,32.22977784990552,389.32486984857707,1.4758759598917042,10.058350482532878
2025-02-12 09:00:00,296.10355664586695,93.79939747269906,43.72649734123709,433.62945145980314,1.4644520193265156,7.950512923888683
2025-02-12 10:00:00,311.44012130859727,96.04044117770604,40.58175071418005,448.06231320048335,1.4386788423978008,7.620630190334143
2025-02-12 11:00:00,350.3271834843067,102.32673315157456,42.631163975520394,495.28508061140167,1.4137786159936643,7.91590664004764
2025-02-12 12:00:00,391.41946846199284,143.40934383428507,44.67463895067353,579.5034512469514,1.4805177001644763,9.46927117039768
2025-02-12 13:00:00,368.96545088775883,129.37356513161964,33.86056354018795,532.1995795595665,1.442410334840441,12.244355549304444
2025-02-12 14:00:00,390.3594674389096,140.5876342926922,45.741603781682876,576.6887055132847,1.477327319090923,10.394173053871675
2025-02-12 15:00:00,416.51627758944244,138.74728047454232,45.33724656478803,600.6008046287728,1.4419623840506455,8.793051307922909
2025-02-12 16:00:00,389.2073808489206,125.03848056139594,39.97994171859186,554.2258031289084,1.4239858502170681,14.39679457873755
2025-02-12 17:00:00,360.00824831368493,121.0107629073795,42.65781963822849,523.676830859293,1.454624535166203,11.73090408044322
2025-02-12 18:00:00,376.431534669131,129.82285898245996,42.5501696325886,548.8045632841795,1.457913359375053,16.00696978378167
2025-02-12 19:00:00,359.344467538813,143.47241188315823,44.145682639785825,546.962562061757,1.5221120998688515,15.217587570211881
2025-02-12 20:00:00,352.803313799129,119.97011192391705,33.91771586191463,506.6911415849607,1.4361858910243932,18.680787894191496
2025-02-12 21:00:00,299.628689176017,99.77198985422265,49.12548093064444,448.5261599608841,1.4969399665777572,14.11124282673034
2025-02-12 22:00:00,296.81635240432115,103.03954367365039,38.21539668431641,438.07129276228795,1.4759001288633529,15.669027771571423
2025-02-12 23:00:00,277.8729514533775,96.1929646866882,43.26443710659352,417.3303532466592,1.5018746915231163,13.895770041215174
2025-02-13 00:00:00,201.94255860162514,92.85320731949068,21.41310818359348,316.2088741047093,1.5658357321722307,17.24233089419324
2025-02-13 01:00:00,219.96998465495847,92.02915628574102,37.802737975991974,349.80187891669146,1.5902255003808148,13.292716343904825
2025-02-13 02:00:00,246.91807699718063,97.77879486558393,30.17932362960464,374.8761954923692,1.5182209421493658,11.452614647101042
2025-02-13 03:00:00,195.2552999993596,66.03942609636826,44.61474445118669,305.9094705469146,1.566715323721906,14.113714789445211
2025-02-13 04:00:00,236.6773529716856,88.3790565619921,36.43083296472648,361.48724249840416,1.52734191911319,9.81868230014813
2025-02-13 05:00:00,218.05864242060028,60.99563698776569,32.70211753071688,311.75639693908283,1.4296906257801723,12.08584693780503
2025-02-13 06:00:00,210.5266642472222,64.51434626522796,28.704836358987386,303.74584687143755,1.4427903845697558,6.9726074081076455
2025-02-13 07:00:00,210.509240506043,83.77127139790242,28.80016766790972,323.0806795718551,1.5347577084749426,11.064631587378933
2025-02-13 08:00:00,263.5542886113774,65.02443625504988,28.581462841382944,357.1601877078102,1.3551674290318945,10.535436853140661
2025-02-13 09:00:00,275.38812415427554,98.89969269850302,33.90160882080629,408.1894256735849,1.482233218760416,9.819961400572328
2025-02-13 10:00:00,354.2146348023486,107.43011073750958,43.348540359083394,504.99328589894156,1.42567030348909,7.466241999395044
2025-02-13 11:00:00,303.35415618129394,112.09906279318841,48.39857166715744,463.8517906416398,1.52907676123754,10.347192381033453
2025-02-13 12:00:00,379.78312298105254,123.50403864243115,45.52618288737405,548.8133445108577,1.445070387022538,10.657448659280469
2025-02-13 13:00:00,372.33287123861805,142.5345875978955,49.802474760854246,564.6699335973678,1.5165728766276083,7.61616145413654
2025-02-13 14:00:00,403.84619261997653,129.58456604766744,49.63886303754066,583.0696217051847,1.44379130560198,11.078407717728163
2025-02-13 15:00:00,362.7970434010508,137.95397427788458,32.12039414571636,532.8714118246518,1.4687865337303583,11.102231747726766
2025-02-13 16:00:00,390.7022273421548,131.9666195348902,47.023564694156704,569.6924115712017,1.4581242995379635,12.484037842697816
2025-02-13 17:00:00,360.2392437016267,121.08645912116492,35.43336615099473,516.7590689737864,1.434488546177938,15.75007479865706
2025-02-13 18:00:00,375.60333211246603,116.44927766109251,47.47607114462249,539.528680918181,1.4364320941557331,14.761642328412021
2025-02-13 19:00:00,370.20666183100315,135.44416067466085,52.590748018265295,558.2415705239293,1.5079187601944422,16.844725244944268
2025-02-13 20:00:00,331.8875105857807,105.11191994034678,46.263932398600964,483.2633629247285,1.4561059018815432,14.669620146727473
2025-02-13 21:00:00,299.5982660365704,102.80233971244942,36.84332343819371,439.24392918721355,1.46610971751618,12.961501584281661
2025-02-13 22:00:00,290.92359317272644,94.40710044838163,38.890067125683,424.2207607467911,1.458186172253564,15.027937607456897
2025-02-13 23:00:00,265.09460070148526,83.7922903029293,40.54935580106037,389.4362468054749,1.4690463169561379,13.70236100712898
2025-02-14 00:00:00,223.4621550680193,71.46757807532744,41.12723478096294,336.0569679243097,1.5038652420675787,14.229507863161386
2025-02-14 01:00:00,182.33212642901125,67.01330523624318,24.604382219321565,273.949813884576,1.5024769317942164,13.528636202112862
2025-02-14 02:00:00,203.88375765735273,73.02956726752515,36.048448051382884,312.96177297626076,1.535001005338663,13.16851093421914
2025-02-14 03:00:00,168.879425244306,61.684442536923314,37.21795645156607,267.7818242327954,1.5856391259350524,10.23972921886231
2025-02-14 04:00:00,196.5532209695072,63.64313938704045,32.69962699960845,292.89598735615607,1.4901612189891065,11.805847126556579
2025-02-14 05:00:00,265.68192971759134,89.44233425337463,37.74668208242008,392.87094605338604,1.478726635533667,12.197730632714611
2025-02-14 06:00:00,263.10615519595916,99.02272323514308,40.00882639513808,402.13770482624034,1.5284237821298088,11.06567730095712
2025-02-14 07:00:00,243.69464595360378,71.43006009868112,45.38147465432809,360.506180706613,1.4793356632679102,7.1606195927971426
2025-02-14 08:00:00,282.11902050749705,91.58570546796619,53.982621755485916,427.68734773094917,1.515981967332769,8.073417991547126
2025-02-14 09:00:00,328.3138334759025,109.54520649564971,39.716649128787076,477.57568910033933,1.4546316371874481,6.2562178481768
2025-02-14 10:00:00,321.406672398431,104.03753636597088,33.457407811583806,458.9016165759857,1.4277911941016255,8.357298476035293
2025-02-14 11:00:00,311.4717157600052,108.44060255339467,48.13256789199749,468.0448862053974,1.5026882459081283,5.765104636944653
2025-02-14 12:00:00,332.1216971406194,116.5296169035526,40.5987728665297,489.2500869107017,1.473104862232336,10.344072331885126
2025-02-14 13:00:00,402.06280551855076,146.83256047119025,48.12130399551966,597.0166699852606,1.484884107136627,8.891115544752205
2025-02-14 14:00:00,411.80575365238695,139.32628345373166,42.52036389656703,593.6524010026856,1.4415835518019469,10.428363899943358
2025-02-14 15:00:00,412.50953726397904,151.97082916637316,43.38285024661059,607.8632166769628,1.4735737280371537,13.843148177845043
2025-02-14 16:00:00,396.19741954059157,136.2927562781819,36.084616397445004,568.5747922162184,1.4350794936410893,14.108504987781759
2025-02-14 17:00:00,383.4352920025354,156.29802323336457,40.28103454092589,580.0143497768258,1.5126785715201996,14.159772291072212
2025-02-14 18:00:00,369.3178995855202,138.56577460051517,32.84981676569346,540.7334909517289,1.4641410328570204,17.992025528703156
2025-02-14 19:00:00,339.2965900718149,115.52683074402846,39.5891772597676,494.41259807561096,1.457169369049552,14.663138989779615
2025-02-14 20:00:00,329.4641127073471,110.92769449531087,36.09635765723127,476.4881648598893,1.4462520999461304,16.440047654223854
2025-02-14 21:00:00,309.4041620395478,110.05541483803107,38.287992303772434,457.74756918135137,1.4794486478913054,16.062714115839256
2025-02-14 22:00:00,258.50304883001303,104.78884389380255,34.89295274047939,398.184845464295,1.5403487396627735,16.203648318639416
2025-02-14 23:00:00,291.97785489602285,91.68246606285159,44.71082064704133,428.37114160591574,1.4671357242434169,17.13326176171933
2025-02-15 00:00:00,205.58618855435014,75.73168284992563,42.26544900344043,323.5833204077162,1.5739545670995867,11.998065993347137
2025-02-15 01:00:00,199.8826430570253,75.06072059552866,27.587152589230996,302.53051624178494,1.5135407037592294,12.835593224742773
2025-02-15 02:00:00,162.77703662493442,59.35371763007714,35.23050548788106,257.3612597428926,1.5810661324170443,13.906855245793384
2025-02-15 03:00:00,173.3692955922893,47.3041247752653,39.65075049295588,260.3241708605105,1.50155868125987,11.381006131408151
2025-02-15 04:00:00,169.16212650843707,70.70623422402484,32.467451740839955,272.33581247330187,1.6099100791318024,12.083974205665994
2025-02-15 05:00:00,162.91040572851438,57.64942527349394,41.47105675235986,262.03088775436817,1.6084355482548813,10.229329121446991
2025-02-15 06:00:00,183.4652072423384,63.08384912381281,36.954922518215355,283.5039788843666,1.5452738050211743,9.280073807768215
2025-02-15 07:00:00,251.57166625684945,97.22293231739967,40.02086437118913,388.81546294543824,1.5455455247828493,6.2315299330928795
2025-02-15 08:00:00,234.71213424458642,94.53044995943307,42.16455954813649,371.407143752156,1.5823943016304554,11.096733681892987
2025-02-15 09:00:00,260.4394613127132,93.86863472985901,37.79501814410092,392.10311418667317,1.5055441760258812,9.544688772211675
2025-02-15 10:00:00,270.0190062112238,108.30581172395001,38.43656789722161,416.76138583239543,1.543452039470072,9.1228960452552
2025-02-15 11:00:00,287.479462550353,112.49259911306812,43.99035157589208,443.9624132393132,1.5443274079502347,6.664783677361655
2025-02-15 12:00:00,287.3405041147923,98.94933550029135,37.04483009546402,423.33466971054764,1.4732857486093427,5.913699634944611
2025-02-15 13:00:00,320.6939398934923,119.32867704202091,40.734929465667,480.7575464011802,1.499116405382801,8.004020307144494
2025-02-15 14:00:00,304.7696560959329,120.66733110044784,36.70982980538585,462.1468170017665,1.5163806755627134,9.842223581159097
2025-02-15 15:00:00,329.298519619057,122.53036580530676,44.587268057172665,496.4161534815364,1.5074958552981241,13.062003038434177
2025-02-15 16:00:00,294.8915435409576,106.59155511684303,39.264792484484886,440.74789114228554,1.4946101398837497,13.543393598793635
2025-02-15 17:00:00,298.06358210627855,108.05190157535549,41.343525631155856,447.4590093127899,1.5012199952466598,15.566632219938937
2025-02-15 18:00:00,293.2543296574504,101.44239009347474,32.19875029393049,426.89547004485564,1.4557175355041172,13.960465968898493
2025-02-15 19:00:00,293.38828759769063,98.33983211993487,39.333377171484045,431.06149688910955,1.469252574527459,13.579202323934775
2025-02-15 20:00:00,246.98204731294018,77.92149685045776,41.12655023258595,366.0300943959839,1.4820109330950808,14.744910670568517
2025-02-15 21:00:00,250.9439870169097,85.73836029400705,34.12180465477115,370.8041519656879,1.4776371268091053,14.504774918676267
2025-02-15 22:00:00,236.09993335839147,63.60250891053204,35.24996696949364,334.95240923841715,1.4186891308011131,14.896025947436323
2025-02-15 23:00:00,224.49024711920427,84.3236414489042,47.9217685201867,356.73565708829517,1.5890920058494507,15.221547256643184
2025-02-16 00:00:00,197.96709174892217,49.726748971937035,37.99350086940934,285.68734159026855,1.4431052103983033,13.78914214909399
2025-02-16 01:00:00,186.9127725619492,83.98351159031301,33.909404002854686,304.80568815511685,1.6307376107970042,13.857045077177164
2025-02-16 02:00:00,174.7683943664321,50.98279121644384,28.044660165891322,253.79584574876725,1.4521838840988632,11.385146619558565
2025-02-16 03:00:00,151.85798608889294,41.17662182522206,31.166198451473917,224.2008063655889,1.476384694278434,13.242518702198648
2025-02-16 04:00:00,184.06902823972115,56.52120370714907,25.686751465385125,266.27698341225533,1.4466148159671446,11.538144633387402
2025-02-16 05:00:00,174.34590704259682,55.285950350179164,42.92592342142712,272.5577808142031,1.5633161996031877,9.846194478439914
2025-02-16 06:00:00,198.01770422837163,76.04088421070931,36.63104096826823,310.6896294073492,1.5689992499308762,9.05704049648564
2025-02-16 07:00:00,238.2846743441182,78.52914992836729,30.205042666387417,347.0188669388729,1.4563205455577328,6.60264579705128
2025-02-16 08:00:00,242.14244304614976,74.94328665623493,40.13287628690095,357.21860598928566,1.47524160364238,8.091561566452505
2025-02-16 09:00:00,251.9750595446929,83.08181509167223,46.63239607177154,381.6892707081367,1.5147898819741576,9.649583871078965
2025-02-16 10:00:00,262.22328912693274,87.88948478898058,43.74102545163739,393.85379936755066,1.5019787169891703,10.745363099028502
2025-02-16 11:00:00,273.9017082620573,71.59062313432244,47.14037596729391,392.63270736367366,1.4334803161870742,6.532436630338521
2025-02-16 12:00:00,276.95057002281624,77.02927809434162,37.8844415207264,391.86428963788427,1.4149250157008197,8.47882665280013
2025-02-16 13:00:00,312.7912003716682,120.10429218134395,33.39295819554353,466.2884507485557,1.4907339151309158,8.554414044791148
2025-02-16 14:00:00,344.90232557770867,103.38181337243789,48.21706453067128,496.5012034808178,1.4395414778638627,9.976332174863693
2025-02-16 15:00:00,328.269917215484,90.52800841608565,43.60223058735343,462.40015621892303,1.4085974131933412,15.444079292468949
2025-02-16 16:00:00,302.95717894440355,113.43079795965112,40.86996977686308,457.2579466809177,1.5093154361753227,13.998157659968827
2025-02-16 17:00:00,329.1358423676802,113.34901347728281,30.96289230793252,473.44774815289554,1.4384569749289213,11.611287810898768
2025-02-16 18:00:00,283.239477040355,110.79272526742707,41.70974399273307,435.74194630051517,1.538422365602773,14.072037069791273
2025-02-16 19:00:00,269.5419132662676,94.00961851035292,51.42441759945853,414.9759493760791,1.5395600051489733,13.73575107250677
2025-02-16 20:00:00,283.9568874997254,100.70180428597963,42.85014767571568,427.5088394614207,1.5055413630769359,14.038742657734034
2025-02-16 21:00:00,258.68908251698076,105.65684138118634,23.891157285293755,388.2370811834608,1.5007864939873383,14.450566581657977
2025-02-16 22:00:00,257.42806666765387,103.46265562574142,36.36254411550819,397.25326640890347,1.5431622182897697,17.960057841507776
2025-02-16 23:00:00,191.1996254917996,67.1747956085745,34.498221909436126,292.8726430098102,1.53176368550142,15.158629606540092
2025-02-17 00:00:00,244.0277594848107,82.6576557208591,43.24049128689799,369.92590649256783,1.5159173172492844,13.85000911461611
2025-02-17 01:00:00,227.8635820078617,70.36680680744315,34.77754041611986,333.0079292314247,1.4614355058279358,11.020435158506352
2025-02-17 02:00:00,212.9191045572316,69.51475046653482,35.38129728545579,317.81515230922224,1.492656814286926,14.043144089329779
2025-02-17 03:00:00,211.19454569222813,76.51751439234688,42.0414367440328,329.7534968286078,1.56137316779551,14.071841707935521
2025-02-17 04:00:00,181.56879035762336,62.92960606792092,39.83587353371164,284.33426995925595,1.5659864748739176,11.481882530831987
2025-02-17 05:00:00,223.68031433165007,68.15464837508642,39.97667692337467,331.8116396301112,1.4834190510754341,10.480816329957529
2025-02-17 06:00:00,220.4212092371511,91.21852575402157,37.951674638110866,349.59140962928353,1.5860152969815091,8.09256864433791
2025-02-17 07:00:00,258.6340908622438,91.53959909523651,35.255360598273384,385.4290505557537,1.4902484404542193,7.807478565660265
2025-02-17 08:00:00,260.95067329365605,81.14050239889038,39.4980353775133,381.5892110700597,1.4623039912245994,6.1354220999129305
2025-02-17 09:00:00,315.6062520215825,110.89643023844964,39.977021411814825,466.47970367184695,1.4780432918671935,6.642065849576258
2025-02-17 10:00:00,329.45504631963166,117.71966914459612,41.0543226542291,488.2290381184569,1.4819291541365114,9.88804661284575
2025-02-17 11:00:00,344.0557406667679,125.49469279632194,48.75978394226197,518.3102174053519,1.5064716443936814,9.069672064136945
2025-02-17 12:00:00,365.0780277708946,131.40150594927562,36.977172525619935,533.4567062457902,1.461212852230488,10.595647170743506
2025-02-17 13:00:00,366.9524988704024,131.6563729826636,44.02934252416851,542.6382143772346,1.478769639252081,10.09308374104932
2025-02-17 14:00:00,407.2662230066629,153.71414317016246,39.27460512502897,600.2549713018543,1.4738638693639812,8.453272264933322
2025-02-17 15:00:00,399.1166445396244,150.89347471074404,56.26845964073968,606.2785788911082,1.519051102442601,10.618874271203836
2025-02-17 16:00:00,389.30317031723956,128.6472145755872,44.32274701047722,562.273131903304,1.4443065835942535,14.00635221667516
2025-02-17 17:00:00,378.1234386767276,137.94481743762196,46.672893950366536,562.7411500647161,1.4882472031727854,14.582950815287681
2025-02-17 18:00:00,363.7469792410166,123.72379707708016,34.63106047375697,522.1018367918538,1.4353434298788008,15.432728168818274
2025-02-17 19:00:00,348.51884551010477,121.52813489382798,39.76962146024253,509.8166018641753,1.4628092811394153,12.924818140043456
2025-02-17 20:00:00,316.3666257834484,119.2948957167944,41.20651343381316,476.8680349340559,1.507327246523374,19.35988865858911
2025-02-17 21:00:00,276.277971577667,94.51107809150231,43.7861218625019,414.57517153167123,1.500572662975145,13.312812956491362
2025-02-17 22:00:00,241.81226571167107,96.16854165331972,33.5094505051576,371.4902578701484,1.5362754936224,15.8124643036386
2025-02-17 23:00:00,229.6484212268204,79.36465578651348,44.48615725137756,353.49923426471145,1.539306181058242,12.98845331039377
2025-02-18 00:00:00,252.8383985281189,85.6825576118117,36.312402955160714,374.83335909509134,1.4825017136525054,12.019472354120564
2025-02-18 01:00:00,208.55808585378136,84.93511772832044,44.54737639768156,338.04057997978333,1.6208461954181017,15.445104575066283
2025-02-18 02:00:00,224.15572134237746,68.95177877192403,41.910420692856334,335.01792080715785,1.4945767112294603,12.544160477366923
2025-02-18 03:00:00,235.72176317386047,72.45120570549412,44.91854940258574,353.09151828194035,1.4979164992139986,13.29492615144803
2025-02-18 04:00:00,217.39756837123647,91.5324541442208,35.45301910460094,344.3830416200582,1.5841163459196397,10.39004694385181
2025-02-18 05:00:00,218.89395449988154,82.46464887550982,38.30018680293221,339.65879017832356,1.551704755640053,8.828842460665122
2025-02-18 06:00:00,235.73792449788803,72.73233853107652,27.250998042230393,335.72126107119493,1.4241291968030483,11.674926268076991
2025-02-18 07:00:00,273.00583187596226,96.56337943595051,40.10849075900208,409.67770207091485,1.5006188668418199,8.614660092019642
2025-02-18 08:00:00,264.6571619642363,87.19828452725372,39.583676551373735,391.4391230428638,1.4790422452114098,7.095824200364746
2025-02-18 09:00:00,312.1866433484728,93.87291160444741,47.06304633865163,453.1226012915718,1.4514477507155288,4.921017972758802
2025-02-18 10:00:00,362.2201742134158,119.88464012001589,47.97696714628739,530.0817814797191,1.4634242353585785,6.231407905393426
2025-02-18 11:00:00,359.821454422957,127.95586191919902,35.28330209561741,523.0606184377734,1.4536671229807623,6.0479544184403276
2025-02-18 12:00:00,375.8913551549724,123.0640444330128,36.75144437387149,535.7068439618567,1.4251640443845686,9.903123860385406
2025-02-18 13:00:00,387.35171115872976,141.44578975448678,33.267300287847114,562.0648012010636,1.4510450967666941,9.40932412231864
2025-02-18 14:00:00,385.5730032413884,136.56117897541617,40.25871667791956,562.3928988947241,1.4585899276320375,11.539921427518724
2025-02-18 15:00:00,368.29897095078144,120.62785293091544,36.754398699927634,525.6812225816245,1.4273219966500401,13.88564398122715
2025-02-18 16:00:00,403.28340267311506,149.20102397182592,47.71881982843936,600.2032464733803,1.48829146574098,12.35420932514714
2025-02-18 17:00:00,395.4035003125049,137.14787145978872,47.184802278187114,579.7361740504807,1.4661887757500618,12.92270381153954
2025-02-18 18:00:00,339.38802819208087,112.00509531027289,36.68007141933337,488.07319492168716,1.4380978537211575,15.00300456042297
2025-02-18 19:00:00,349.34756909894304,115.21795207275915,43.840781254479495,508.4063024261817,1.4553022473792845,18.184403594852604
2025-02-18 20:00:00,348.3683198440156,111.75653524393381,33.76886648189304,493.89372156984246,1.417734315769548,15.341239188021968
2025-02-18 21:00:00,317.9922821592997,116.84162647459225,42.56264232665501,477.39655096054696,1.5012834516574618,16.830584900016788
2025-02-18 22:00:00,292.480583669106,115.50183124516536,48.07397464635888,456.05638956063024,1.5592706491470336,16.290629327672853
2025-02-18 23:00:00,244.24646532297018,87.16274323521075,39.810248127427364,371.2194566856083,1.5198560036262556,18.038420681606794
2025-02-19 00:00:00,222.93280393434637,76.47881677783639,39.24508312462702,338.65670383680975,1.5190976736494286,13.818938828702075
2025-02-19 01:00:00,225.71622040973077,76.73558256546666,27.10444006197209,329.5562430371695,1.4600467898981448,16.06449214406269
2025-02-19 02:00:00,236.8438760113025,84.99882942428596,36.07715964763169,357.91986508322015,1.511205909610007,14.627986879421904
2025-02-19 03:00:00,203.07495885543707,57.90138105145949,34.19363467866282,295.1699745855594,1.4535025699337059,11.190249062314784
2025-02-19 04:00:00,247.978587060408,86.22327572259807,37.64311530872829,371.84497809173433,1.4995043826149081,10.218581588212508
2025-02-19 05:00:00,205.58573417021682,79.71872858540084,45.47760183059866,330.78206458621634,1.608973822630815,9.41867996467198
2025-02-19 06:00:00,229.4336056687117,92.00510504669457,39.359515926217505,360.7982266416238,1.5725605043342896,6.225186686774627
2025-02-19 07:00:00,279.0936412323723,105.14465052550973,44.37159209356128,428.6098838514433,1.5357207063509712,7.3432552568786305
2025-02-19 08:00:00,254.20009955442168,101.68423331485134,40.05795402714844,395.9422868964215,1.5576008333216809,6.69027140986032
2025-02-19 09:00:00,315.1995340277082,100.07076982608687,61.91506296790844,477.1853668217035,1.5139152038840122,7.082665983282995
2025-02-19 10:00:00,336.2652995968094,114.84463436464002,46.81931945565152,497.92925341710094,1.4807631177351057,9.216843494527948
2025-02-19 11:00:00,357.71536137173524,139.1861216273726,32.679738091377075,529.5812210904849,1.4804542333873882,8.324638520794474
2025-02-19 12:00:00,366.5058035114207,109.18229223351503,38.92154805135159,514.6096437962873,1.4040968488518122,8.593218843855023
2025-02-19 13:00:00,377.7373919648878,148.157196579327,35.15514267301946,561.0497312172342,1.4852904243840017,8.991890737155138
2025-02-19 14:00:00,367.2475523407425,129.76087893164535,44.316726880587105,541.325158152975,1.4740061702323297,9.199605452066594
2025-02-19 15:00:00,387.8828301836252,132.97149090616278,33.47155994449713,554.3258810342851,1.4291065185119567,14.411047982580646
2025-02-19 16:00:00,379.7858100454632,139.74342109164292,35.17501000750367,554.7042411446098,1.4605712653619352,9.810499898770662
2025-02-19 17:00:00,353.6276696286973,122.2205148277468,47.708181039654676,523.5563654960988,1.4805299767572588,11.323356550197529
2025-02-19 18:00:00,343.1140701607647,111.42547480468694,36.52548618814928,491.0650311536009,1.4312005069436948,11.537443362089054
2025-02-19 19:00:00,359.82905629247995,109.96499930790804,40.7429489677186,510.53700456810657,1.4188320693955483,13.958905629136872
2025-02-19 20:00:00,316.68412051878045,110.4885375240191,45.96132467400112,473.13398271680063,1.4940249670293846,16.058839229180485
2025-02-19 21:00:00,287.197996075556,87.93092597162187,29.600998854169774,404.72992090134767,1.4092365769671715,12.2589684043234
2025-02-19 22:00:00,276.21747288226504,104.08936917301862,39.10697824574908,419.41382030103273,1.518418860054533,14.405641128288217
2025-02-19 23:00:00,224.4080876321535,76.01559728681246,38.57775780549058,339.0014427244565,1.5106471709706952,13.276195276543922
2025-02-20 00:00:00,248.29371416248614,75.76048665561743,37.56882380579581,361.6230246238994,1.4564324588066266,13.13434661256593
2025-02-20 01:00:00,239.54261167775044,90.76594369215424,35.37459182477388,365.68314719467855,1.5265891301486736,10.986991854822467
2025-02-20 02:00:00,249.61685150839403,81.01727629781749,33.157822106390036,363.7919499126015,1.457401404249216,12.479384508768977
2025-02-20 03:00:00,207.92816634273547,80.34750235654126,33.444670274000735,321.7203389732774,1.5472667538604377,9.137610741811041
2025-02-20 04:00:00,231.3166470056367,69.66369125911226,37.20551757164985,338.18585583639884,1.4620039682148687,8.860468437602119
2025-02-20 05:00:00,213.95854738709755,77.3853193471281,33.70097173033521,325.0448384645609,1.5191953882379097,8.009818489203527
2025-02-20 06:00:00,224.87122901801862,83.68370746486701,39.118052686949156,347.6729891698348,1.5460981410920125,7.715943086240583
2025-02-20 07:00:00,245.83005459987186,77.00953881572482,39.874836978697836,362.71443039429454,1.475468209062846,7.743020095838643
2025-02-20 08:00:00,281.28156519396396,92.49739908873268,30.421623645565017,404.20058792826165,1.4369963692769419,8.788176696263209
2025-02-20 09:00:00,293.0815452647049,105.12351482249204,54.371258008161675,452.5763180953586,1.544199303598599,5.674183000428897
2025-02-20 10:00:00,326.6494773374174,116.91801499222179,46.38299681618983,489.950489145829,1.4999273629320014,6.421474280165913
2025-02-20 11:00:00,331.8211915401691,109.72617517293313,28.974436454481136,470.5218031675833,1.4179980518532482,9.316856689741721
2025-02-20 12:00:00,346.7802029297498,114.59058871146054,36.70305231196128,498.07384395317166,1.43628107875025,7.746373579897478
2025-02-20 13:00:00,392.1395634256721,134.24414513178274,47.18747248458424,573.571181042039,1.4626710348514893,8.708896865904435
2025-02-20 14:00:00,364.48054905325876,127.11660994343084,44.39717915144392,535.9943381481335,1.4705704859707416,9.044241512493446
2025-02-20 15:00:00,383.85026281547556,130.20782908153402,49.13326835486281,563.1913602518724,1.4672162945023426,13.268218823447489
2025-02-20 16:00:00,409.8540682145541,132.60211587578266,40.04198854434604,582.4981726346829,1.421233111512636,11.711033920930777
2025-02-20 17:00:00,381.26895282957327,148.00021865078412,35.20210123373162,564.471272714089,1.4805067879901748,12.13153837681075
2025-02-20 18:00:00,368.84307669000555,128.97829177075369,37.44808893840874,535.269457399168,1.4512118871870154,13.224334455133562
2025-02-20 19:00:00,337.40255384992696,118.54606154208243,43.430469924636824,499.37908531664624,1.480069073628781,15.769160622681
2025-02-20 20:00:00,309.0991547388611,106.88842112557802,46.6654780770309,462.65305394147003,1.4967787742167629,15.54295937352568
2025-02-20 21:00:00,315.72380007425824,120.23757457096019,30.431740055161256,466.39311470037967,1.4772187417948346,14.012071659109033
2025-02-20 22:00:00,272.76724362321283,82.91323779901293,33.43596124844755,389.1164426706733,1.426551214515257,15.577240977082667
2025-02-20 23:00:00,254.783476223537,82.7323879479529,47.70464723134957,385.22051140283946,1.5119524904545305,14.394197076587899
2025-02-21 00:00:00,246.57999353729053,96.29537284724427,35.79245331836652,378.66781970290134,1.535679412878381,14.969639773566625
2025-02-21 01:00:00,205.0004706845298,82.58854924892394,34.713407884403665,322.3024278178574,1.5722033551515142,14.046808608614741
2025-02-21 02:00:00,213.00429426378673,73.88463015587602,39.84121415327447,326.7301385729372,1.5339133875315736,12.57238453430151
2025-02-21 03:00:00,147.86499155977071,51.90515749741392,30.243235238426063,230.01338429561068,1.555563503364037,13.017105656559481
2025-02-21 04:00:00,236.57190588273028,81.49754334126833,39.92860477144483,357.99805399544346,1.5132737450781863,10.765567277685687
2025-02-21 05:00:00,238.9454151775332,86.76797235561183,43.817977949776925,369.53136548292196,1.5465095457402487,9.25096358075229
2025-02-21 06:00:00,207.93235136383595,80.35479078101147,40.34079331926961,328.627935464117,1.5804560151829876,8.848540394240574
2025-02-21 07:00:00,257.8565036335286,98.39759756687396,41.568091675114374,397.8221928755169,1.5428045725808441,9.752624301953032
2025-02-21 08:00:00,276.53082441138145,72.54843241203933,41.528805447545935,390.60806227096674,1.4125299163390124,6.836171323175437
2025-02-21 09:00:00,272.4636848005984,98.0338207075139,41.827743462227495,412.32524897033977,1.5133218552487042,8.439826930486596
2025-02-21 10:00:00,313.3685179718453,110.33284991615272,37.46722807645374,461.16859596445175,1.471649414399329,6.593453028922004
2025-02-21 11:00:00,327.71259490403656,103.655981319728,37.964743265074375,469.3333194888389,1.4321491660284613,11.760931469314023
2025-02-21 12:00:00,346.20176734125045,104.18096698105867,37.12085306273806,487.5035873850472,1.4081487542047,7.723117922982052
2025-02-21 13:00:00,367.10522113125444,121.33000283078648,45.74889467956916,534.1841186416101,1.4551253643178734,9.80200736733857
2025-02-21 14:00:00,391.79751856224647,132.2041064496127,43.659480871191256,567.6611058830505,1.4488634536690252,10.540111781760205
2025-02-21 15:00:00,372.4802519292305,121.35958526188328,37.993927728644415,531.8337649197582,1.4278173464637909,10.406778112545734
2025-02-21 16:00:00,372.0249220425929,115.45561033474722,50.955081152841466,538.4356135301816,1.4473106010584325,11.629526400618941
2025-02-21 17:00:00,360.6412959202829,127.89946385559543,43.00671895918503,531.5474787350634,1.473895210415831,11.05027255992659
2025-02-21 18:00:00,332.1251004561696,128.53151652821705,49.75299289190759,510.40960987629427,1.536799263817318,16.766948609665683
2025-02-21 19:00:00,341.85901792399056,124.67751658829901,35.444012117977195,501.98054663026676,1.4683846858235516,16.29219570586956
2025-02-21 20:00:00,350.34245843214126,125.90516379433889,43.599229462022166,519.8468516885023,1.4838248667173544,16.528534873688354
2025-02-21 21:00:00,314.28093146440415,97.68816325289575,44.64398982304478,456.61308454034463,1.452881924502191,16.605748753339412
2025-02-21 22:00:00,251.48363493538852,78.46978285101798,28.6263681912313,358.57978597763775,1.4258573368790557,18.556685130712445
2025-02-21 23:00:00,256.9256686454837,72.35513798690066,37.03252717264731,366.3133338050317,1.4257560785430334,12.212882582129755
2025-02-22 00:00:00,175.47658085600648,74.60672505348369,37.793847842291704,287.87715375178186,1.6405445806355758,13.132639086283087
2025-02-22 01:00:00,196.04987637896878,83.33674762510962,25.91139365507175,305.2980176591501,1.5572466726222374,13.882025226998739
2025-02-22 02:00:00,139.22602228514728,40.0,27.04218957957189,206.26821186471918,1.4815349061848764,12.961305893279778
2025-02-22 03:00:00,192.06091528510626,71.44597763195077,39.27842324283037,302.78531615988743,1.5765066812808608,10.707898741865623
2025-02-22 04:00:00,144.19629571928485,50.552422888360134,33.01316531147378,227.76188391911876,1.579526594514715,9.529256625976567
2025-02-22 05:00:00,189.98270207270076,66.39830481331524,42.16758655314002,298.54859343915604,1.571451454169287,7.723698016557433
2025-02-22 06:00:00,215.41703250512734,92.49213376952468,38.883123348664704,346.7922896233167,1.60986476134408,7.066950941136163
2025-02-22 07:00:00,209.1896200958217,75.4926685343608,40.684808579238386,325.3670972094209,1.5553692246316178,9.038419817812503
2025-02-22 08:00:00,251.97633264990606,82.53070459784618,40.44132563737259,374.9483628851248,1.4880300818016712,7.516101382678157
2025-02-22 09:00:00,240.81855126893944,90.16720408837821,40.667694702224395,371.653450059542,1.5432924419700949,4.352284487830626
2025-02-22 10:00:00,292.9203491608904,91.33582682921269,39.75616598270897,424.01234197281207,1.4475346051834646,7.953876497660887
2025-02-22 11:00:00,272.70213213178283,84.14906417988331,40.58793077096125,397.4391270826274,1.4574111466446682,8.080471544886619
2025-02-22 12:00:00,297.1009754531972,90.64007994284347,39.41381505736333,427.154870453404,1.437743076413071,8.0482068494733
2025-02-22 13:00:00,319.50726212755256,104.39652619277159,35.660563825341235,459.5643521456654,1.438353385414444,7.337274793179461
2025-02-22 14:00:00,360.3211869592712,133.83713824145005,49.52791067173396,543.6862358724552,1.508893330588164,9.717908501578545
2025-02-22 15:00:00,307.3575137157692,93.55140106297333,45.711320666343426,446.620235445086,1.4530968514343883,10.80150649619969
2025-02-22 16:00:00,302.61762674923483,98.07246089057567,32.231475494156776,432.92156313396725,1.4305893803493122,13.500810686782028
2025-02-22 17:00:00,332.63084587279644,114.09236863560807,41.53471761674635,488.2579321251509,1.4678672714311913,11.726943790243215
2025-02-22 18:00:00,300.79083516489015,113.5954558218947,43.13379072731361,457.52008171409847,1.5210572538331864,9.500505885645378
2025-02-22 19:00:00,270.63471628636387,95.99341355315637,51.67845997466517,418.3065898141854,1.5456501499665956,14.394207362138001
2025-02-22 20:00:00,261.9103013517569,72.84690245948298,34.12015408615537,368.87735789739526,1.4084110323021504,17.164108361273605
2025-02-22 21:00:00,262.29595672512676,86.00974338566002,41.96120435251666,390.2669044633035,1.487887611139519,14.510021155557187
2025-02-22 22:00:00,213.6913640330354,68.5570987174817,45.8806147678688,328.1290775183859,1.5355280219356882,14.785426462256524
2025-02-22 23:00:00,194.051417962267,58.13250991727543,25.74094280537565,277.92487068491806,1.4322228283792293,14.54661663703833
2025-02-23 00:00:00,202.79379037804753,68.10883425790476,35.71601063224711,306.6186352681994,1.5119725051570954,10.827606937507106
2025-02-23 01:00:00,194.23000789143472,73.71867897504987,40.3489644704941,308.2976513369787,1.587281258358916,12.317686505256743
2025-02-23 02:00:00,165.66962603565094,61.636954260673726,35.018308074364114,262.32488837068877,1.5834217451196413,10.295177968593725
2025-02-23 03:00:00,170.5503847389837,65.09130231675461,47.12197913819159,282.7636661939299,1.6579479819214795,11.217593300379967
2025-02-23 04:00:00,197.3737256251064,67.24900721781904,42.564790740668826,307.18752358359427,1.556374956244527,10.625527069358526
2025-02-23 05:00:00,161.3653594286516,58.705436036330404,40.42186557072818,260.49266103571017,1.6143034785039359,8.66930572611846
2025-02-23 06:00:00,177.3633683738695,81.65203282950733,44.39174286734385,303.4071440707207,1.7106528075806486,7.220139074934329
2025-02-23 07:00:00,235.33801050583116,97.81570251591823,46.66857245445719,379.8222854762066,1.6139436407226508,6.834964585564204
2025-02-23 08:00:00,244.46238154687543,58.34245673921152,37.249128446200885,340.05396673228785,1.3910277915994318,7.287264864667835
2025-02-23 09:00:00,278.5125055464914,110.09798478130175,42.29809165978861,430.9085819875818,1.547178576926239,6.421759014229497
2025-02-23 10:00:00,274.0504579339196,91.57740753394026,41.2702435273028,406.8981089951626,1.4847561725048308,8.269076828631304
2025-02-23 11:00:00,288.60094675977115,88.88224300945411,35.967688932412386,413.45087870163763,1.4326040276153025,6.928650097136261
2025-02-23 12:00:00,310.0895850950109,120.95343641199375,43.61024972672396,474.65327123372856,1.5306972373428656,9.74034927781201
2025-02-23 13:00:00,285.30816702052414,110.79597150322981,37.53318848441835,433.6373270081723,1.5198910411035582,8.927634284337309
2025-02-23 14:00:00,301.07952933741944,119.07023181730476,27.926719354545696,448.0764805092699,1.4882329645437673,10.916090274285834
2025-02-23 15:00:00,332.96126076899816,117.99564193840968,33.207477577791735,484.16438028519957,1.4541162511428112,9.94515293583971
2025-02-23 16:00:00,331.067952428322,108.30063968441698,34.427429764481744,473.7960218772207,1.4311141214424858,12.278003594342055
2025-02-23 17:00:00,327.5200260373068,111.35916603550868,40.12841941889854,479.00761149171404,1.4625292300054706,10.634572707495703
2025-02-23 18:00:00,311.88487538296044,104.66907902899035,39.27301198160011,455.82696639355095,1.4615231528423602,13.276467628275997
2025-02-23 19:00:00,288.4567283613806,110.76393608902553,34.55168227473821,433.77234672514436,1.5037692106862952,12.63813989213603
2025-02-23 20:00:00,247.61317550782567,86.36456722712134,49.326356401556666,383.3040991365037,1.547995571521555,14.621028736189754
2025-02-23 21:00:00,257.5570269951586,99.0621558923624,41.60262972664282,398.2218126141638,1.5461500595037128,16.844710165635156
2025-02-23 22:00:00,234.0879187926909,73.85477589468843,46.46193727424319,354.40463196162256,1.513980874320492,14.539624058501534
2025-02-23 23:00:00,183.65415142154356,60.930644582508684,43.441612067494695,288.02640807154694,1.568308725079873,13.249881195275263
2025-02-24 00:00:00,252.67428151614692,91.53538102246944,33.22668595272924,377.4363484913456,1.4937663866167,13.722189750630005
2025-02-24 01:00:00,229.45174993191387,83.09946517780003,52.43846503775784,364.98968014747174,1.5907034060789538,10.368218700547503
2025-02-24 02:00:00,226.8616530733909,75.34980334861707,37.017196927229016,339.228653349237,1.4953106827600116,14.986063702802184
2025-02-24 03:00:00,196.4918875819628,68.7034821357234,37.460841165414465,302.6562108831007,1.5402987604608027,9.769883286697947
2025-02-24 04:00:00,206.01052550424802,66.92177627107283,43.271736585091695,316.20403836041254,1.5348926351527232,9.876644028079047
2025-02-24 05:00:00,274.8442758405329,79.94285568075402,50.33387251286787,405.12100403415474,1.4740019700072255,5.366105501826615
2025-02-24 06:00:00,229.9272734065849,81.08121838054714,38.252798780066506,349.2612905671985,1.5190076644348012,7.061840713234275
2025-02-24 07:00:00,252.18656564234934,78.23345020322527,33.56787015176248,363.98788599733706,1.4433278199027628,6.127420434895412
2025-02-24 08:00:00,294.7359593000687,117.1490306951007,40.24845948663786,452.13344948180725,1.5340287983709961,6.9325939671531165
2025-02-24 09:00:00,263.197300214336,94.66787926208265,34.9336215039415,392.7988009803601,1.4924119687416342,7.066795819499556
2025-02-24 10:00:00,328.3130472432312,130.98417619390264,52.22907478732769,511.5262982244616,1.5580443802633788,3.7070123046849184
2025-02-24 11:00:00,358.1680509938681,126.44474883556187,47.96352903270787,532.5763288621379,1.4869453804835755,5.923677925287158
2025-02-24 12:00:00,380.9407716738025,141.70056738317288,47.013001674689605,569.6543407316649,1.4953882154138565,6.188228712200034
2025-02-24 13:00:00,391.4081351342137,151.02421092878802,44.97740751119367,587.4097535741953,1.5007602061535403,8.924237827898358
2025-02-24 14:00:00,362.0983338278949,125.74335666992675,40.0967841991893,527.938474697011,1.4579975254675979,11.792805939684682
2025-02-24 15:00:00,396.11304433313063,130.85959398132093,48.71887166752508,575.6915099819767,1.4533515576372202,10.434596816990892
2025-02-24 16:00:00,397.7774383020012,137.3935995186192,42.268866226824244,577.4399040474447,1.4516658021439612,10.5330388267965
2025-02-24 17:00:00,338.81129623237143,112.32125901628011,36.24783817439871,487.38039342305024,1.4385010147028383,12.937578040802672
2025-02-24 18:00:00,373.62531275477943,139.31114839898507,44.28012451264769,557.2165856664122,1.491378037419346,12.94588975139016
2025-02-24 19:00:00,338.75450504036223,127.22563902769195,35.551011477347025,501.5311555454012,1.480515087129673,14.716187811656447
2025-02-24 20:00:00,328.38914708139106,108.28265787117755,34.53904422458922,471.2108491771578,1.4349160237636247,14.679353112650004
2025-02-24 21:00:00,303.55307629737774,105.61054935100373,41.05372041532712,450.2173460637086,1.4831585683640058,13.716548570923244
2025-02-24 22:00:00,276.5650323852231,87.15768628548669,46.22967761288006,409.95239628358985,1.4823001763743349,15.070085972439854
2025-02-24 23:00:00,266.4512217742605,81.8109327402531,41.38967784201789,389.65183235653143,1.4623758516170267,15.605130237881898
2025-02-25 00:00:00,245.26662927321837,81.25681081303784,29.29656934944176,355.82000943569795,1.4507477453825446,13.100008113326766
2025-02-25 01:00:00,241.8078147765015,81.74416586505578,38.51218242163777,362.06416306319505,1.4973220092073711,15.21575386024094
2025-02-25 02:00:00,222.6078981577974,75.44871112269504,38.11617089378048,336.17278017427293,1.5101565710663787,11.421441736853078
2025-02-25 03:00:00,197.62949174794707,58.98614849685046,32.84030584054939,289.4559460853469,1.4646394296986482,11.748687062903814
2025-02-25 04:00:00,244.1529373184183,79.09540654501,45.89540582258959,369.1437496860179,1.5119365498543629,9.490595175837736
2025-02-25 05:00:00,227.65712940347794,58.63359619973751,42.561967460126795,328.85269306334226,1.4445086517827206,10.742822399037752
2025-02-25 06:00:00,210.90157387058832,65.20355287829454,38.339564599873015,314.4446913487559,1.4909546931200373,8.846692492245552
2025-02-25 07:00:00,266.5306326774488,90.08722501111927,33.56637561167069,390.18423330023876,1.4639376696802937,6.504979770206801
2025-02-25 08:00:00,285.00071996912226,102.99419575444696,35.752333905780965,423.74724962935016,1.4868286988020945,7.113470012448434
2025-02-25 09:00:00,317.51236780829,131.5410653178579,28.398742558376362,477.4521756845242,1.5037278043065203,9.032728847891152
2025-02-25 10:00:00,350.06517544045045,117.19509454710479,32.89661531486155,500.1568853024168,1.4287536161605383,5.138999478939958
2025-02-25 11:00:00,351.4639504238961,111.49521623349831,42.792968567076386,505.7521352244708,1.438987226469428,8.239444942564107
2025-02-25 12:00:00,351.94690828654205,113.0115862223555,46.605347179266786,511.56384168816436,1.4535256018548917,6.895361802856276
2025-02-25 13:00:00,397.837591105029,141.543174911975,40.043416470073375,579.4241824870774,1.4564339706503742,7.370142073873258
2025-02-25 14:00:00,380.350596278524,132.39109163026893,47.1990682625796,559.9407561713726,1.4721700495543273,5.616552710814359
2025-02-25 15:00:00,388.9934768082002,127.61388701489149,45.96081482476685,562.5681786478586,1.4462149423786927,12.265632873897772
2025-02-25 16:00:00,398.92601395888255,127.41097606782874,52.91270138931505,579.2496914160264,1.452022859245599,10.836274748649865
2025-02-25 17:00:00,371.28250800514274,125.78478145188993,41.6385978519946,538.7058873090273,1.4509325801622885,10.201610064235714
2025-02-25 18:00:00,356.24734470762826,113.19972915874658,56.098532827293724,525.5456066936686,1.4752267336195395,12.61179762581477
2025-02-25 19:00:00,372.02518050327706,143.82384076773045,45.03600514280762,560.8850264138151,1.5076533950068858,15.526596798480385
2025-02-25 20:00:00,327.39323069619707,113.64133156976457,31.657366323940472,472.69192858990215,1.4438048324479082,15.090348717202712
2025-02-25 21:00:00,310.47437638008483,113.38454062790825,46.246964305560425,470.10588131355354,1.5141535568721032,13.795544030653728
2025-02-25 22:00:00,274.06534496024653,92.7214561723562,39.407497249706886,406.19429838230957,1.482107482218259,14.272062121696859
2025-02-25 23:00:00,255.38394432189344,78.05545515984404,36.995807426549604,370.4352069082871,1.4505031155810628,13.747316960370483
2025-02-26 00:00:00,228.50124956604787,69.93980800848541,34.003961635550965,332.44501921008424,1.4548936596252249,12.378599695916758
2025-02-26 01:00:00,226.96982696588015,99.91245413342492,44.32890976748184,371.21119086678686,1.6355089829741563,13.680614991112574
2025-02-26 02:00:00,212.0450923529791,86.75978342387117,32.8843634446544,331.6892392215047,1.5642391697958327,12.029846358945568
2025-02-26 03:00:00,209.75349499829736,71.62662234439406,25.39882729654328,306.7789446392347,1.4625689295032958,10.10555193892591
2025-02-26 04:00:00,204.69240377006702,80.29576969610687,45.802814705707505,330.7909881718814,1.6160393941314117,7.879290330334034
2025-02-26 05:00:00,269.4210109484452,94.74764543473421,40.64233701212435,404.81099339530374,1.5025219895443342,8.741888534762888
2025-02-26 06:00:00,256.69375051630306,96.80131054035459,37.55515773099502,391.0502187876526,1.5234115283333178,6.379176703563594
2025-02-26 07:00:00,243.66890759420897,62.09247099092537,37.81459051050454,343.5759690956389,1.410011529529278,7.5122302858440495
2025-02-26 08:00:00,252.43803647144185,80.59380385136869,48.37456271768857,381.4064030404991,1.5108911809478733,5.571962733626256
2025-02-26 09:00:00,315.58305993896425,111.21624536409202,23.194081290116035,449.9933865931723,1.425911095101885,7.797081140555518
2025-02-26 10:00:00,324.40200263359407,111.81823595211591,42.364805345984706,478.5850439316947,1.4752838763213416,4.7481838968799055
2025-02-26 11:00:00,335.09498756758296,123.46999967820544,48.68850434158216,507.2534915873706,1.5137603079934647,5.530020116777363
2025-02-26 12:00:00,373.69510907759565,144.0152158268783,45.294805918391944,563.0051308228659,1.506589508791139,7.752125510177346
2025-02-26 13:00:00,366.00520067142725,133.36104087039706,50.610108424265945,549.9763499660903,1.5026462710288615,7.2587294712318275
2025-02-26 14:00:00,417.79987470249387,134.43361484152794,39.7684350560222,592.001924600044,1.416950938584162,9.698065691928482
2025-02-26 15:00:00,390.50187804110476,143.2198790226955,50.64415337591409,584.3659104397144,1.496448399611034,10.23351895203453
2025-02-26 16:00:00,367.81978967154555,122.22903162091276,40.80707558363931,530.8558968760976,1.4432499603953868,12.893311873793424
2025-02-26 17:00:00,349.57773569736474,111.07043720505784,38.966679054009134,499.6148519564317,1.429195286020608,10.670018018055535
2025-02-26 18:00:00,394.6032118827891,147.41491832532466,41.95810019650107,583.9762304046147,1.4799074432726007,15.33755145164196
2025-02-26 19:00:00,336.17411051248354,122.43592162359526,37.16273483769848,495.77276697377727,1.474749992549968,9.0114249806035
2025-02-26 20:00:00,317.8262231666446,109.93289390940649,27.99015532683003,455.7492724028811,1.4339574244757012,16.04284977933274
2025-02-26 21:00:00,305.1661610369594,109.75521975156423,43.02382901570436,457.94520980422794,1.5006421690010547,15.668207010339474
2025-02-26 22:00:00,262.0575019041878,93.78492454608228,42.16551872677386,398.00794517704395,1.5187809632809584,10.764796220979914
2025-02-26 23:00:00,232.77827287699256,92.42201857305352,33.00368393528256,358.2039753853286,1.5388204876604397,14.026578053069073
2025-02-27 00:00:00,223.78616062695855,74.86463805141538,42.39291425213936,341.04371293051327,1.5239714197475231,15.67575103519992
2025-02-27 01:00:00,227.3035009407373,75.46149472558648,33.513360385639515,336.2783560519633,1.4794244464348925,10.661019767945772
2025-02-27 02:00:00,213.70471829671575,77.4766871523197,32.01738695699814,323.1987924060336,1.5123615191186004,11.183777243974518
2025-02-27 03:00:00,195.27090051353508,45.364380942212705,29.046407663010825,269.68168911875864,1.3810644003255663,9.136623438783472
2025-02-27 04:00:00,206.9312304042966,93.07153053316742,41.64937111895508,341.6521320564191,1.6510419011616007,9.96674712853192
2025-02-27 05:00:00,249.58409608387137,93.52707029578764,46.268471819450745,389.37963819910976,1.5601139828567476,10.881164651917267
2025-02-27 06:00:00,255.68684429089882,85.28735190009743,37.49745435451659,378.4716505455129,1.4802155800981294,7.892448306484708
2025-02-27 07:00:00,249.0616340356367,84.24852217583782,29.165055912646352,362.47521212412084,1.4553635028037135,9.413367670124439
2025-02-27 08:00:00,282.2417180775398,80.88762159854727,32.85730048855532,395.9866401646424,1.4030053489677723,7.547604495575169
2025-02-27 09:00:00,299.48848402902297,112.78129824324374,24.70273563385615,436.97251790612285,1.4590628395039607,5.511303465958338
2025-02-27 10:00:00,332.4632049457424,115.39777005216628,32.90849071241163,480.7694657103203,1.446083231342191,7.15654723153586
2025-02-27 11:00:00,383.4652349322788,132.25476879039797,55.26636920516854,570.9863729278453,1.4890173108617875,6.347430812358089
2025-02-27 12:00:00,355.72594483141637,133.95635078948584,50.223383775413716,539.9056793963159,1.5177573838539806,8.397942990601852
2025-02-27 13:00:00,387.80700407052456,117.72709408640708,47.87974775462062,553.4138459115522,1.427034169323335,7.031959610225943
2025-02-27 14:00:00,390.22900848516946,127.04443953071682,50.55921347008152,567.8326614859678,1.4551267310706557,7.565539174552499
2025-02-27 15:00:00,396.8343008711053,138.9034741047152,52.744585430334034,588.4823604061545,1.482942273675324,12.32364504857058
2025-02-27 16:00:00,387.2713129997085,140.1911001101228,37.87751041363278,565.3399235234641,1.4598032556155007,13.092720077331723
2025-02-27 17:00:00,362.96736419113824,113.44605937373191,53.899204530309945,530.3126280951801,1.4610476875158342,12.216396983992233
2025-02-27 18:00:00,353.46899599401473,109.70174011302737,42.102897432814544,505.27363353985663,1.4294708709004067,15.175431026608713
2025-02-27 19:00:00,308.6936668638473,120.35369114941102,46.32399359156555,475.3713516048239,1.5399452681822967,11.90155908616717
2025-02-27 20:00:00,304.29105837329837,109.66704085983703,39.52594267614347,453.48404190927886,1.4902969687428456,14.246964519475993
2025-02-27 21:00:00,293.61611283885645,86.75146460527066,32.09745047350869,412.4650279176358,1.4047765428459522,14.573971345012332
2025-02-27 22:00:00,291.68820237911757,105.27285791483746,37.60520025820977,434.5662605521648,1.4898314604693663,16.415603407647264
2025-02-27 23:00:00,270.854875844888,79.75044998433604,51.75996814326202,402.3652939724861,1.4855383079864175,13.54056213330953
2025-02-28 00:00:00,236.74839122182547,94.7935588145917,34.874784665625455,366.4167347020426,1.5477052782112557,12.270623469546813
2025-02-28 01:00:00,211.77535756831625,67.74595773818692,30.6205268268828,310.141842133386,1.4644850359104593,11.461250209780335
2025-02-28 02:00:00,193.33157940682955,71.83870373246752,21.231783218669975,286.40206635796704,1.4814034377450997,8.595489280892018
2025-02-28 03:00:00,182.20430393776496,67.12736740679533,34.62613900473808,283.95781034929837,1.5584583031929315,10.765469409059598
2025-02-28 04:00:00,215.52188928948118,84.943941087529,32.16791738269451,332.6337477597047,1.5433873044464783,10.23800967560112
2025-02-28 05:00:00,233.56596318851302,80.60695467251728,38.2442061181619,352.41712397919224,1.508854797026883,9.75562910485197
2025-02-28 06:00:00,235.9968122407747,79.96930201169361,44.19319179605512,360.1593060485234,1.5261193684305892,6.5272811948887846
2025-02-28 07:00:00,236.83152851094334,87.4480682916891,40.159476736896444,364.4390735395289,1.538811474261499,6.903393190238451
2025-02-28 08:00:00,259.09555531993306,92.58485263941144,43.288142929294935,394.96855088863947,1.524412683964916,7.564825326706044
2025-02-28 09:00:00,328.4937384757015,115.16047485109642,33.88163962472027,477.53585295151817,1.4537137151149724,8.27666759854303
2025-02-28 10:00:00,331.07323956847773,110.15681755287093,40.81650754359487,482.0465646649435,1.4560118640009838,7.11295276698768
2025-02-28 11:00:00,338.4031143856072,116.99862106588762,34.738725955374136,490.14046140686895,1.4483922888734366,6.5709339584110715
2025-02-28 12:00:00,381.38139026574913,129.2109190523082,36.69390258933388,547.2862119073912,1.4350102702337901,9.525216060065492
2025-02-28 13:00:00,381.31463719737167,139.29155972007868,41.0574200197607,561.663616937211,1.472966317436404,9.418823656245241
2025-02-28 14:00:00,359.1359531890909,109.57578941110674,44.250172958004214,512.9619155582019,1.4283223692953937,7.006717309245753
2025-02-28 15:00:00,395.456482312549,145.9492634708372,46.234194691064545,587.6399404744508,1.4859787783425678,10.096795680327785
2025-02-28 16:00:00,392.53819020340455,126.87882909494154,51.911784349681454,571.3288036480276,1.4554731689978437,10.117543075392419
2025-02-28 17:00:00,401.84369760848693,134.37605767601895,38.80554640329822,575.0253016878041,1.430967575477684,15.050863024914602
2025-02-28 18:00:00,351.0479564700323,117.39079810290289,35.44731628554137,503.88607085847656,1.4353767386237197,12.071900680827968
2025-02-28 19:00:00,359.06732962232974,120.81939007319355,49.121686931512166,529.0084066270355,1.4732847100944864,13.68354014227889
2025-02-28 20:00:00,336.7025601799172,103.08699754325852,43.23772287303756,483.0272805962133,1.4345815497752894,13.590784643477345
2025-02-28 21:00:00,306.9136679225774,110.41421540585013,42.85382289967332,460.1817062281009,1.4993848574517936,13.680933662624291
2025-02-28 22:00:00,277.98886718538364,104.4344529059509,39.77042994565447,422.193750036989,1.518743373832445,14.379024616937471
2025-02-28 23:00:00,256.34040365256595,94.94354794903968,41.796002866028815,393.0799544676344,1.5334295681316008,14.451161880054
2025-03-01 00:00:00,192.28231603332765,82.80280283913223,28.29982453124536,303.3849434037052,1.5778099081723176,11.976455549688227
2025-03-01 01:00:00,185.51104693018746,77.21021439132319,39.39251881083175,302.1137801323424,1.6285487313649603,11.13364966692056
2025-03-01 02:00:00,187.6225065932475,65.60223799836156,29.263836905007125,282.4885814966162,1.5056220419708586,9.326505333870655
2025-03-01 03:00:00,171.25442847393109,63.61855275052692,34.729581917424085,269.6025631418821,1.5742808261622379,11.177689459764718
2025-03-01 04:00:00,163.55008432303006,67.7792508341554,42.03110275000368,273.3604379071892,1.671417285039555,8.69279803047322
2025-03-01 05:00:00,175.63811049768,60.24202967281517,25.439947645453252,261.3200878159484,1.4878324930476872,7.622707854464447
2025-03-01 06:00:00,188.65713615592904,66.5669860137928,31.05494712465629,286.27906929437813,1.51745688038942,8.451542106311763
2025-03-01 07:00:00,204.41501226015652,73.64231857454668,23.706699507875665,301.76403034257885,1.476232234639046,7.016206656927039
2025-03-01 08:00:00,227.5579767504092,76.46097470066319,41.275713980831476,345.29466543190387,1.5173920526224003,7.808039661373849
2025-03-01 09:00:00,219.47630159939365,57.154039556939665,35.639439372360066,312.2697805286934,1.4227949817501213,7.212164201014647
2025-03-01 10:00:00,271.5180243673252,89.30469111974814,32.65282692076615,393.4755424078395,1.449169141992294,4.4846424537352245
2025-03-01 11:00:00,318.17836126627486,141.4873786142246,36.85089560201414,496.5166354825136,1.5604978085451646,8.829396204285052
2025-03-01 12:00:00,314.28744170354196,121.27478049482949,43.72894737469024,479.29116957306167,1.5250089757807213,7.859816569578985
2025-03-01 13:00:00,300.07336014560246,95.98129854995605,34.41061085357739,430.4652695491359,1.4345334398903797,7.016807993363584
2025-03-01 14:00:00,291.2251691353551,98.7875946783298,35.24427894562902,425.2570427593139,1.4602345120852647,8.366164353899903
2025-03-01 15:00:00,315.9010342098217,109.69573420853987,44.833103825085814,470.4298722434474,1.4891685094357352,11.971982154545614
2025-03-01 16:00:00,312.358199947195,91.11256073904184,47.897541895667544,451.36830258190435,1.44503426725538,7.752976793940279
2025-03-01 17:00:00,310.61382736700386,96.97525270576264,27.668733325011388,435.25781339777785,1.4012827989254375,12.914085331542692
2025-03-01 18:00:00,281.7183710374051,106.70009973944015,42.76112263155962,431.17959340840486,1.530534170777081,11.963713694506962
2025-03-01 19:00:00,266.7183545953586,95.10030801309792,44.85872789843124,406.6773905068878,1.52474467354848,13.473463278649163
2025-03-01 20:00:00,276.0553276411135,79.57777878645672,37.92505520741204,393.5581616349822,1.4256495790098591,10.281710920373492
2025-03-01 21:00:00,240.71458296213774,78.7508560250845,33.38287167227358,352.84831065949584,1.4658368691978905,14.181016394167841
2025-03-01 22:00:00,245.88783538316963,78.84361068722916,41.73687892927536,366.4683249996741,1.490388186258188,13.897704661485452
2025-03-01 23:00:00,189.79990934976325,58.92904055989675,36.891801185267,285.620751094927,1.504851883614892,17.949418868922432
2025-03-02 00:00:00,163.5257317456806,58.25703275343162,39.53654200278693,261.3193065018991,1.5980317208322272,12.666565763457918
2025-03-02 01:00:00,190.16382246311505,44.28725859013938,28.064070422131724,262.5151514753862,1.3804684196769588,11.649295154824847
2025-03-02 02:00:00,157.4554715646593,55.047845011093465,39.67393178689135,252.17724836264412,1.601578184973313,10.659465871558506
2025-03-02 03:00:00,158.11731715155085,56.21605384908722,36.55635075064409,250.88972175128217,1.5867314616198027,8.395743549292035
2025-03-02 04:00:00,187.10555232331134,68.60727778008513,34.332215429214706,290.0450455326112,1.5501680304570775,9.855000802382868
2025-03-02 05:00:00,174.59563387887735,63.764902086358,27.135469099525857,265.4960050647612,1.5206337018080556,5.496543083357231
2025-03-02 06:00:00,206.86664984599076,80.28089468207965,44.78403320686057,331.93157773493095,1.604567860416598,7.473736666287597
2025-03-02 07:00:00,197.52791606924333,70.54341560834864,36.872665500345946,304.9439971779379,1.5438020268033399,5.410476715921404
2025-03-02 08:00:00,228.4529736345773,84.94281080962091,34.976393260842016,348.3721777050402,1.5249185517816024,5.222230972732298
2025-03-02 09:00:00,253.43786855029148,85.55747475927814,37.68758922888738,376.682932538457,1.4862930101691143,4.234690794214313
2025-03-02 10:00:00,281.86788211590624,90.27716204972909,39.813998272178324,411.95904243781365,1.461532400730967,4.266764588233819
2025-03-02 11:00:00,295.56985276715835,91.91163384156474,33.44840554376775,420.9298921524909,1.4241299923239723,9.427769730540554
2025-03-02 12:00:00,291.0813185798731,89.61702348296748,49.10545454978243,429.803796612623,1.476576369481727,8.610746558578745
2025-03-02 13:00:00,303.7207372693918,91.47129425587615,44.04146368461849,439.2334952098864,1.446175520179574,9.856733723755081
2025-03-02 14:00:00,333.1131121725596,116.95799323276626,40.1653969059947,490.2365023113206,1.4716817933524267,7.716775298382898
2025-03-02 15:00:00,337.889550314617,114.1489643933661,32.90393262798659,484.9424473359697,1.4352099580600473,9.456834150400924
2025-03-02 16:00:00,334.30044178140474,113.78500925813465,37.84086425544788,485.92631529498726,1.4535616905128979,10.142710713424691
2025-03-02 17:00:00,284.841359082529,106.04014410551673,42.74112424304062,433.62262743108636,1.5223302852780238,10.705213053764362
2025-03-02 18:00:00,270.54634883614807,91.91377315924137,47.905518551953236,410.36564054734265,1.5168034693969343,13.74812890131191
2025-03-02 19:00:00,284.3860683552732,110.80074708452888,36.48371318539064,431.67052862519273,1.5179032191053832,13.669322578875668
2025-03-02 20:00:00,246.24450553226652,79.32048433095161,41.54946099281287,367.114450856031,1.4908533697533664,12.104255680432756
2025-03-02 21:00:00,237.7916084116767,69.00196666620167,37.45846142093802,344.2520364988164,1.4477047310384061,13.28878687613959
2025-03-02 22:00:00,228.0181570007984,69.40309071955251,38.33463989540471,335.7558876157556,1.4724962785072417,11.82261093058806
2025-03-02 23:00:00,203.72993249660178,69.20568754742543,36.264134776902885,309.1997548209301,1.5176942878832376,11.501773286731472
2025-03-03 00:00:00,238.79498125742984,64.06229521661548,39.740633511722734,342.59790998576807,1.4346947669575802,12.879012262270958
2025-03-03 01:00:00,250.7190693087999,80.74595074943379,37.454625399749155,368.9196454579828,1.4714462943526658,12.821194706675549
2025-03-03 02:00:00,193.29688347203452,67.63511670966193,35.0948224860633,296.0268226677598,1.5314619529837783,10.598412988351907
2025-03-03 03:00:00,211.70698658934273,67.29332033481091,38.69877809708402,317.69908502123764,1.5006547027070598,10.104334438198476
2025-03-03 04:00:00,200.47180048181616,70.2515948947814,38.32869772770665,309.0520931043042,1.541623771331055,9.10724759136044
2025-03-03 05:00:00,215.0808645061603,82.92882747903019,25.154793412168843,323.16448539735933,1.5025255089027378,11.161203426604398
2025-03-03 06:00:00,216.3028640262974,82.60986632013575,26.722159611960883,325.634889958394,1.5054580595789262,5.269620357003365
2025-03-03 07:00:00,262.10470119734015,87.55060704283537,46.41541764428894,396.0707258844644,1.511116451079069,6.558446963173844
2025-03-03 08:00:00,270.2085183275349,85.02223905324567,29.504799033216816,384.7355564139974,1.4238468823830266,5.963933613005649
2025-03-03 09:00:00,328.9204687212403,119.3429466023981,41.70361943239402,489.96703475603243,1.4896215995948823,6.1446842013839165
2025-03-03 10:00:00,340.37163276141143,109.6813737675167,45.39376214491711,495.4467686738452,1.4556053471739696,7.310915705280401
2025-03-03 11:00:00,318.04758497336496,105.4327643199225,39.01495278921813,462.4953020825056,1.4541701428773228,5.684937582023451
2025-03-03 12:00:00,374.21615774782515,116.75658986583514,42.850853199956944,533.8236008136173,1.4265113618459724,8.771749288019382
2025-03-03 13:00:00,373.00433781329673,117.70088071553401,34.32110081689717,525.0263193457279,1.4075608943950784,6.4713323633726185
2025-03-03 14:00:00,381.8463419523608,119.82550754458245,37.42763721612397,539.0994867130671,1.4118231012943034,8.824431393018745
2025-03-03 15:00:00,410.1701710181259,141.8674622887944,32.481924708971384,584.5195580158917,1.4250659831381571,13.143326863763946
2025-03-03 16:00:00,426.0874514025393,124.89656717097047,30.445643193932128,581.4296617674419,1.364578233537663,10.680585355099062
2025-03-03 17:00:00,357.31459056523795,138.46955377530026,50.03926804674729,545.8234123872855,1.527571016688248,12.48267967508853
2025-03-03 18:00:00,346.019364066053,130.12325414639477,37.65095346340134,513.7935716758492,1.4848694178218567,13.563396264086915
2025-03-03 19:00:00,329.90571341507336,119.03205648492076,33.08209895711438,482.0198688571085,1.4610837256117828,13.491310349760171
2025-03-03 20:00:00,332.4418237613757,120.46645906952281,40.340600802449295,493.2488836333478,1.48371488897678,17.26697988905534
2025-03-03 21:00:00,288.7927639581642,106.69545344701243,35.33222854589855,430.82044595107516,1.4917979247343114,14.664065390754255
2025-03-03 22:00:00,291.9553357313696,109.98051559625057,46.19654482534707,448.13239615296726,1.5349347701776461,12.80031536729221
2025-03-03 23:00:00,212.40773277372963,79.83794988920278,46.69100119989953,338.9366838628319,1.595689005465206,14.386728831311355
2025-03-04 00:00:00,218.5520686862754,46.95135393806167,34.03879395507019,299.5422165794073,1.3705759839289864,13.330971591255025
2025-03-04 01:00:00,236.68569180513376,80.43700762406374,29.401018032745306,346.5237174619428,1.46406702838311,10.639783556761634
2025-03-04 02:00:00,233.93833809470908,93.5951866713082,33.34932744742465,360.88285221344194,1.5426409162030545,11.142332995886422
2025-03-04 03:00:00,188.62026157524994,82.69673130821079,45.48086923994737,316.7978621234081,1.6795537206750282,9.428175082781149
2025-03-04 04:00:00,187.9680180295341,61.23293484818434,24.53293196243969,273.73388484015817,1.4562790399649173,7.7881168269396
2025-03-04 05:00:00,213.61820099354804,65.29734912143216,41.8936143795289,320.8091644945091,1.5017875958247517,8.760219562723988
2025-03-04 06:00:00,227.7470974271903,72.10455230093154,39.7169291735287,339.56857890165054,1.4909897106820824,7.096357593568686
2025-03-04 07:00:00,246.39434083381795,77.17156311678025,24.133660924768463,347.6995648753667,1.4111507743997849,7.433267535816428
2025-03-04 08:00:00,262.8829296580313,83.52296956629677,35.09895634568945,381.50485557001747,1.4512347989513597,7.4145908107714495
2025-03-04 09:00:00,345.5479907632004,118.86995450023504,36.38243635532038,500.80038161875586,1.449293281991467,3.5741429873124475
2025-03-04 10:00:00,340.3230346379939,123.84391504280906,40.84098432589243,505.00793400669534,1.4839075895755307,3.5310902093265484
2025-03-04 11:00:00,330.9868350498397,118.48385690090426,47.46137454422882,496.9320664949728,1.5013650510303382,4.6045614212236705
2025-03-04 12:00:00,351.2863424518335,130.27773450693914,39.56899326890654,521.1330702276791,1.4834993771473883,6.3719060993972265
2025-03-04 13:00:00,377.9474850606677,129.33606620119912,34.11326114978175,541.3968124116486,1.4324657096864772,6.25037262693182
2025-03-04 14:00:00,395.9360184730011,136.6041470258783,46.66360354273503,579.2037690416145,1.4628721359461525,9.11402590714626
2025-03-04 15:00:00,419.5967482306895,154.28162872763082,43.71091643659626,617.5892933949166,1.4718638692961772,9.560865053201885
2025-03-04 16:00:00,409.3082960461452,138.04778905762558,51.471645804637724,598.8277309084085,1.4630236833530905,10.439210583556338
2025-03-04 17:00:00,383.15152824894426,131.79911443135416,49.24291290206955,564.1935555823679,1.4725076477205008,12.451280703643476
2025-03-04 18:00:00,355.4617935770757,132.2179454558686,36.959821849988955,524.6395608829333,1.4759379780408788,11.964068101027207
2025-03-04 19:00:00,364.0707855105287,117.81596289702884,45.8341638644948,527.7209122720524,1.4495008478421045,13.325825518447425
2025-03-04 20:00:00,339.2135866054106,124.9407931065237,42.946481399075196,507.1008611110095,1.4949308669669925,16.173398256816007
2025-03-04 21:00:00,283.22209040483966,82.69602001975619,31.20725628796925,397.1253667125651,1.4021694640587932,11.955882729802601
2025-03-04 22:00:00,246.9270227856865,76.30097141712378,30.310504980112814,353.53849918292303,1.4317529737916415,14.910120865298586
2025-03-04 23:00:00,250.45031333627185,77.81108898828263,50.9418635129625,379.20326583751694,1.5140858112178621,13.564597202306446
2025-03-05 00:00:00,241.6627556727826,79.13900074627374,51.13781397249147,371.9395703915478,1.5390851989421295,11.138198242859364
2025-03-05 01:00:00,218.69436774222441,69.52784147310207,35.5492244206816,323.77143363600806,1.480474494970251,11.285612591455985
2025-03-05 02:00:00,202.80762256874988,69.69379798380113,33.25895451699923,305.7603750695502,1.507637490133786,9.521363709182745
2025-03-05 03:00:00,192.6025342091113,72.4193943196986,32.85939368863555,297.8813222174455,1.5466116447566132,11.745082524997633
2025-03-05 04:00:00,239.68098269624068,100.86717373643877,39.00504433553008,379.55320076820954,1.5835766213009719,8.763015766570051
2025-03-05 05:00:00,219.0194293759178,90.77979970746401,32.331344726392494,342.1305738097743,1.5621014755843992,6.806016119714281
2025-03-05 06:00:00,218.1423783480398,78.62389543401976,20.39753555413752,317.16380933619706,1.4539302804802625,7.493415803775257
2025-03-05 07:00:00,235.48998749378205,87.07904329413275,42.21828701151074,364.7873177994255,1.5490565933681468,5.611471643315626
2025-03-05 08:00:00,283.3046993158756,91.15146590635939,34.737461114146896,409.19362633638184,1.4443587675195748,6.520337600485961
2025-03-05 09:00:00,279.9952944899203,109.13017735309789,36.71122123167653,425.8366930746947,1.5208708912428692,3.517214667750783
2025-03-05 10:00:00,348.5047181603652,117.59730102244353,41.45518967228256,507.5572088550913,1.4563854731560268,6.989333229591974
2025-03-05 11:00:00,317.2835808756412,116.0060878806417,48.11489939150687,481.40456814778975,1.5172690840767948,2.081752410837294
2025-03-05 12:00:00,346.2655547442578,107.92600697994129,40.19199310808323,494.38355483228236,1.4277584011999704,4.536921340727961
2025-03-05 13:00:00,347.0250520649422,116.62325028266537,40.288671279229824,503.9369736268374,1.452163094935667,4.933200017839815
2025-03-05 14:00:00,394.80576181870407,150.0534699874988,34.2292897444475,579.0885215506503,1.4667681618501034,5.874637090126756
2025-03-05 15:00:00,360.92896381117816,135.61130866565722,36.4481403798536,532.988412856689,1.47671277812862,9.03307711345611
2025-03-05 16:00:00,358.60219628640453,126.65446329547544,41.88705710477896,527.1437166866589,1.469995784034868,11.104469708018685
2025-03-05 17:00:00,386.0842359995898,157.05100693489098,39.86499821666542,583.0002411511462,1.5100337874239589,10.719487958918933
2025-03-05 18:00:00,380.44474072847356,136.81830004537676,38.91591145633178,556.1789522301821,1.4619178363859455,11.16960254027191
2025-03-05 19:00:00,331.746666561228,109.21675728872648,40.61804166412995,481.58146551408436,1.4516542713329796,14.020802109459087
2025-03-05 20:00:00,346.1063517381886,112.71088811476295,43.59570765713327,502.41294751008485,1.4516143520247615,9.367725402040307
2025-03-05 21:00:00,314.6224863717292,104.90661150507734,48.07044780308981,467.5995456798963,1.4862241763845938,15.714949604589961
2025-03-05 22:00:00,240.7939772840378,93.461892823657,36.40688030928387,370.66275041697867,1.5393356370360924,12.421985571347097
2025-03-05 23:00:00,265.332826437488,100.03564627759587,40.10395947600614,405.47243219109,1.528165352305621,11.778552811604431
2025-03-06 00:00:00,262.49918450679155,99.60838952066528,41.0820672348627,403.1896412623195,1.5359653098346595,12.872148257274134
2025-03-06 01:00:00,223.8119007937066,79.05253969317344,42.74980651444962,345.61424700132966,1.5442174691143504,9.916196157274262
2025-03-06 02:00:00,196.33125052398918,91.69416367107934,22.805811193973966,310.83122538904246,1.5831979094487703,9.759792881670222
2025-03-06 03:00:00,204.69298632079293,66.9955213028812,36.96448850797485,308.652996131649,1.507882618156398,7.24011918942128
2025-03-06 04:00:00,198.03739067212763,69.41604841706582,29.855270781388867,297.30870987058233,1.501275637199286,8.116477554975296
2025-03-06 05:00:00,226.5340109629358,102.92933389571735,33.961264594898466,363.4246094535516,1.604282764909032,5.986755625189805
2025-03-06 06:00:00,256.0602942167216,107.63903140612561,45.20960668038532,408.9089323032326,1.5969244023329308,5.299692571683968
2025-03-06 07:00:00,260.82845866819196,79.00569266342318,39.902392206338014,379.73654353795314,1.455886161643994,4.9966866289784395
2025-03-06 08:00:00,283.83442684020565,103.80542778648382,32.6193308326442,420.2591854593337,1.4806490887588244,4.789824985860459
2025-03-06 09:00:00,336.5860589887376,113.6497082861735,45.93970568769379,496.1754729626049,1.4741414854000452,6.72318987593933
2025-03-06 10:00:00,326.2448388004932,104.35543494073194,33.85275871538701,464.45303245661216,1.4236333490033743,5.303307037995315
2025-03-06 11:00:00,370.143788691907,132.02444310148454,41.59024959859932,543.7584813919909,1.4690466191899114,3.2704477051153606
2025-03-06 12:00:00,345.30042847411664,131.43198484519291,43.935726310184755,520.6681396294944,1.5078699494533732,5.7946219947735695
2025-03-06 13:00:00,368.23610533955264,133.0173012584853,32.63425205932236,533.8876586573602,1.449851470064456,6.006131697720822
2025-03-06 14:00:00,402.7053204969952,151.1742874776067,50.145363933093684,604.0249719076955,1.4999180322779035,7.715603926132758
2025-03-06 15:00:00,415.56479420347017,140.07970364431182,42.244651837347384,597.8891496851294,1.438738694963628,7.075087189696044
2025-03-06 16:00:00,408.6380759315347,136.5261820830022,33.78051141951229,578.9447694340492,1.416766580339539,9.884658682086826
2025-03-06 17:00:00,396.36658789022584,147.1744230943342,34.38891654238956,577.9299275269495,1.4580692348543967,12.546315236970448
2025-03-06 18:00:00,370.5622378514765,112.90150311583778,46.558089993044405,530.0218309603587,1.430317978522125,13.189268372620546
2025-03-06 19:00:00,361.0220955619206,126.66104562300313,41.78067050518425,529.463811690108,1.4665689945265334,15.575574184385252
2025-03-06 20:00:00,344.22551080561334,131.7523837448268,39.9537257494577,515.9316202998979,1.498818664230985,13.461201148515544
2025-03-06 21:00:00,299.7751578976205,103.06159394464397,36.12621310470546,438.9629649469699,1.4643073429616373,12.478623373193425
2025-03-06 22:00:00,244.48263037981013,90.75853168889442,46.50559108644194,381.7467531551465,1.5614473411141436,13.358591154850771
2025-03-06 23:00:00,240.6868599376655,87.02432686292236,48.39427815056247,376.10546495115034,1.562633976148745,8.506646159278228
2025-03-07 00:00:00,273.79800346034415,100.2587147006822,27.381448689842415,401.4381668508688,1.4661836893526201,9.990808684937827
2025-03-07 01:00:00,222.56827758998017,63.92173684211503,42.47595824942258,328.9659726815178,1.4780451924399831,11.610028557169896
2025-03-07 02:00:00,209.36728297440987,81.8407367456105,24.352408281585184,315.5604280016056,1.50720983488225,11.007445014771635
2025-03-07 03:00:00,197.23216477557747,74.0540180792934,30.400523219375177,301.68670607424605,1.5296019613105356,6.589609413531788
2025-03-07 04:00:00,217.58990512487097,92.46903397723025,34.93879950995588,344.9977386120571,1.5855411050161958,6.223181551304746
2025-03-07 05:00:00,212.68534366478136,61.42000226348382,30.64997366378116,304.75531959204636,1.4328929033886735,8.680481716991963
2025-03-07 06:00:00,254.58361219424077,69.714752840271,42.03217380603354,366.33053884054533,1.438939983933626,5.089288242160391
2025-03-07 07:00:00,264.4535805848232,97.04606153120267,44.68314072549184,406.18278284151774,1.5359322492184408,7.376102098673845
2025-03-07 08:00:00,243.07496988149268,80.62791573866286,27.372109131252223,351.07499475140776,1.444307469924068,3.681173042574648
2025-03-07 09:00:00,287.82440434927923,127.227288829558,30.738167647269442,445.7898608261067,1.5488257913152284,5.496191279304944
2025-03-07 10:00:00,321.5761301723336,117.87297106868036,35.21693957559002,474.666040816604,1.4760611758162183,6.798809408554505
2025-03-07 11:00:00,334.38871394271047,113.63317600600837,34.21756087537265,482.2394508240915,1.4421522937724258,4.219440029237094
2025-03-07 12:00:00,360.0811895750178,119.6269607665906,34.46133953959229,514.1694898812007,1.427926547587904,5.955462003555303
2025-03-07 13:00:00,384.0848261252767,143.6626918686419,40.79762266878685,568.5451406627054,1.4802593125021382,9.110061311590153
2025-03-07 14:00:00,380.1196575051344,127.15197474813158,37.723497234613426,544.9951294878794,1.4337462394470297,10.854490452641379
2025-03-07 15:00:00,370.13464407300694,129.03080120050458,42.808503069857565,541.9739483433691,1.464261605937292,10.235405141522461
2025-03-07 16:00:00,389.6657192849367,142.13344471906095,32.870151935765435,564.6693159397631,1.4491121183971996,8.356896735574361
2025-03-07 17:00:00,370.12692181970107,141.63208573803547,47.95893563434994,559.7179431920865,1.5122324537763303,13.020068629412807
2025-03-07 18:00:00,350.07902471290026,126.8708758775527,46.03110840020128,522.9810089906542,1.4938941555254583,9.840812157333714
2025-03-07 19:00:00,332.3228274482083,116.33459473933809,39.6483685402209,488.3057907277672,1.4693717987334725,12.304149567360195
2025-03-07 20:00:00,354.83710299132287,113.52961848312074,42.2977206156705,510.6644420901141,1.4391517622738619,11.958379844433159
2025-03-07 21:00:00,301.5537665941424,106.91654816204709,40.04852509042508,448.5188398466146,1.4873594348110752,15.502878283581712
2025-03-07 22:00:00,260.80236397205834,92.23647075668067,48.55316397846806,401.59199870720704,1.5398326632891737,9.513772304283338
2025-03-07 23:00:00,247.46763178859004,67.03737565800581,49.117080747298374,363.62208819389423,1.4693723197890145,13.676213936866704
2025-03-08 00:00:00,180.19012642347525,70.77270202779272,34.633874712270334,285.5967031635383,1.5849742093656172,15.593230849769624
2025-03-08 01:00:00,170.19713217964113,55.83883452656301,34.62928681906888,260.665253525273,1.531549034857672,11.421029512821976
2025-03-08 02:00:00,163.659555146176,71.98168968377993,30.339651870649778,265.9808967006057,1.6252084790468802,9.181885954515533
2025-03-08 03:00:00,182.1749635853439,68.2085275729719,38.58759952311346,288.97109068142925,1.5862283433148832,12.702434913222744
2025-03-08 04:00:00,171.0690886919633,58.729726481596245,30.890489067790345,260.6893042413499,1.5238831646011854,9.300155841522974
2025-03-08 05:00:00,168.3925592010265,52.59035799936667,31.498495467512917,252.48141266790608,1.4993620494032316,9.187662266725445
2025-03-08 06:00:00,212.59735477781055,76.441955023964,38.667450757851576,327.7067605596261,1.5414432644381608,6.655460937780549
2025-03-08 07:00:00,212.3594376870479,78.5907819175363,45.75846612019173,336.7086857247759,1.585560262317987,4.609101511331178
2025-03-08 08:00:00,226.17739013470413,63.10412588109714,34.46201579162018,323.74353180742145,1.431370003936335,6.708171825724708
2025-03-08 09:00:00,247.9701665185307,78.18970895573338,40.93047983516102,367.0903553094251,1.48038112996949,7.046048697370863
2025-03-08 10:00:00,261.31559583994283,72.91542042825927,38.16487627529121,372.3958925434933,1.425081007302709,4.450055104513711
2025-03-08 11:00:00,293.9011115122806,85.84409137910569,39.10193797005033,418.8471408614366,1.4251294889843764,5.537610896493788
2025-03-08 12:00:00,283.88061180106996,95.97614914537141,29.042562018366276,408.8993229648076,1.4403918618131795,6.976649586721487
2025-03-08 13:00:00,294.4624642995513,90.44833290757897,40.3913420048638,425.3021392119941,1.4443339670598625,7.641699907018417
2025-03-08 14:00:00,321.82741939073367,115.1943555350906,43.990763282495685,481.01253820831994,1.4946288265895646,7.516008398317555
2025-03-08 15:00:00,295.97176306753096,113.88524170051005,35.95298063128923,445.80998539933023,1.5062585051318262,8.102751888875838
2025-03-08 16:00:00,298.4087500691756,108.08335918362728,31.665977889558587,438.15808714236147,1.4683151450511753,8.618552362691457
2025-03-08 17:00:00,313.06942952374345,119.419801553111,36.23059018126703,468.7198212581215,1.4971753133838748,9.313929487618305
2025-03-08 18:00:00,333.2506450605454,113.6788697787416,46.875567985619654,493.80508282490666,1.4817828266624704,12.173362526509836
2025-03-08 19:00:00,281.0197983299288,104.79451006373337,43.62751469427214,429.44182308793427,1.5281550468688043,11.833620310912993
2025-03-08 20:00:00,271.4353338468679,101.42258098489803,44.02913020685531,416.88704503862124,1.5358613749004797,13.046329569587058
2025-03-08 21:00:00,224.64443975661928,75.52297107336574,31.96155769561309,332.12896852559805,1.47846511974847,17.188458081300944
2025-03-08 22:00:00,217.0357296050751,72.97625907012493,38.81733301974358,328.8293216949436,1.5150930323467549,13.641525516343863
2025-03-08 23:00:00,244.9250614375501,85.77913291749626,37.49127832244603,368.1954726774924,1.5032984804267293,12.760219622848687
2025-03-09 00:00:00,195.76565632154006,80.692534048713,35.59825675695282,312.0564471272059,1.5940306026643467,13.009979149392644
2025-03-09 01:00:00,185.57005198770446,63.961805244501406,28.801134051098234,278.3329912833041,1.4998809791880965,10.653156786355195
2025-03-09 02:00:00,161.41134637928815,64.86378276883529,27.635853933145732,253.91098308126917,1.5730677475709993,8.51218506576692
2025-03-09 03:00:00,187.48786444820132,76.7863547459639,36.23171362774302,300.50593282190823,1.602802046448885,12.517810317353062
2025-03-09 04:00:00,182.94699858319876,79.98850973245706,32.31763229540192,295.2531406110578,1.6138725581594366,6.346820404281826
2025-03-09 05:00:00,196.40904761731565,76.48318615558954,32.99461521281377,305.8868489857189,1.557396936121346,5.389403065812246
2025-03-09 06:00:00,208.99512325319816,65.8494701267595,37.7221979600998,312.5667913400574,1.4955697839962605,8.40787884197518
2025-03-09 07:00:00,201.58514760037627,67.3617633431805,25.950122732849223,294.89703367640595,1.4628906801259574,4.24519179223831
2025-03-09 08:00:00,213.62820851228682,71.3838830247694,39.0574920415912,324.06958357864744,1.516979362582674,7.60410777020344
2025-03-09 09:00:00,243.92355186918064,102.21584231854911,35.364270086205465,381.5036642739352,1.564029636951747,6.464363072204209
2025-03-09 10:00:00,265.67076079448367,94.33177667034965,32.20897617755056,392.21151364238386,1.4763066604299333,4.270273607908653
2025-03-09 11:00:00,292.847151290167,98.8361521927788,42.973701110048935,434.6570045929947,1.484245288636309,7.600500788880611
2025-03-09 12:00:00,295.25779300198263,115.64453601912541,41.495137030989646,452.3974660520977,1.5322117714571546,6.356523191767427
2025-03-09 13:00:00,280.8358845283508,93.25524482832071,49.479937540055225,423.57106689672673,1.50825122511709,6.754973544863158
2025-03-09 14:00:00,346.42774511839957,118.15474663889567,58.29785578976883,522.880347547064,1.5093489332627148,7.081203591346245
2025-03-09 15:00:00,332.6687235013974,110.31500086117201,44.529860425641736,487.5135847882111,1.465462636995279,5.577651537981427
2025-03-09 16:00:00,294.4842537155244,100.51144904739253,49.79749363334757,444.79319639626453,1.5104141928958297,8.15702202134381
2025-03-09 17:00:00,340.98980348992467,121.37461968294986,46.245727544414805,508.61015071728934,1.4915699692830182,12.345051407063892
2025-03-09 18:00:00,275.8534369991578,101.56589619888192,34.899602533463145,412.31893573150285,1.4947029125932612,12.43891447037099
2025-03-09 19:00:00,251.0970841947491,71.4797057005012,34.56063407045269,357.13742396570296,1.4223081287901764,14.05149347538312
2025-03-09 20:00:00,241.61788116321154,95.10929718979995,37.90852976322081,374.6357081162323,1.5505297303024024,12.619460642920545
2025-03-09 21:00:00,269.59094277611587,88.52291642720631,35.37722069557277,393.49107989889495,1.459585681354559,13.163439082370704
2025-03-09 22:00:00,229.31755294699576,61.48025924328709,43.105045739224515,333.9028579295074,1.4560719562827593,15.26093936021031
2025-03-09 23:00:00,199.59695057668293,75.03159205313688,40.18424275706053,314.8127853868803,1.5772424602545856,14.465078480192137
2025-03-10 00:00:00,231.96154365585303,83.34309024852809,33.341524639481676,348.64615854386284,1.5030343092608813,13.041989499383696
2025-03-10 01:00:00,239.85820756522403,71.61241841082288,46.4799978012668,357.9506237773137,1.4923426111236036,13.640331619535205
2025-03-10 02:00:00,201.4899352496929,96.36226754975823,41.392358565184345,339.24456136463544,1.6836799363910286,10.604576003850509
2025-03-10 03:00:00,216.71056993397207,75.17879809331423,38.16639190908087,330.05575993636717,1.5230256652314162,10.604350834103984
2025-03-10 04:00:00,213.1960704533733,74.02679419861165,33.841518961144885,321.06438361312985,1.5059582614743723,4.60058193918637
2025-03-10 05:00:00,222.00060386218283,85.07967196400286,42.71413739367476,349.7944132198605,1.5756462240841993,6.9899099444635615
2025-03-10 06:00:00,250.38530100441864,89.92098270558506,44.87866301994599,385.1849467299497,1.5383688466726415,6.369358206629943
2025-03-10 07:00:00,255.45158112607655,88.32722526830888,27.9787380623251,371.7575444567105,1.4552955312233196,4.501761100863589
2025-03-10 08:00:00,286.122192069658,93.75668439930524,50.134072181121596,430.01294865008487,1.5028996721281789,7.362525606254469
2025-03-10 09:00:00,299.6718970406379,107.92144987380202,38.6218459410041,446.215192855444,1.4890124741825013,1.5170995893073762
2025-03-10 10:00:00,299.9620678941263,95.15010436057426,46.652231799368444,441.764404054069,1.4727342265489145,5.017632850182314
2025-03-10 11:00:00,334.9521849727568,122.71254151379766,46.346089444618805,504.0108159311733,1.5047246697977705,7.987298560794034
2025-03-10 12:00:00,371.0787770543418,143.69511762658766,41.609392696216084,556.3832873771456,1.4993670395105008,1.9507482506681804
2025-03-10 13:00:00,423.0079606586636,156.16063214074836,45.07809671816376,624.2466895175758,1.4757327227259844,3.313878514878746
2025-03-10 14:00:00,379.72580656797106,114.82138878551436,35.734743681003955,530.2819390344894,1.3964864380097608,5.590113584603538
2025-03-10 15:00:00,409.1822094216733,127.65427852449733,31.03468047576854,567.871168421939,1.3878197911501389,11.016570799251419
2025-03-10 16:00:00,374.6106752632922,118.17120239048647,46.12222259857722,538.9041002523559,1.4385711242040589,8.126045769302518
2025-03-10 17:00:00,387.9071605513803,104.09359387821513,40.64424703043949,532.6450014600349,1.3731249526379479,10.167307834216537
2025-03-10 18:00:00,383.9693629274057,121.54037299654426,46.794118486952726,552.3038544109027,1.4384060493787956,10.550919288989357
2025-03-10 19:00:00,348.7069972907435,101.78448420190892,41.614168293246735,492.1056497858992,1.4112296386630674,10.50400127718409
2025-03-10 20:00:00,327.29064729817674,102.41781597387794,46.734834886633756,476.44329815868844,1.4557192577661004,12.783906452680458
2025-03-10 21:00:00,294.1346834905937,108.58586589428128,27.754575203926475,430.47512458880146,1.4635306502456988,14.0291942716494
2025-03-10 22:00:00,283.61060720482254,90.1688189700655,35.42269333944493,409.202119514333,1.4428308008198323,14.010534315242172
2025-03-10 23:00:00,262.74023136799946,96.9927547945659,35.318451630353174,395.05143779291853,1.5035818296117782,13.86688090960437
2025-03-11 00:00:00,253.1390562126951,86.69998837139268,41.83991629374188,381.6789608778297,1.507783771450627,8.755653775774721
2025-03-11 01:00:00,222.70550062271005,84.88449305032276,37.43273906106508,345.02273273409793,1.549233098281699,9.882213139844877
2025-03-11 02:00:00,206.7892916737186,74.32069689833482,30.536821612620393,311.64681018467377,1.507074218699893,11.205053124655153
2025-03-11 03:00:00,206.88122315748424,76.52467026953094,43.819800780990505,327.22569420800573,1.581708041038174,10.003856939126436
2025-03-11 04:00:00,212.3859221737601,63.67811468823163,33.41842176071883,309.48245862271057,1.4571703032629089,7.760601896220273
2025-03-11 05:00:00,232.69209665190806,73.31519173011074,38.303552068388406,344.3108404504072,1.4796842926963412,5.180216303875626
2025-03-11 06:00:00,256.5832188864501,87.40104376623556,45.892663083950296,389.87692573663594,1.5194950294437395,4.86547063865971
2025-03-11 07:00:00,239.3588030007996,85.48596050175047,33.02553919501832,357.87030269756843,1.4951207067006134,6.3282994771172225
2025-03-11 08:00:00,295.11835976069074,95.90727564451029,40.23167463044446,431.25731003564545,1.461302883308747,6.926930938497909
2025-03-11 09:00:00,305.047742093163,113.24887301729515,31.04447710301175,449.34109221346984,1.473018908877021,2.54057441765358
2025-03-11 10:00:00,308.97175023415815,120.54825872893524,36.60099752185304,466.12100648494646,1.508620144500883,8.224364959804431
2025-03-11 11:00:00,336.62529466918744,119.63459421072112,37.7277423463852,493.98763122629373,1.4674703269454286,3.6261987909090054
2025-03-11 12:00:00,344.16356092834064,125.04220683263007,44.75039485259528,513.956162613566,1.4933485730657534,6.050339839664149
2025-03-11 13:00:00,356.0753686937854,131.35986901078257,51.54913355745169,538.9843712620196,1.5136805818363999,4.931279901409874
2025-03-11 14:00:00,381.01489677844177,128.70457249580863,43.27083416840261,552.990303442653,1.4513613722673266,5.666399845440743
2025-03-11 15:00:00,394.9319156247107,145.43042758753384,49.915763464017836,590.2781066762624,1.4946325767127466,8.630092966681048
2025-03-11 16:00:00,382.69618301647057,124.08659157205932,42.77093896017204,549.5537135487019,1.4360052123254392,10.269304412168143
2025-03-11 17:00:00,388.6589893316349,130.3024862556031,54.66610559132732,573.6275811785654,1.475914868623045,9.771941717335293
2025-03-11 18:00:00,373.05715468697065,116.57301362885175,48.17030133336437,537.8004696491868,1.4416034189196854,11.705578968260168
2025-03-11 19:00:00,354.13646728772005,122.3972328107224,49.087025010853075,525.6207251092956,1.4842321355237675,13.510014017888427
2025-03-11 20:00:00,331.3938791191,109.42523560504195,32.72729392818616,473.5464086523281,1.4289533950086621,11.596357639811233
2025-03-11 21:00:00,306.79982439493546,92.25195328038882,50.35394397487667,449.4057216502009,1.464817401823844,13.076984435052564
2025-03-11 22:00:00,243.7977892424085,80.920701708092,39.55635229568116,364.27484324618166,1.494167951145704,13.389244174120703
2025-03-11 23:00:00,259.53279804629216,83.80594425968914,36.703046449566635,380.04178875554794,1.4643304877704162,15.31706487510893
2025-03-12 00:00:00,204.01849797719987,61.016233645349296,27.63609027069669,292.67082189324583,1.4345308136027612,11.75429938856377
2025-03-12 01:00:00,240.8320051751359,108.23371440239524,32.39915716950641,381.4648767470375,1.5839459397002975,13.639425891990449
2025-03-12 02:00:00,200.1370645636405,81.51932555351874,32.53947736800648,314.19586748516576,1.5699034467713815,9.391484229497017
2025-03-12 03:00:00,201.1154773229185,64.61550093120914,41.792080011124156,307.5230582652518,1.52908698205997,10.328021292647936
2025-03-12 04:00:00,197.05056731097713,56.34604734105032,38.01684894635122,291.41346359837866,1.4788765522226681,7.173383689573623
2025-03-12 05:00:00,231.62052153393716,88.7317235358944,41.777759612195645,362.1300046820272,1.563462521730691,7.12900578368855
2025-03-12 06:00:00,219.5882598491689,63.284118522578595,43.33722715718012,326.2096055289276,1.4855512118589351,5.846266180889874
2025-03-12 07:00:00,249.85194792050055,96.02492555010002,33.52359073783101,379.4004642084316,1.5185011258313326,5.527912276381039
2025-03-12 08:00:00,260.426930492024,82.89721803373133,48.49081328723892,391.8149618129943,1.5045101559686596,7.048454935847966
2025-03-12 09:00:00,300.7507485162433,102.45441608740488,32.075878865999044,435.2810434696472,1.4473149131535348,3.1072310713534668
2025-03-12 10:00:00,303.99857867280804,106.87390283858743,41.58437242978444,452.4568539411799,1.4883518729479215,4.7858747501489445
2025-03-12 11:00:00,349.8448790836775,128.00014738088345,37.65841287069939,515.5034393352603,1.4735200374676911,6.371357754084217
2025-03-12 12:00:00,359.69952809473466,131.18089111885647,34.60274323672677,525.4831624503179,1.4608947785773032,4.925400680167483
2025-03-12 13:00:00,362.6645303234182,145.93687121074768,42.68161730232698,551.2830188364929,1.5200908077359203,7.447224082557513
2025-03-12 14:00:00,382.7523304606639,132.0212650929143,56.40529976356955,571.1788953171477,1.4922937102164784,7.819235689842941
2025-03-12 15:00:00,377.61727075161826,130.07361372469427,35.02808142979029,542.7189659061028,1.437219661129011,8.3830851716942
2025-03-12 16:00:00,365.97111677644835,121.71746035051159,49.76075839003608,537.449335516996,1.4685566999138193,9.780522484482061
2025-03-12 17:00:00,368.1387872170693,124.7762390638003,42.612433059164154,535.5274593400337,1.454689041022633,12.981869205895803
2025-03-12 18:00:00,319.4539834012254,114.66381621742748,40.447507125465144,474.56530674411806,1.485551382679355,13.429360205327113
2025-03-12 19:00:00,339.4490789098443,111.46614554690193,45.044554129212685,495.95977858595893,1.4610726892491672,10.514068456672211
2025-03-12 20:00:00,327.36579124885805,92.26310332784551,42.68397458435944,462.31286916106296,1.4122210735501695,12.24008841791095
2025-03-12 21:00:00,282.5725001838898,86.64757892362583,46.61162067987184,415.8316997873875,1.4715929523105629,13.020467616137456
2025-03-12 22:00:00,277.27961510325736,99.7286713068004,41.100465553657806,418.1087519637155,1.507895745628521,11.90144436023838
2025-03-12 23:00:00,265.5826829346347,97.25735764551077,41.420290586745516,404.260331166891,1.5221637446383793,13.113901512740537
2025-03-13 00:00:00,215.8185209914744,67.76467192165595,42.057058517200964,325.6402514303313,1.5088614727518925,12.66189285444632
2025-03-13 01:00:00,246.1864147382002,84.00191050942792,35.63863121162128,365.82695645924935,1.485975401397666,10.984152169357051
2025-03-13 02:00:00,198.66973042756155,65.88867703218236,39.84414825321127,304.4025557129552,1.5322040003670598,10.248499966059216
2025-03-13 03:00:00,217.93125428413484,79.66307541410974,28.08943078915727,325.68376048740186,1.4944334696609476,7.1967824029951855
2025-03-13 04:00:00,212.98794722619044,79.6541132773013,24.251941288464415,316.89400179195616,1.48784945776964,7.015801012699015
2025-03-13 05:00:00,238.53068548041793,70.56423656509503,37.09265012686454,346.1875721723775,1.4513334897568035,4.687103673754859
2025-03-13 06:00:00,227.0195420113752,76.92615782844557,31.424197517176808,335.36989735699757,1.4772732531554191,7.904616666335317
2025-03-13 07:00:00,252.29418483251283,65.59260820675232,32.68277452609588,350.56956756536107,1.3895269437069626,6.986064711917709
2025-03-13 08:00:00,290.38541375799235,102.56591345549417,47.597132642405114,440.5484598558917,1.5171163529000304,6.452396229962399
2025-03-13 09:00:00,322.03579989169003,106.82985403061002,47.52139000027054,476.38704392257057,1.4792984012423256,6.338554090194764
2025-03-13 10:00:00,328.6467336503859,109.2948054135718,42.40433363322656,480.34587269718423,1.4615872409922557,4.211911634029194
2025-03-13 11:00:00,358.6391540065109,136.30008203742506,38.34972788542855,533.2889639293645,1.486979204506162,4.905393269782818
2025-03-13 12:00:00,338.3353518997052,103.64376186750059,39.012672022387434,480.9917857895932,1.4216421165831248,3.9797950271234406
2025-03-13 13:00:00,359.6152678670447,108.51454792150368,44.377680747529894,512.5074965360782,1.4251549984956704,7.3331568677026215
2025-03-13 14:00:00,382.98015876622003,145.06522144517356,47.74075725223441,575.786137463628,1.503435946443119,8.752323714030569
2025-03-13 15:00:00,393.571261693664,130.71552520805074,48.48568768122676,572.7724745829415,1.4553208791671348,5.294302662106139
2025-03-13 16:00:00,393.95566651768536,147.93063703674758,45.37811468275477,587.2644182371878,1.4906865623440004,9.514978322475363
2025-03-13 17:00:00,398.80517905516353,118.99038967884152,41.9109131591476,559.7064818931527,1.4034584084870498,12.183815283135417
2025-03-13 18:00:00,363.0593789277197,107.8707484400471,44.47938941900363,515.4095167867704,1.4196287073178229,11.785219187870982
2025-03-13 19:00:00,353.9837716179161,141.2974855845015,35.3555172209049,530.6367744233224,1.4990426594925446,12.738166554052196
2025-03-13 20:00:00,330.88998621038405,101.76175205892278,49.58149497569862,482.23323324500547,1.457382372818002,10.143600812118644
2025-03-13 21:00:00,285.77303281730065,108.48804622477184,42.14634863193945,436.40742767401196,1.5271119999381269,10.728261480083981
2025-03-13 22:00:00,243.84619030143233,93.28121254415541,37.412909180974985,374.54031202656273,1.5359695042336805,11.990240374831885
2025-03-13 23:00:00,251.04514100010306,90.94167329845715,43.492433991898,385.4792482904582,1.5354977465598505,11.790555555920598
2025-03-14 00:00:00,230.5451299304079,84.59512320314656,33.461753166879724,348.60200630043414,1.51207707751477,10.347757224636135
2025-03-14 01:00:00,242.15672390544665,92.09132040900398,46.317646282116684,380.5656905965673,1.5715677205195604,8.385382079590535
2025-03-14 02:00:00,218.14643892587065,84.49784587350632,36.99444791803592,339.6387327174129,1.5569299888174066,11.40833018078051
2025-03-14 03:00:00,221.8204641174483,68.26271963119024,37.77278821943365,327.8559719680722,1.4780240104198898,7.675376579488328
2025-03-14 04:00:00,206.00184125596354,59.052433992564175,37.6287090830649,302.6829843315926,1.4693217423988933,8.377112988682516
2025-03-14 05:00:00,212.62904769669552,72.3158524179099,32.81615652568283,317.7610566402882,1.4944386013220456,4.263118838803443
2025-03-14 06:00:00,243.87232385837572,82.98668467154633,29.516398264685325,356.3754067946074,1.4613196001755644,8.079541770299365
2025-03-14 07:00:00,277.63585133033456,106.8528381905065,37.79182402227336,422.2805135431144,1.5209869745556739,3.590559167643603
2025-03-14 08:00:00,253.99581105204317,87.65926459369834,40.009682025688555,381.66475767143004,1.5026419376389943,7.194237469934013
2025-03-14 09:00:00,295.071611601024,98.51271262702554,47.125828152938595,440.7101523809882,1.4935701540034518,4.218522257059577
2025-03-14 10:00:00,299.59166068145066,113.68484563596822,34.671884305366376,447.94839062278527,1.495196460421771,8.138680677456438
2025-03-14 11:00:00,326.5659213592185,125.87021018541898,44.79981593481406,497.2359474794516,1.5226204418693712,4.199688123210219
2025-03-14 12:00:00,373.6064927871286,143.75556369918237,41.06819027524917,558.4302467615602,1.4947016648335911,7.154005640837507
2025-03-14 13:00:00,382.71505484580393,127.26107187098495,30.80040598310292,540.7765326998918,1.4130004185954246,7.092133851396771
2025-03-14 14:00:00,377.1162858532824,143.4269300949222,53.266249721761326,573.809465669966,1.5215716933879841,8.073349239448488
2025-03-14 15:00:00,388.36736113633816,124.51684811980367,47.8043242598944,560.6885335160363,1.4437066283724187,9.465645946749826
2025-03-14 16:00:00,408.00430772036304,148.3755711443145,47.9063850150107,604.2862638796882,1.4810781465911689,9.022371407124652
2025-03-14 17:00:00,361.2930499553368,118.87156945247504,41.084263626046265,521.2488830338582,1.4427315529548526,9.165593083852656
2025-03-14 18:00:00,377.3119477162661,143.46236294811646,37.01379811185271,557.7881087762353,1.4783208222064703,13.156378330247438
2025-03-14 19:00:00,343.79408041212037,113.13163389446582,41.27421197966701,498.19992628625323,1.4491230497309322,11.806196071632387
2025-03-14 20:00:00,282.5640647359464,89.60603642642796,30.85508638549722,403.02518754787155,1.4263143755540715,12.734203179776882
2025-03-14 21:00:00,312.641701563215,106.07334717924465,43.165110037193976,461.88015877965364,1.4773466126567354,14.044083394255091
2025-03-14 22:00:00,307.1201638109266,103.78462813352458,32.653594109290296,443.55838605374146,1.4442502913185822,14.09403677527439
2025-03-14 23:00:00,245.1865171529665,89.27234432964974,32.75139015446636,367.21025163708265,1.4976771802178184,12.622569780760688
2025-03-15 00:00:00,186.85680710257347,50.69549134104239,29.451953578287267,267.00425202190314,1.428924405602914,11.85710837668514
2025-03-15 01:00:00,167.6277992647336,58.585416631230764,27.266822391439764,253.48003828740414,1.5121599126114196,9.620282155452609
2025-03-15 02:00:00,175.67320219247654,63.4948803795154,32.75919806386618,271.9272806358581,1.5479155456955846,6.863985808646675
2025-03-15 03:00:00,173.0587145581795,69.16251741344786,26.867275811551814,269.0885077831792,1.5548971831332772,12.901156320058192
2025-03-15 04:00:00,194.11253712252724,55.54122880751163,42.489557956624516,292.1433238866634,1.5050203774435105,7.101244534789111
2025-03-15 05:00:00,191.8434052742229,72.06238082860266,35.45827344532683,299.3640595481524,1.5604605178908204,6.488916203265886
2025-03-15 06:00:00,193.91444816261247,63.256673581406716,39.25993088091848,296.43105262493765,1.5286692427186084,3.961929832054359
2025-03-15 07:00:00,203.7957063588377,74.81147828011257,37.19585854387163,315.80304318282185,1.549605969748768,4.5590366445664525
2025-03-15 08:00:00,244.33480729902377,73.12613816766896,53.198872731364865,370.65981819805756,1.5170160252461848,5.004400258909157
2025-03-15 09:00:00,240.1407989332208,85.95712576792207,40.119463142819825,366.2173878439627,1.5250111162735063,5.632956556146309
2025-03-15 10:00:00,260.209219757352,78.63979481523366,44.38765007384503,383.23666464643065,1.472802020634792,4.960929587502645
2025-03-15 11:00:00,294.8084438422509,108.13230901611037,38.12928887670492,441.0700417350662,1.496124181473847,3.9899387249387894
2025-03-15 12:00:00,313.01769209064366,86.41348285263977,41.64301155664508,441.07418649992854,1.4091030559774311,8.45901965298225
2025-03-15 13:00:00,299.64358019173136,100.06070539263007,52.67040187692704,452.37468746128843,1.5097092591532575,6.49283833068629
2025-03-15 14:00:00,309.33915964923835,112.5627660063093,42.5676579588932,464.46958361444086,1.501489769808342,7.520393831052289
2025-03-15 15:00:00,359.60748643451126,126.00738090578386,40.25024170512089,525.865109045416,1.4623308159108146,6.982787229365988
2025-03-15 16:00:00,291.63761786521735,93.22504668226983,40.881121956662355,425.7437865041495,1.459838376203273,7.4435762419093265
2025-03-15 17:00:00,315.244094121397,100.0893952724252,48.06783508981429,463.4013244836365,1.4699762283419202,11.089386735025622
2025-03-15 18:00:00,291.91821036700367,95.53238451810746,43.53662618494209,430.9872210700532,1.476397174839521,10.162677496522038
2025-03-15 19:00:00,313.7030022646946,107.68318962545779,48.533366967089094,469.91955885724144,1.4979759691962888,10.411032107908078
2025-03-15 20:00:00,257.90852405775433,115.6477334953842,32.62949547902984,406.1857530321684,1.574921784831004,11.489652253247648
2025-03-15 21:00:00,237.29812077277717,84.84935899127161,29.668322170030997,351.8158019340798,1.482589920174539,11.663839160708001
2025-03-15 22:00:00,226.82045334603586,93.3744302491564,33.920596160288184,354.11547975548046,1.5612149368877422,12.05222547845007
2025-03-15 23:00:00,197.03517294543013,68.93014574089509,32.14304313073825,298.10836181706344,1.51297028525778,11.193768832666473
2025-03-16 00:00:00,212.76596769495967,91.33643188161857,41.55638740879169,345.65878698536994,1.6245962205804327,11.615714978157058
2025-03-16 01:00:00,198.0769081299267,69.5976907693071,46.30287234490567,313.97747124413945,1.5851291006531103,10.003413351552027
2025-03-16 02:00:00,184.53070821068962,76.12699503334564,40.01714113844364,300.6748443824789,1.6294027552269548,8.840651511533647
2025-03-16 03:00:00,185.44341924366103,51.65756840977522,34.114473571879024,271.21546122531527,1.462524053598015,8.324984755080251
2025-03-16 04:00:00,164.25282094643518,45.252611612377564,32.34261335695495,241.8480459157677,1.4724133474373464,6.9618751592734105
2025-03-16 05:00:00,175.62648188663906,53.32652606345203,32.80958964763396,261.76259759772506,1.4904506130612123,5.996233694403227
2025-03-16 06:00:00,207.4581735174582,73.85820688508517,43.56215767294316,324.8785380754865,1.5659953645940445,5.513721257588762
2025-03-16 07:00:00,202.2732487766927,64.07754511988882,33.34895658957495,299.69975048615646,1.4816578677540375,5.832755278493956
2025-03-16 08:00:00,221.5324156820575,85.33975069190839,42.07238130234752,348.94454767631345,1.5751399026728323,1.6965788929327141
2025-03-16 09:00:00,224.93045457152914,92.68023389997194,31.414395091401218,349.0250835629023,1.5517022104799525,5.181749405738007
2025-03-16 10:00:00,258.15095766370723,100.50375699922083,44.17243390735716,402.82714857028526,1.560432516756523,4.14528924352141
2025-03-16 11:00:00,276.5828934668034,91.09438576806367,39.53071164906338,407.20799088393045,1.4722819107856546,4.347076010320811
2025-03-16 12:00:00,298.74440047015145,119.74994922945896,41.090537667448544,459.58488736705897,1.5383882899354213,3.50574104134712
2025-03-16 13:00:00,312.61913712073033,103.76138307651834,43.41548909219119,459.79600928943984,1.4707865088626078,6.486713989939617
2025-03-16 14:00:00,307.8160421689992,116.1029528785318,35.06389352808823,458.9828885756192,1.4910947634224514,5.09021353556911
2025-03-16 15:00:00,331.4460781680225,115.0760160137821,48.19056829109446,494.71266247289907,1.492588674475462,8.524490054085621
2025-03-16 16:00:00,318.5923661858687,108.52237305379762,35.07692209135075,462.19166133101703,1.4507304957249718,8.774018574166481
2025-03-16 17:00:00,316.69674518510595,97.11481223453806,34.679675689805826,448.49123310944987,1.4161535914974794,10.332545647546858
2025-03-16 18:00:00,298.8484975559381,107.68397147001737,32.51561287288412,439.04808189883954,1.469132639077963,11.199828473537348
2025-03-16 19:00:00,273.0933702216613,109.92179207111309,36.94024931985172,419.9554116126261,1.5377722691391646,11.92463301900112
2025-03-16 20:00:00,268.4242968127221,97.53860309304659,34.28152407319861,400.24442397896735,1.4910886560251113,15.647635060300914
2025-03-16 21:00:00,242.33057870843268,87.2533433206797,40.844157905338925,370.4280799344513,1.528606426430991,12.5529993663277
2025-03-16 22:00:00,219.69124706605288,75.7745623351803,28.846135223229886,324.3119446244631,1.47621695882565,11.507752428484979
2025-03-16 23:00:00,197.5646183007725,68.13402479302388,44.17042392664412,309.86906702044047,1.5684441358254522,10.385017115875964
2025-03-17 00:00:00,191.7257123275557,64.22625577795313,37.4730566920866,293.4250247975954,1.5304416983794564,12.252659231479878
2025-03-17 01:00:00,246.60557188300365,61.7575757609511,25.13451494684054,333.49766259079524,1.3523525038153459,9.558480392435209
2025-03-17 02:00:00,220.87743339108303,72.84643146333906,36.85252704625786,330.57639190068,1.4966508204365325,10.636285673214092
2025-03-17 03:00:00,233.41175821215458,65.88423660225662,38.86985800445532,338.1658528188665,1.4487952766779553,8.196514511035364
2025-03-17 04:00:00,211.52473333028766,72.69983335102233,39.25113845134332,323.4757051326533,1.5292571229840934,5.9781750830790115
2025-03-17 05:00:00,232.98451089289318,85.16257113572667,22.950201379335706,341.0972834079555,1.4640341630468454,3.556365270995461
2025-03-17 06:00:00,229.03915872078184,66.52118180791744,37.559680776745616,333.1200213054449,1.4544238774101788,8.156969377277033
2025-03-17 07:00:00,227.27212102431045,74.02848877356848,39.273084391434836,340.57369418931376,1.4985282517466534,3.5891353883558548
2025-03-17 08:00:00,298.26715084011107,98.58916977752047,44.18334324202679,441.03966385965833,1.4786732719892504,3.6983533069058696
2025-03-17 09:00:00,311.42390021052347,109.26303394041805,49.66653309490174,470.35346724584326,1.5103319524541403,1.9730878128396339
2025-03-17 10:00:00,350.80561369866507,134.46216553625666,39.25588978975975,524.5236690246815,1.4951974784395459,4.087637395720402
2025-03-17 11:00:00,356.4859041185617,117.70425157722231,36.266671260856,510.45682695664,1.4319130744279582,4.949608468955039
2025-03-17 12:00:00,390.7954680162963,138.63640845775052,45.46468542144509,574.8965618954919,1.4710932161360646,5.367236214254902
2025-03-17 13:00:00,341.24381207818567,129.90324627838945,32.18120189604794,503.32826025262307,1.4749813547895212,9.104886514014154
2025-03-17 14:00:00,416.48689309394035,149.37321615195685,55.09977221539959,620.9598814612968,1.4909469943901374,7.050419028960744
2025-03-17 15:00:00,387.09644582222023,135.4486906452125,49.18135950181627,571.726495969249,1.4769613674826216,8.794770936588021
2025-03-17 16:00:00,398.89438247405377,157.77656133285566,39.41262689110323,596.0835706980126,1.4943393461721288,11.972398985651981
2025-03-17 17:00:00,361.57440960395144,115.3579328491508,52.75627227446303,529.6886147275653,1.4649505071660267,13.585129806482025
2025-03-17 18:00:00,346.60676426880286,108.69598626564556,51.43792125003756,506.740671784486,1.4620045654720546,11.30346862730213
2025-03-17 19:00:00,376.45409158668406,118.1271743558314,53.73664944161343,548.3179153841289,1.4565332868958092,12.030012395234715
2025-03-17 20:00:00,292.37420915067605,110.22528831137177,48.572011296422446,451.1715087584702,1.5431303262660814,10.66138484322196
2025-03-17 21:00:00,311.6216639689717,104.8200078826486,31.558158097092708,447.999829948713,1.4376401956229865,16.510975715158157
2025-03-17 22:00:00,285.51228794525184,96.03860587468915,44.323141813067046,425.874035633008,1.4916136839429872,14.375256394837646
2025-03-17 23:00:00,264.8019932147337,84.51015429887094,44.60942545378576,393.92157296739043,1.4876080356689416,14.090155497937658
2025-03-18 00:00:00,221.09286145660295,85.00515489729769,34.09161730003203,340.1896336539327,1.538673077966864,10.742106808945701
2025-03-18 01:00:00,229.76494301576378,94.90073056743582,35.17461091131078,359.84028449451034,1.5661235337795736,10.441774131526982
2025-03-18 02:00:00,198.36428224991707,69.18471500958903,31.122291979065007,298.6712892385711,1.5056707077047182,8.37260230112283
2025-03-18 03:00:00,197.29903284510308,83.5676411065196,26.293519497024207,307.1601934486469,1.5568256418661433,8.516874597265128
2025-03-18 04:00:00,205.58489060534646,71.88238842179918,38.59152951459547,316.05880854174114,1.5373639940712729,6.907232227559386
2025-03-18 05:00:00,241.20541670240672,91.12181130918786,27.452207234635694,359.77943524623026,1.4915893687831945,6.328625737374719
2025-03-18 06:00:00,234.99650763176507,79.75418632142467,32.44023958315093,347.19093353634065,1.4774301841131277,5.247092120974304
2025-03-18 07:00:00,254.6311233858595,79.20004870362655,28.370162363115064,362.2013344526011,1.4224550779039422,4.400228546943573
2025-03-18 08:00:00,288.50147147280836,110.0127459673149,33.84857109785165,432.3627885379749,1.4986502021315535,6.112254406425887
2025-03-18 09:00:00,315.69801324014213,125.48051051928796,40.10761704206754,481.28614080149765,1.5245143162665313,3.6739252693837194
2025-03-18 10:00:00,310.218273725926,122.27681025185595,36.026092902128745,468.52117687991074,1.510295222949514,3.60052550236325
2025-03-18 11:00:00,373.9462682855691,140.23406301889483,42.305699648801784,556.4860309532658,1.4881443623026016,4.2373430584305645
2025-03-18 12:00:00,370.47645390442057,141.49103212856656,41.99456613471169,553.9620521676989,1.495269257545355,5.676735442682011
2025-03-18 13:00:00,379.64806882234797,135.61969245045177,47.11699282367897,562.3847540964787,1.4813317919434492,2.6236868032357825
2025-03-18 14:00:00,357.58331037415786,122.47161063878262,33.95754307143849,514.012464084379,1.4374621218941712,8.851026345778552
2025-03-18 15:00:00,384.5613593641372,127.2682536536303,33.252682900185825,545.0822959179534,1.4174130672390841,8.404000734835998
2025-03-18 16:00:00,390.44217580959423,123.70940924543463,47.279201727440366,561.4307867824692,1.4379358111564784,8.518028549365763
2025-03-18 17:00:00,389.4324948506781,117.8401172944532,46.863885263144134,554.1364974082754,1.4229333831547635,9.974973727608209
2025-03-18 18:00:00,368.7108729664037,115.41872503641672,42.34943907223907,526.4790370750595,1.427891271118092,12.283000293516075
2025-03-18 19:00:00,339.8526960555665,91.38036014521204,37.02859738752551,468.26165358830406,1.3778371012591362,12.205078679413814
2025-03-18 20:00:00,320.658617865571,114.22781566380586,26.906370071097516,461.7928036004744,1.4401384459096958,12.629886567883302
2025-03-18 21:00:00,280.1254730172925,107.56925000677482,46.22753544540679,433.9222584694741,1.5490282043814256,13.50331110011708
2025-03-18 22:00:00,260.77026753497336,107.35877714781026,32.76989379629022,400.8989384790738,1.5373644482889792,12.006108306223066
2025-03-18 23:00:00,268.8987089966425,105.13113535514805,45.797205021519225,419.82704937330976,1.5612832465422948,15.323850724964178
2025-03-19 00:00:00,231.5036233958755,77.34799876230736,55.45177681889141,364.30339897707427,1.5736401600682883,8.993502451773564
2025-03-19 01:00:00,231.78991093046113,87.82069822666224,28.65288115674408,348.2634903138674,1.5024963291795272,9.950720543249533
2025-03-19 02:00:00,222.58567025474514,83.45506492492038,46.552888201907805,352.5936233815733,1.5840805159561102,11.253321375894934
2025-03-19 03:00:00,237.01795033230675,66.11738941584109,45.49378186005375,348.62912160820156,1.4708975464491714,7.317181923212882
2025-03-19 04:00:00,200.278536409931,77.81316417903707,31.841041502391132,309.9327420913592,1.5475085231149657,8.639631481023416
2025-03-19 05:00:00,221.452135689394,67.23288220514549,41.77665907110245,330.46167696564197,1.4922487694096722,8.380574801998936
2025-03-19 06:00:00,202.83713826185726,68.65376065572408,36.57098675799098,308.06188567557234,1.5187647011558247,7.284688083278223
2025-03-19 07:00:00,243.88423266616854,96.58847835084147,24.71685249145657,365.18956350846656,1.4973889845857404,6.288171869706309
2025-03-19 08:00:00,270.7857851137173,102.49546427750099,27.75355691486906,401.0348063060873,1.4810039091884812,2.826068354991949
2025-03-19 09:00:00,328.0054858038937,126.94616163261944,44.90673886242266,499.8583862989358,1.5239330070161956,3.1947266083157198
2025-03-19 10:00:00,326.73980150400826,119.77368712700202,47.56493276216272,494.07842139317296,1.512146420848921,5.299274281995125
2025-03-19 11:00:00,331.3307461731754,127.51606402453987,44.58910776711829,503.4359179648336,1.5194361639523326,5.597739609105128
2025-03-19 12:00:00,392.1986917712624,139.05760613095276,45.94587177551374,577.202169677729,1.4717085543323638,5.822818270119154
2025-03-19 13:00:00,417.1896996257202,143.37180760645577,45.449556332246374,606.0110635644223,1.4526031302021654,8.038720358567009
2025-03-19 14:00:00,403.5587416117229,142.71616381785793,39.0523181077903,585.3272235373711,1.45041393775713,6.229581752131224
2025-03-19 15:00:00,395.6619144239144,152.74793834675896,41.02705150545179,589.4369042761252,1.489748906296296,6.107896049576146
2025-03-19 16:00:00,416.7723827360748,147.02167010889013,33.977924763725724,597.7719776086906,1.4342888405521714,9.086017873418193
2025-03-19 17:00:00,357.2743039733512,113.17891481685146,43.580833987089164,514.0340527772918,1.4387658084014716,12.79182206692702
2025-03-19 18:00:00,370.10355671343524,126.44020389248475,48.722022972353635,545.2657835782736,1.4732789612191257,11.944343838746297
2025-03-19 19:00:00,323.8258473047057,135.9621315162087,46.242010164382705,506.0299889852971,1.5626608968898812,13.590149500047389
2025-03-19 20:00:00,351.2566930875915,135.25645501846478,42.07940875788839,528.5925568639447,1.504861166395288,12.265520898387289
2025-03-19 21:00:00,315.91801728527935,109.83444059092355,32.65411766598618,458.4065755421891,1.4510301738448812,12.775993594486595
2025-03-19 22:00:00,296.1127266569458,83.78292269095117,41.61298536054587,421.50863470844286,1.4234735516679478,12.54780261602613
2025-03-19 23:00:00,279.757893824572,100.14937497949221,41.55901423305176,421.466283037116,1.5065393768706492,10.745487303817765
2025-03-20 00:00:00,233.10593248312063,90.6785956835907,35.45906062055342,359.24358878726474,1.5411173150356345,12.011642906047452
2025-03-20 01:00:00,204.5999845263833,46.96104256459313,24.136611402130058,275.6976384931065,1.3474958912206327,8.18724989807924
2025-03-20 02:00:00,199.41579241869107,71.8656548939554,38.39836118866685,309.67980850131335,1.552935225165684,8.633012321102827
2025-03-20 03:00:00,227.57998754956375,85.4920995817321,31.641859967974057,344.71394709926994,1.5146935844883815,9.302689975616495
2025-03-20 04:00:00,229.4738392577958,79.38067298544846,36.077902978320424,344.93241522156467,1.5031448305271098,4.511717916239254
2025-03-20 05:00:00,180.04388982131428,69.87626320710439,28.046529329898163,277.9666823583168,1.5438828978544432,7.593807774998689
2025-03-20 06:00:00,273.78868450310915,71.17543048529937,46.18191689492223,391.14603188333075,1.4286420660269796,5.858746288073033
2025-03-20 07:00:00,276.92154175695805,100.8608985454461,42.88071121025959,420.6631515126637,1.5190698016619502,4.711209053168902
2025-03-20 08:00:00,298.27256091211916,97.02166554492572,34.822930503482084,430.117156960527,1.4420272372531564,6.2096326490147495
2025-03-20 09:00:00,313.9471019204483,119.33354836879973,48.464939128385524,481.74558941763354,1.5344801288839547,2.8911503462576373
2025-03-20 10:00:00,331.41173127858434,120.51239739083299,40.45571186163445,492.37984053105174,1.4857043190096304,2.5842879241411314
2025-03-20 11:00:00,350.1499343849175,108.53754030262647,50.011542282971305,508.69901697051523,1.452803405101615,0.34477322803715715
2025-03-20 12:00:00,365.80103637538167,140.59838752341915,48.2015676468557,554.6009915456565,1.5161274474261741,2.1197882371860315
2025-03-20 13:00:00,375.76673930196586,119.35668944662966,36.53896899555025,531.6623977441458,1.414873489686117,4.621797059393977
2025-03-20 14:00:00,365.231884724017,123.26959579475727,49.69486395780082,538.1963444765751,1.473574370110804,7.588496784249484
2025-03-20 15:00:00,392.67298496307365,150.21091236701062,47.08265971613779,589.966557046222,1.5024373451657274,8.256218505561378
2025-03-20 16:00:00,400.0982406227252,130.3442361695812,40.13593411182572,570.578410904132,1.4260957759176003,10.401196390455185
2025-03-20 17:00:00,369.93290636298303,147.37367085198187,36.42981535227982,553.7363925672447,1.4968562759429442,14.804202069811662
2025-03-20 18:00:00,366.4798557984982,131.94756402670865,46.41337601610544,544.8407958413122,1.4866868866617386,11.535959149255785
2025-03-20 19:00:00,350.63456487485587,131.15053444204355,36.07932384617078,517.8644231630701,1.4769348918806675,10.13091846752916
2025-03-20 20:00:00,321.8235827696946,109.48450833709465,43.72482657140969,475.03291767819894,1.4760662148806694,10.350227019770774
2025-03-20 21:00:00,290.4034819308535,82.91284324107772,41.95238409697438,415.2687092689056,1.4299715227511738,12.819675133468209
2025-03-20 22:00:00,276.41772203686503,92.58443878296694,50.71804299263495,419.7202038124669,1.5184272582800968,13.27037290021418
2025-03-20 23:00:00,249.780389451117,74.2679551389121,42.72296149536259,366.7713060853917,1.4683751069944195,13.296634878517803
2025-03-21 00:00:00,208.76074678895833,67.14589863994404,30.46451016534349,306.37115559424586,1.467570701421012,8.461880447181088
2025-03-21 01:00:00,242.74901233820088,89.12925407378185,44.779119233965716,376.65738564594847,1.551633030420675,11.940230267739201
2025-03-21 02:00:00,262.59783719710316,92.20348225550975,32.28993160406101,387.0912510566739,1.474083926921787,9.14905006078192
2025-03-21 03:00:00,213.73541070646405,63.56426328787095,43.83122938740889,321.1309033817439,1.5024693489969834,7.784494149973475
2025-03-21 04:00:00,227.49945364818387,76.6807201427996,30.53059593541334,334.7107697263968,1.4712596639638953,6.182556169877969
2025-03-21 05:00:00,200.58062328131308,78.03473150092746,36.570205923490526,315.18556070573106,1.5713659452722173,7.90476627334687
2025-03-21 06:00:00,231.94315860144314,87.32734012114555,39.329166828718634,358.59966555130734,1.5460670093206024,5.695416106621923
2025-03-21 07:00:00,253.2262468217658,81.99458286765339,34.22377293813194,369.44460262755115,1.4589506706529756,6.218902408613934
2025-03-21 08:00:00,290.894790573246,104.59611668719634,54.60598348450384,450.09689074494617,1.547284122407183,6.244917669105502
2025-03-21 09:00:00,289.7283135056007,102.09773001960072,40.71403009358764,432.54007361878905,1.4929161336882173,1.8199036322447033
2025-03-21 10:00:00,331.3442871234265,106.9714884440707,49.56497167904137,487.8807472465386,1.472428426281579,5.1244536850744655
2025-03-21 11:00:00,338.4257147720245,101.61388335601774,43.52157778280379,483.56117591084603,1.428854708149438,8.081652061575461
2025-03-21 12:00:00,377.40915560571983,116.7635124357642,46.82419731613266,540.9968653576167,1.4334492349274042,2.7005133388296483
2025-03-21 13:00:00,369.0493483094124,140.95471189412615,46.06716378437294,556.0712239879115,1.5067665788741598,6.436766265266338
2025-03-21 14:00:00,372.46378298080367,143.00372394951916,47.48355057921026,562.951057509533,1.511424957895965,7.110281504031137
2025-03-21 15:00:00,380.271556019748,146.39040019684697,40.04854064759948,566.7104968641944,1.4902784283838584,8.871640643170085
2025-03-21 16:00:00,371.68960764771964,114.65838304564214,48.35551548982184,534.7035061831837,1.4385753466907945,7.935173356277074
2025-03-21 17:00:00,371.75665595158785,136.52413130882874,40.91267544247582,549.1934627028924,1.4772928847692544,12.184430562838628
2025-03-21 18:00:00,346.9320420180617,112.8633872846876,46.66349976599198,506.45892906874127,1.4598217164454774,10.862992355760374
2025-03-21 19:00:00,340.3963333597402,113.19964657077378,39.68861847489046,493.28459840540444,1.4491478023180928,11.481252816455234
2025-03-21 20:00:00,315.1759816162249,105.7727463859342,43.32093585340915,464.26966385556824,1.4730489978163621,11.674706019146472
2025-03-21 21:00:00,294.02757598504,114.61326866144707,41.496268791893094,450.1371134383802,1.5309350217589215,13.158327832125494
2025-03-21 22:00:00,264.81784564071444,75.09333041631102,29.555338527639925,369.4665145846654,1.3951722690393404,11.22324862579967
2025-03-21 23:00:00,250.0242516083967,80.85061049182477,36.58425109505706,367.4591131952785,1.469693883019058,10.99442163882705
2025-03-22 00:00:00,212.24699212094234,82.25320349894524,39.69460818866255,334.1948038085501,1.5745561360799856,9.932832766140713
2025-03-22 01:00:00,195.1306306015078,60.67765156637117,41.74394768333401,297.552229851213,1.5248873482035157,5.4789659845079814
2025-03-22 02:00:00,174.55683590363657,67.3932703640611,25.825746915544077,267.77585318324174,1.5340324645381769,6.544100697304769
2025-03-22 03:00:00,192.33918399147197,59.735037372374705,39.79638185433832,291.870603218185,1.5174786393558066,6.108399486469199
2025-03-22 04:00:00,182.5207402992372,74.05115894416375,31.572097407984938,288.14399665138586,1.5786918033478419,5.416720421706605
2025-03-22 05:00:00,155.6294627050881,56.665574510084795,34.268912295380034,246.56394951055293,1.5843012320731469,6.576129380565593
2025-03-22 06:00:00,176.64854361854358,70.09140987037676,32.45439944252861,279.194352931449,1.5805075276156464,5.188737342012838
2025-03-22 07:00:00,183.69859441354612,60.78612586324548,42.55552438850502,287.0402446652966,1.56256091986804,3.402494314549938
2025-03-22 08:00:00,202.1650055478831,78.10647133310844,31.931038680986894,312.20251556197843,1.5442955357970336,5.977362694470793
2025-03-22 09:00:00,268.05309612015554,80.62675562119023,33.10874235388188,381.78859409522767,1.4243021238004647,3.4328352454539486
2025-03-22 10:00:00,256.1218265614283,70.73171469045229,45.06893542721166,371.92247667909226,1.4521311270981831,2.8332553207164457
2025-03-22 11:00:00,269.93246020720875,75.11617381809167,36.10262709303214,381.15126111833257,1.412024551718414,6.304661182184709
2025-03-22 12:00:00,321.27606269405857,109.7063383376503,39.93194976354591,470.91435079525473,1.4657623317666595,4.76505151633256
2025-03-22 13:00:00,289.7500123768728,93.81964609934353,26.452396282796762,410.0220547590131,1.4150889982558639,3.1012913846716086
2025-03-22 14:00:00,305.66651460151144,91.38543718080646,30.784598574253472,427.8365503565714,1.3996840671747428,6.26209776955101
2025-03-22 15:00:00,330.2645206404373,99.44276747931097,45.240717079448224,474.94800519919653,1.4380836436145006,8.90790818588068
2025-03-22 16:00:00,320.7566730727127,110.972390592098,46.57916582430384,478.3082294891146,1.491187151017389,9.236035201721556
2025-03-22 17:00:00,317.25357476841816,123.8014343964239,36.53706357224889,477.592072737091,1.5053954020398768,10.140076680318655
2025-03-22 18:00:00,315.33931868717434,109.22177686917483,33.90680531090188,458.46790086725105,1.4538875227356738,11.166739295547753
2025-03-22 19:00:00,259.14722411859526,96.5034670351155,35.423080204313216,391.07377135802403,1.5090795307112932,13.243246274591424
2025-03-22 20:00:00,244.29935103254942,80.17442211035437,49.65231565580629,374.12608879871004,1.53142481638792,10.894125579432366
2025-03-22 21:00:00,261.3627753797688,103.23063975546295,47.70858137955702,412.30199651478875,1.5775084876402168,12.976036550230681
2025-03-22 22:00:00,231.2176958339201,88.56941893246062,43.34084664453729,363.127961410918,1.5705024656579352,12.964988885563407
2025-03-22 23:00:00,208.60618072896085,85.86437568519844,39.790358903036505,334.26091531719584,1.6023538427727435,11.769645030051729
2025-03-23 00:00:00,192.16513695228048,49.00188946195734,38.52784392603893,279.69487034027674,1.4554922644981756,10.336068543228402
2025-03-23 01:00:00,188.77173121361454,81.26801496030166,31.63509992728398,301.6748461012002,1.5980933382436602,9.149559950406992
2025-03-23 02:00:00,189.0619843841394,74.66723401937882,30.33509909640762,294.0643174999259,1.555385755935159,6.233126094142593
2025-03-23 03:00:00,151.05124923116773,48.27195702472613,36.29719785406701,235.62040410996087,1.5598706088777137,6.617707653092143
2025-03-23 04:00:00,180.34618197635544,57.64449381282073,37.18018680337237,275.17086259254853,1.525792559493304,5.833267624745098
2025-03-23 05:00:00,219.14520501097917,92.24810377258171,44.657530225170234,356.05083900873115,1.6247256652998316,8.554031053907948
2025-03-23 06:00:00,186.10696139106778,51.44776306154148,31.17456017815543,268.7292846307647,1.4439507400590035,4.398367584742181
2025-03-23 07:00:00,219.72176750826884,88.02018928749573,39.698414112530784,347.44037090829534,1.5812742399098898,6.6838680779003745
2025-03-23 08:00:00,265.24342307871854,86.82749672931726,45.14949221028139,397.2204120183172,1.497569317300021,4.006607352796112
2025-03-23 09:00:00,238.46609048691158,97.9289504904455,42.07525437731626,378.47029535467334,1.5871032002155712,3.806698915795489
2025-03-23 10:00:00,261.2166276430744,79.70811849060081,38.13411242175004,379.0588585554252,1.4511283679589115,3.9723215426031837
2025-03-23 11:00:00,251.77823800332425,79.43387202358994,34.0633934869288,365.275503513843,1.4507826665663623,2.879913399583471
2025-03-23 12:00:00,289.6253088457444,101.79932379054586,41.774071543131676,433.198704179422,1.4957211643756774,6.093548798589887
2025-03-23 13:00:00,295.98575831340776,122.1109446993192,31.120530555933264,449.2172335686602,1.5176988113495706,8.022490536675477
2025-03-23 14:00:00,328.81730603678716,126.97933838870838,31.415803594456587,487.2124480199521,1.481711695446602,7.261931233228786
2025-03-23 15:00:00,343.31954066285766,115.8128446786236,37.05198665143745,496.1843719929187,1.445255259968367,9.423097603073927
2025-03-23 16:00:00,320.0283765652861,125.70059472067622,41.865390678613466,487.5943619645758,1.5235972734596115,8.716344639947055
2025-03-23 17:00:00,316.4985771795818,116.9712438736573,38.358620880915126,471.8284419341542,1.4907758705861038,7.725545616280401
2025-03-23 18:00:00,282.7486289564768,97.49120619504109,35.01391223701477,415.2537473885327,1.468632222625038,13.349625924877685
2025-03-23 19:00:00,319.3298976561506,130.59874027868005,40.5074964739732,490.43613440880387,1.535829053303671,8.65471651347849
2025-03-23 20:00:00,277.4145660880667,84.46422620430458,36.44658047964914,398.3253727720204,1.4358488034315038,12.789308237330362
2025-03-23 21:00:00,260.4759238327823,77.51379527236439,32.606323338826826,370.59604244397354,1.4227650563277587,13.015763787145739
2025-03-23 22:00:00,271.1512983902809,87.04412901989431,50.65629536704939,408.85172277722455,1.507836123981029,10.424940091345963
2025-03-23 23:00:00,208.99724415503195,74.16854666225159,46.730414742146145,329.8962055594297,1.5784715578101889,10.848271359466198
2025-03-24 00:00:00,236.28388154790017,76.64135406195368,51.39473751546088,364.31997312531473,1.541873998085048,12.307229979319962
2025-03-24 01:00:00,215.57883012682765,76.52763265721175,41.549042919815186,333.6555057038546,1.5477192519671852,12.915786039665315
2025-03-24 02:00:00,182.7916390540907,77.6321994283427,38.669300836335914,299.0931393187693,1.6362517501703857,9.579878621120672
2025-03-24 03:00:00,236.534340065557,94.96232461788847,37.244494657013114,368.7411593404586,1.5589328773076232,6.752546593521537
2025-03-24 04:00:00,209.02116560973397,75.38469818823674,34.77758836951117,319.1834521674819,1.5270389064973129,6.2282744317739365
2025-03-24 05:00:00,203.00793288562383,54.5414400098049,35.85849191329826,293.407864808727,1.4453024600473874,6.688281213108409
2025-03-24 06:00:00,218.14684167778597,86.94212180352827,38.35634097477327,343.4453044560875,1.5743766988081074,1.4064740158154088
2025-03-24 07:00:00,264.4123777321664,94.50845986529617,35.489070474937336,394.40990807239996,1.4916469170437743,5.4897132333804235
2025-03-24 08:00:00,301.0542048671505,113.44464941065982,35.405151815579345,449.9040060933897,1.4944285740567012,6.04466242412678
2025-03-24 09:00:00,303.880248798533,114.6571763081925,35.29934789987322,453.8367730065987,1.493472428040179,3.6908911023993274
2025-03-24 10:00:00,305.6080234690647,110.47969163414129,33.45864468907687,449.54635979228283,1.4709900436818486,6.05650780394469
2025-03-24 11:00:00,326.2555595023716,116.93695379780928,43.59587913927149,486.7883924394524,1.4920462755697925,2.372965428150273
2025-03-24 12:00:00,375.77261479344617,129.11399150908963,35.1655003156823,540.0521066182181,1.4371779245144638,4.517265642598234
2025-03-24 13:00:00,402.5562132976322,141.4830656275582,50.66754478199025,594.7068237071807,1.4773261573470755,7.623169313588256
2025-03-24 14:00:00,388.01848291527966,123.7199946237478,40.62485930233095,552.3633368413584,1.4235490348070918,8.62705349157764
2025-03-24 15:00:00,350.7648103191006,126.9839553237855,44.06578705836039,521.8145527012465,1.4876479548405586,8.440849877776396
2025-03-24 16:00:00,399.2865823924697,153.36497927854413,43.60628112816315,596.257842799177,1.4933079875273616,9.095497850523572
2025-03-24 17:00:00,358.1475159049637,139.90684835188085,23.527047454996453,521.581411711841,1.4563312281921434,7.991000450850965
2025-03-24 18:00:00,370.48757896515036,124.24847680160593,28.756303666657693,523.492359433414,1.4129822135890173,8.34670535087376
2025-03-24 19:00:00,352.7138789952031,130.77364623979804,39.62931834836273,523.1168435833639,1.4831195332420652,9.322305340307718
2025-03-24 20:00:00,333.6400600782694,118.28650699464754,34.69048667688687,486.6170537498038,1.4585090700308805,11.227556396995737
2025-03-24 21:00:00,282.95604711097485,82.55433343620408,24.73169870086548,390.2420792480444,1.3791614748385008,12.694561791073728
2025-03-24 22:00:00,261.5539213915961,79.87321865651147,33.14966313808063,374.5768031861882,1.4321207695654288,9.178888138597763
2025-03-24 23:00:00,258.9108953872872,93.89644620299913,39.15157100650054,391.9589125967869,1.5138756984733384,13.695466298346503
2025-03-25 00:00:00,249.84689503832095,95.5646717045681,37.690706949542175,383.1022736924312,1.533348147607245,10.37107147599796
2025-03-25 01:00:00,219.32966146890888,67.393476597852,27.972592724889992,314.6957307916509,1.4348069872722646,10.207752944239793
2025-03-25 02:00:00,200.8079645139912,69.76882727785986,32.780023146359724,303.3568149382108,1.510681190720772,11.987796383240811
2025-03-25 03:00:00,185.76808000902943,72.34683114477092,42.75761017482186,300.8725213286222,1.6196136672887937,6.490125526876881
2025-03-25 04:00:00,172.81075140579458,71.5555126006893,30.239129604016938,274.6053936105008,1.5890527144672373,3.9785730227722396
2025-03-25 05:00:00,220.1156828786033,85.10498097601771,37.59124992522146,342.8119137798425,1.5574170331557327,2.7935561055710756
2025-03-25 06:00:00,220.0355985804553,78.00346456538091,32.12746751141886,330.166530657255,1.5005141567423723,6.373391143021289
2025-03-25 07:00:00,208.02418631643417,59.01585900068572,30.6866009038012,297.7266462209211,1.4312116850106882,1.9484069179314458
2025-03-25 08:00:00,298.1621978291333,103.90331948649245,38.19771950825108,440.2632368238768,1.4765897220685797,2.168778949628918
2025-03-25 09:00:00,316.82237260671167,96.5826179425051,41.925955847354174,455.330946396571,1.4371805332125245,1.4733614978166547
2025-03-25 10:00:00,344.06589174350586,117.8130235719602,47.57283210570148,509.45174742116757,1.4806807639071458,3.5700647974584667
2025-03-25 11:00:00,335.4626784280774,114.02552622693976,44.452071297268866,493.940275952286,1.472414988954385,4.950901749017872
2025-03-25 12:00:00,368.04725185391817,114.05788849359723,50.28937706880111,532.3945174163165,1.4465384939964978,5.073881142674249
2025-03-25 13:00:00,351.21882652201174,127.98615608316402,47.00916324213029,526.2141458473061,1.4982515346862448,5.815960482431356
2025-03-25 14:00:00,384.46045667180863,136.89708230960142,48.714312320910366,570.0718513023204,1.4827840975826478,6.701110515628284
2025-03-25 15:00:00,388.0696138786514,123.37855389733988,41.25609196270857,552.7042597386999,1.4242399816222906,10.24727361779566
2025-03-25 16:00:00,397.94718661099483,146.55840857529267,44.356162960154705,588.8617581464423,1.4797485142722522,8.874147131791663
2025-03-25 17:00:00,354.6332607953523,134.07253237253605,43.509496709946,532.2152898778344,1.5007483750514847,8.817392146378916
2025-03-25 18:00:00,375.2587970443628,143.24833113338,48.98393104009,567.4910592178328,1.5122658381030425,10.540691300687893
2025-03-25 19:00:00,364.86633423698237,138.99177663554045,53.667592800279266,557.5257036728021,1.5280272564436888,8.937022527319822
2025-03-25 20:00:00,340.22046281837083,112.26447482405224,33.89480963990939,486.37974728233246,1.4296016860749197,11.383233046041616
2025-03-25 21:00:00,311.82140708652673,104.22343114987092,46.70619033981697,462.7510285762146,1.484025849603734,11.785215894266958
2025-03-25 22:00:00,296.3017063993863,105.75594571427622,35.35243949840405,437.4100916120666,1.4762321045241626,12.916169032623444
2025-03-25 23:00:00,264.1509983002606,105.76904144886146,35.30356739188775,405.2236071410098,1.5340604796064101,10.946063827169878
2025-03-26 00:00:00,224.5327059021785,92.45852462665735,52.3891960906693,369.38042661950516,1.645107447199394,10.234781247816679
2025-03-26 01:00:00,194.96180660866472,78.7226265703189,20.99033303672634,294.67476621570995,1.5114486849580397,9.408586860463279
2025-03-26 02:00:00,183.2006005903299,74.76262498101985,37.10328780784438,295.06651337919413,1.610619792884942,9.69866140921185
2025-03-26 03:00:00,202.21232846038745,76.56160799978488,35.83178870094815,314.60572516112046,1.5558187156860241,5.16820381455386
2025-03-26 04:00:00,192.17273211521,73.47123576245392,39.7575012563174,305.4014691339813,1.5892029309906945,3.5133461033186206
2025-03-26 05:00:00,214.40756975583852,68.41721899370239,37.432836540963336,320.2576252905043,1.4936861868039684,7.897355544663341
2025-03-26 06:00:00,232.4353744358555,85.27799500470269,35.32683374726186,353.04020318782,1.5188746723457425,6.166894510312762
2025-03-26 07:00:00,233.73644886136034,91.16480499217415,43.7200916573133,368.6213455108478,1.5770811412023025,4.918076431314974
2025-03-26 08:00:00,290.76154666838903,104.24324324336928,44.17608596200462,439.1808758737629,1.510450336043386,3.9950370514061473
2025-03-26 09:00:00,269.0498157323501,102.06615671697016,38.29675415892295,409.41272660824325,1.5216985950866648,4.272340418867216
2025-03-26 10:00:00,300.9487308660971,121.95011836579155,36.28689586889595,459.18574510078463,1.5257939243647878,2.1291272825682306
2025-03-26 11:00:00,346.54478292141727,116.81633114541282,41.82821367141166,505.18932773824173,1.4577894478151725,2.0857348963053317
2025-03-26 12:00:00,357.36829965944327,123.62626437949504,42.76770233931803,523.7622663782563,1.4656091961077111,4.88025499300293
2025-03-26 13:00:00,346.73847584684046,137.83634516962607,46.598678062593876,531.1734990790604,1.5319139238348838,6.380741950926108
2025-03-26 14:00:00,388.7780960599646,139.84396332095727,35.49902726071713,564.1210866416391,1.4510104667898518,7.069285851858142
2025-03-26 15:00:00,362.3772259540033,137.1719334215754,45.2770429226476,544.8262022982263,1.5034780424291383,5.666782852981575
2025-03-26 16:00:00,394.35530520100855,120.7784196902827,36.05356070177511,551.1872855930663,1.3976920769764167,10.804130589302718
2025-03-26 17:00:00,356.6135590906416,112.92017439009258,45.5218720745637,515.0556055552979,1.4442961924069313,10.43743089639305
2025-03-26 18:00:00,337.3694744835905,87.04180055745684,36.088024524512235,460.49929956555957,1.3649702607814271,11.525763662534638
2025-03-26 19:00:00,330.23716768538577,114.69739736099416,35.54400304247278,480.47856808885274,1.4549500029221445,11.402103682923023
2025-03-26 20:00:00,323.4553730201072,94.69873678951143,42.185065750757424,460.339175560376,1.4231922359557145,14.721745487806473
2025-03-26 21:00:00,304.8450443614977,86.20527727648225,40.23093385881709,431.28125549679703,1.4147556716892735,12.075355226611954
2025-03-26 22:00:00,257.5491909393636,87.0236428259639,36.31533005531396,380.88816382064147,1.4788948178459482,9.4851991080907
2025-03-26 23:00:00,241.1150499771132,87.7168739485204,35.109572308339494,363.9414962339731,1.5094101188147264,12.898297823303475
2025-03-27 00:00:00,231.42597374830297,94.63687058390374,38.235668667447946,364.2985129996547,1.574147046242367,11.832968106446877
2025-03-27 01:00:00,223.15725758243593,79.92973489290236,34.357610864337396,337.4446033396757,1.5121381531363425,8.263104255177971
2025-03-27 02:00:00,195.9693661627738,69.71699927695431,27.430698787182266,293.1170642269104,1.4957290007431308,7.147890448299399
2025-03-27 03:00:00,214.8704882713033,69.72935695524257,41.67707961384195,326.27692484038784,1.518481795547552,4.927971411961203
2025-03-27 04:00:00,209.6313950307854,76.27573635015924,36.68854921282807,322.5956805937727,1.538871029057446,6.9633756116787495
2025-03-27 05:00:00,201.79881444393686,61.89085620651501,33.18110882233281,296.8707794727847,1.4711225152180487,5.250795667340553
2025-03-27 06:00:00,239.52497112625645,84.30816736532275,46.637077582808374,370.47021607438757,1.54668723821329,5.772800947589919
2025-03-27 07:00:00,247.28013965927474,90.48008091049648,29.98702405940517,367.74724462917635,1.4871685414602736,6.49780918009871
2025-03-27 08:00:00,309.8749907632273,112.49805008033026,47.424717521918055,469.7977583654756,1.5160880108728874,3.620257467114821
2025-03-27 09:00:00,319.3844517107213,124.44999356588195,38.44334467318879,482.277789949792,1.5100227558560346,1.7890523328364203
2025-03-27 10:00:00,336.35002884085685,104.80257914058187,44.549290793956885,485.70189877539565,1.4440370362067199,5.56102599501419
2025-03-27 11:00:00,348.07052951164127,135.87852726597507,50.94983089324339,534.8988876708597,1.5367543136195618,3.402640150852185
2025-03-27 12:00:00,373.8036758150513,108.275891005417,46.92827362417985,529.0078404446482,1.4152023499800683,6.615178059458158
2025-03-27 13:00:00,388.84235290209347,147.33415352519359,39.40285718539837,575.5793636126854,1.4802383519102158,6.141127773396674
2025-03-27 14:00:00,365.014289278292,114.01786672590504,44.919936342942286,523.9520923471393,1.4354289893228562,5.212630239816503
2025-03-27 15:00:00,404.9663954090458,125.79897986742776,57.46791227893113,588.2332875554048,1.4525483946914806,8.999755804091112
2025-03-27 16:00:00,363.86844101603606,119.00489231991558,43.22576195336152,526.0990952893131,1.4458497522353895,6.514555205385859
2025-03-27 17:00:00,357.8860000536484,122.45579040950807,32.79644122341965,513.1382316865761,1.4338035899969679,11.755387098413467
2025-03-27 18:00:00,347.768913457248,143.793579209826,42.6053477262665,534.1678403933405,1.5359850168408078,5.9688872878884025
2025-03-27 19:00:00,345.68647426336395,126.43724102733273,41.542644217737454,513.6663595084341,1.4859313214467667,12.295572563326179
2025-03-27 20:00:00,331.6575149850433,120.26609621806158,31.16769207166465,483.09130327476953,1.4565968851830642,11.817270622235458
2025-03-27 21:00:00,316.3927524927197,91.79325633486363,44.70986532483757,452.8958741524209,1.431435677916934,9.22145164542913
2025-03-27 22:00:00,252.98511651384518,90.49474123532218,32.72019696471882,376.2000547138862,1.487044217849463,13.122502585571679
2025-03-27 23:00:00,246.46510460688674,100.78867676051527,37.70001484858138,384.95379621598335,1.5618997944150628,9.885375321028889
2025-03-28 00:00:00,221.2045816897909,77.90475909604636,39.12695316196447,338.23629394780176,1.5290654983906788,12.74908199641537
2025-03-28 01:00:00,227.62113571511975,77.52806172396332,33.330243578382266,338.4794410174653,1.4870299278406676,10.853614267030714
2025-03-28 02:00:00,206.7986358411533,56.616238381125584,45.859016914996644,309.2738911372755,1.4955315825914623,7.941352392966595
2025-03-28 03:00:00,263.043332252985,80.5300269868348,32.39771492948706,375.97107416930686,1.4293123150056215,10.079662323572645
2025-03-28 04:00:00,236.17741984683255,80.31651455179686,43.30343581728623,359.79737021591563,1.5234198529616165,6.656062365694611
2025-03-28 05:00:00,226.15278475568593,85.3270967560482,36.048089305418884,347.527970817153,1.5366955184416118,2.3154753698940276
2025-03-28 06:00:00,202.59877602531495,61.43754944061568,29.633169823060847,293.66949528899147,1.4495126824078006,2.4503564842547734
2025-03-28 07:00:00,255.1873359386713,90.87207114627319,40.63225066472074,386.69165774966524,1.5153246391607698,3.4381164379304905
2025-03-28 08:00:00,264.4666077711775,103.92318119856242,35.48949869591496,403.8792876656549,1.5271466256908335,0.9661113077109387
2025-03-28 09:00:00,304.03342349260987,120.65825671539476,46.85891996422084,471.5506001722255,1.5509827661552724,4.719443296489093
2025-03-28 10:00:00,314.3515223159837,112.35177742142866,45.7902913933484,472.49359113076076,1.5030739716151713,3.280363932775553
2025-03-28 11:00:00,338.4512059673289,120.56349668512523,46.32666814626767,505.3413707987218,1.49309963116959,4.79159651223964
2025-03-28 12:00:00,323.2396132279971,99.2875045785057,44.40610909519139,466.9332269016942,1.4445420913566767,3.6900979735417323
2025-03-28 13:00:00,365.51161980182405,136.17080972542811,38.37526633582142,540.0576958630736,1.4775390619753384,3.085127778898903
2025-03-28 14:00:00,405.69943789785555,141.57655562326605,36.004257673047974,583.2802511941695,1.4377152066476961,7.411294500837094
2025-03-28 15:00:00,387.23630739608217,131.4101554951797,50.524143217134224,569.1706061083961,1.469827583925966,4.80552432110477
2025-03-28 16:00:00,394.14000474842686,133.9766822870826,52.18537918274164,580.3020662182511,1.47232470499575,6.9200478232789875
2025-03-28 17:00:00,379.0635327333949,121.65697737383312,38.514006638163266,539.2345167453913,1.4225439014326096,8.566920821525613
2025-03-28 18:00:00,350.4746231928193,131.03438289545417,45.061351115002765,526.5703572032762,1.5024493140365687,8.878921413057672
2025-03-28 19:00:00,368.86849431054384,127.67883414045482,40.47893916393674,537.0262676149354,1.455874589177634,9.673107977783753
2025-03-28 20:00:00,298.52373000804977,114.13428075862075,43.81096710943007,456.46897787610055,1.5290877474423616,11.083719271135504
2025-03-28 21:00:00,318.76542080178183,107.57281049511961,44.209742615658485,470.5479739125599,1.4761575227607926,11.286670911862586
2025-03-28 22:00:00,274.00506288474185,102.09302444692251,35.36311642594752,411.4612037576119,1.5016554782810343,10.670670913634249
2025-03-28 23:00:00,252.1996289719234,78.92964284672132,36.7982163708571,367.92748818950184,1.4588740264580724,11.659839109208264
2025-03-29 00:00:00,173.08658224091147,66.24302806292509,30.857862788757625,270.1874730925942,1.5609960610148992,12.93462925350908
2025-03-29 01:00:00,204.45482704806878,87.16342477832072,36.07813639013007,327.69638821651955,1.6027813720410515,8.860536943175267
2025-03-29 02:00:00,165.09201827108134,40.0,24.399924948175958,229.4919432192573,1.3900850302915988,10.443673310574905
2025-03-29 03:00:00,167.17909422796245,55.2857388578982,34.01167905097752,256.47651213683815,1.5341422521832264,6.838400912602142
2025-03-29 04:00:00,177.24995059136134,73.674465296613,34.787530725348695,285.71194661332305,1.6119155218949204,7.6707703202211075
2025-03-29 05:00:00,210.39072614369022,73.46748271059013,29.799665562979982,313.65787441726036,1.4908350770320644,4.789657768005029
2025-03-29 06:00:00,185.44489553377227,73.12935571308184,31.823902517415828,290.3981537642699,1.5659538804150266,4.669172192659334
2025-03-29 07:00:00,172.77792296839402,62.99561793724589,19.96021861718383,255.73375952282376,1.480129840255139,4.529491979426089
2025-03-29 08:00:00,191.50106980754893,60.460714544856124,26.06021927087165,278.0220036232767,1.4518039189163692,2.8671562120427034
2025-03-29 09:00:00,222.15363529769417,62.839974956475636,42.3136987015935,327.30730895576335,1.4733376229345037,6.0143161593026075
2025-03-29 10:00:00,258.75590828312755,77.53286870211606,32.47080392352345,368.759580908767,1.4251252593825792,2.5415887274415425
2025-03-29 11:00:00,265.1885296697878,100.22904049219365,48.72516797232848,414.14273813430987,1.5616917468112197,1.256465391735703
2025-03-29 12:00:00,277.47275641531024,94.88822296487572,42.27652748973973,414.63750686992574,1.4943359204941646,3.000952999991801
2025-03-29 13:00:00,325.9349600293864,120.84298818919677,39.457722044688104,486.2356702632713,1.491818092233592,6.281480018799684
2025-03-29 14:00:00,353.319788738169,109.24678000925898,37.147917336579184,499.71448608400715,1.4143404983589112,6.58260451782042
2025-03-29 15:00:00,332.8648562602179,110.09784046520602,40.90454736867316,483.8672440940971,1.453644729967626,8.089413176611846
2025-03-29 16:00:00,323.7349955961607,114.03090047771104,40.179673383465,477.9455694573367,1.4763481735337138,10.811011737615758
2025-03-29 17:00:00,296.4182564078998,98.17767280119769,35.42249014616027,430.0184193552577,1.450715028711023,8.692659341369607
2025-03-29 18:00:00,302.19036417009335,109.25067505595833,48.12820222844944,459.5692414545011,1.5207938304605377,9.555822436025124
2025-03-29 19:00:00,292.99475561514924,98.16651280386495,42.51898200791332,433.6802504269275,1.480163866811902,11.011874122867338
2025-03-29 20:00:00,262.28729971393227,90.07549432284922,38.714314379208105,391.07710841598964,1.4910257143312848,11.282956705257904
2025-03-29 21:00:00,247.46145317592976,88.47697685044795,31.79962530246825,367.738055328846,1.4860417677552673,9.63227737073383
2025-03-29 22:00:00,211.9602306789214,87.99821459979971,37.60848482649632,337.56693010521747,1.592595596938021,8.963392868041078
2025-03-29 23:00:00,223.50665916018514,71.92644367602203,23.870047043037427,319.3031498792446,1.4286068749763872,12.366987958086625
2025-03-30 00:00:00,174.53248925846097,78.21930767260416,43.869506963029885,296.62130389409504,1.699519127667031,9.50854258560193
2025-03-30 01:00:00,212.05198739235593,71.55133037126193,38.09801935762738,321.7013371212452,1.5170871118788767,8.437647346790925
2025-03-30 02:00:00,176.85663897145338,65.9125179029899,23.428711331560326,266.19786820600365,1.505161863044174,7.126672660746912
2025-03-30 03:00:00,157.89852544744608,51.671240091295154,40.153658914064714,249.72342445280594,1.5815437398490606,5.209377997122013
2025-03-30 04:00:00,186.89816564514769,65.4597056723409,38.44442221517563,290.80229353266424,1.555939794961889,9.324707850904092
2025-03-30 05:00:00,173.56360912641748,65.74276804381985,23.068505611993434,262.37488278223077,1.5116929412958127,6.596297092856536
2025-03-30 06:00:00,180.76262101273036,62.55024850542627,29.764965617296905,273.07783513545354,1.510698581407612,6.660659218890415
2025-03-30 07:00:00,223.45423393085858,73.92684715719824,34.26610698383726,331.6471880718941,1.4841839522920506,6.152359824663684
2025-03-30 08:00:00,246.72769350300567,76.83491751103635,33.63710960054194,357.19972061458395,1.4477487935914761,1.9661030100193178
2025-03-30 09:00:00,216.39388279067936,85.64644180772012,36.78582417322952,338.826148771629,1.5657843207119675,4.839086610288922
2025-03-30 10:00:00,259.4037640598694,95.7647049112523,37.36037477967243,392.5288437507941,1.513196407050593,2.291719574412079
2025-03-30 11:00:00,319.894813083425,107.57015472319385,35.699977188668335,463.1649449952872,1.447866379985658,2.3533287498742457
2025-03-30 12:00:00,287.78799547277333,76.59822469703215,35.22275294695196,399.60897311675745,1.3885533080012127,4.726876141104535
2025-03-30 13:00:00,297.4588187816404,96.30919045842467,26.327389007856194,420.09539824792125,1.4122808662005288,3.834058340955276
2025-03-30 14:00:00,299.1142299930099,107.72094311342016,39.68627263417635,446.52144574060645,1.4928124474420401,4.060035065541733
2025-03-30 15:00:00,269.26473993028566,93.36369579227399,35.846617710490115,398.47505343304977,1.4798634739038519,7.391763725454146
2025-03-30 16:00:00,322.1302783547439,121.19707281539326,40.143788017336,483.47113918747317,1.50085593213021,6.750638193439295
2025-03-30 17:00:00,302.70143162835996,105.1324565422428,43.87671014196517,451.710598312568,1.4922644927135766,8.843400667179607
2025-03-30 18:00:00,302.02684140686284,118.28999595648696,36.76971504308878,457.0865524064386,1.5133971215183937,8.945517161465336
2025-03-30 19:00:00,310.4295502538298,93.36146816556808,44.09227487249139,447.8832932918893,1.442785626966464,11.021780365028095
2025-03-30 20:00:00,281.05235638445987,97.8051265188232,42.398534893251664,421.25601779653476,1.4988524672616022,11.038030057147468
2025-03-30 21:00:00,259.808797571348,90.70020872287061,35.03826845959834,385.54727475381696,1.4839654328793042,13.618725707416862
2025-03-30 22:00:00,193.05391772315124,55.261005108590865,31.53648183492568,279.8514046666678,1.4496023078277458,12.22740396559218
2025-03-30 23:00:00,162.59777315865458,57.36638661283458,35.763664592451796,255.72782436394095,1.572763386583498,9.397898784230014
2025-03-31 00:00:00,250.5152713081444,100.9600959284933,34.96175098935125,386.4371182259889,1.5425691064983216,5.346495632163664
2025-03-31 01:00:00,225.4340577365137,86.01595145104736,31.14884495656173,342.59885414412275,1.5197297940870618,8.142990188160153
2025-03-31 02:00:00,224.94734713791578,63.521217017530134,36.676067850329346,325.14463200577524,1.4454255013126616,8.598853263367397
2025-03-31 03:00:00,218.36721741915795,67.09533718427335,37.87791588287876,323.34047048631004,1.480718920668641,7.468248701368217
2025-03-31 04:00:00,228.67690025811228,78.65283002643878,34.318798921607,341.64852920615806,1.4940229153908087,6.275310174993969
2025-03-31 05:00:00,245.12569675218168,97.43674365789542,41.196225494990905,383.758665905068,1.5655586949459737,6.607639328514957
2025-03-31 06:00:00,259.3325316554037,88.86480778662971,43.66933074170871,391.8666701837422,1.5110586692781274,1.251207937585204
2025-03-31 07:00:00,248.51074044490343,83.31771313456915,41.60587599246477,373.4343295719373,1.5026888934594371,4.114867201022271
2025-03-31 08:00:00,294.9465279707098,101.47895189101592,40.813636092467426,437.23911595419315,1.4824352026195542,1.4160171488212212
2025-03-31 09:00:00,279.7868382696439,90.87114382522464,46.06545210384558,416.72343419871413,1.4894318716918982,2.436494788489109
2025-03-31 10:00:00,322.063475895257,88.86887315096135,38.668092395543646,449.600441441762,1.3959994693343716,4.25677896636906
2025-03-31 11:00:00,321.3306405079182,103.9667849712481,50.08056590452032,475.3779913836866,1.4794044870177028,2.0978684172290887
2025-03-31 12:00:00,378.72792094060287,139.19122492020696,39.700441473710114,557.61958733452,1.4723487667601178,4.029009576046296
2025-03-31 13:00:00,379.2327529952487,131.47589969506777,45.39168246474863,556.1003351550651,1.466382665428775,3.7721813560123003
2025-03-31 14:00:00,377.5198222390553,150.0109629762438,38.795832254482605,566.3266174697817,1.500124189799944,5.828241579851479
2025-03-31 15:00:00,377.31403508623964,132.52013485895898,38.482311722948474,548.316481668147,1.453209874747497,5.446409586861344
2025-03-31 16:00:00,387.81876188479833,131.53019477127168,38.44808518910469,557.7970418451746,1.4382930808563315,5.086288017202484
2025-03-31 17:00:00,404.54401522302356,138.5196242720294,44.447335568806885,587.5109750638599,1.4522794874124323,12.150689166450372
2025-03-31 18:00:00,391.51906457264846,126.32868202488258,43.95555521789313,561.8033018154241,1.4349321722778547,13.458884425553526
2025-03-31 19:00:00,309.3659479700293,115.9031236029721,42.437016889802145,467.7060884628035,1.5118214901535119,9.943163888668593
2025-03-31 20:00:00,325.0140630401077,125.95122880985494,33.28696240977299,484.25225425973565,1.4899424650433586,11.457265355395322
2025-03-31 21:00:00,319.27977946228697,129.5508762707767,39.39497283327526,488.22562856633897,1.529146723255012,13.25122729502071
2025-03-31 22:00:00,294.0946650307282,104.82110075242548,40.990147496142434,439.9059132792961,1.4957969850739488,11.769265657894893
2025-03-31 23:00:00,269.1110654819299,83.76196289848366,41.54549083910527,394.4185192195189,1.465634712988058,10.602559044476994
